ISO-10303-21;
HEADER;
/* Generated by software containing ST-Developer
 * from STEP Tools, Inc. (www.steptools.com) 
 */

FILE_DESCRIPTION(
/* description */ ('',
'CAx-IF Rec.Pracs.---Representation and Presentation of Product Manufa
cturing Information (PMI)---4.0---2014-10-13'),
/* implementation_level */ '2;1');

FILE_NAME(
/* name */ 'LoRa_Module_RA-01_AiThinker.step',
/* time_stamp */ '2025-01-16T18:31:17+01:00',
/* author */ (''),
/* organization */ (''),
/* preprocessor_version */ 'ST-DEVELOPER v20',
/* originating_system */ 'Autodesk Translation Framework v13.20.0.188',

/* authorisation */ '');

FILE_SCHEMA (('AP242_MANAGED_MODEL_BASED_3D_ENGINEERING_MIM_LF { 1 0 10303 442 1 1 4 }'));
ENDSEC;

DATA;
#10=MECHANICAL_DESIGN_GEOMETRIC_PRESENTATION_REPRESENTATION('',(#531,#532,
#533,#534,#535,#536,#537,#538,#539,#540,#541,#542,#543,#544,#545,#546,#547,
#548,#549,#550,#551,#552,#553,#554,#555,#556,#557,#558,#559,#560,#561,#562,
#563,#564,#565,#566,#567,#568,#569,#570,#571,#572,#573,#574,#575,#576,#577,
#578,#579,#580,#581,#582,#583,#584,#585,#586,#587,#588,#589,#590,#591,#592,
#593),#14178);
#11=SHAPE_REPRESENTATION_RELATIONSHIP('SRR','None',#14185,#12);
#12=ADVANCED_BREP_SHAPE_REPRESENTATION('',(#13,#14,#15,#16,#17,#18,#19,
#20,#21),#14177);
#13=MANIFOLD_SOLID_BREP('Corpo6',#7886);
#14=MANIFOLD_SOLID_BREP('Corpo9',#7887);
#15=MANIFOLD_SOLID_BREP('Corpo10',#7888);
#16=MANIFOLD_SOLID_BREP('Corpo11',#7889);
#17=MANIFOLD_SOLID_BREP('Corpo12',#7890);
#18=MANIFOLD_SOLID_BREP('Corpo13',#7891);
#19=MANIFOLD_SOLID_BREP('Corpo14',#7892);
#20=MANIFOLD_SOLID_BREP('Corpo15',#7893);
#21=MANIFOLD_SOLID_BREP('Corpo16',#7894);
#22=ELLIPSE('',#8189,0.318198051533946,0.225);
#23=ELLIPSE('',#8191,0.318198051533947,0.225);
#24=ELLIPSE('',#8194,0.318198051533946,0.225);
#25=ELLIPSE('',#8200,0.318198051533946,0.225);
#26=ELLIPSE('',#8202,0.318198051533947,0.225);
#27=ELLIPSE('',#8204,0.318198051533946,0.225);
#28=ELLIPSE('',#8206,0.318198051533947,0.225);
#29=B_SPLINE_SURFACE_WITH_KNOTS('',3,1,((#11232,#11233),(#11234,#11235),
(#11236,#11237),(#11238,#11239),(#11240,#11241)),.UNSPECIFIED.,.F.,.F.,
 .F.,(4,1,4),(2,2),(-0.0352045833260349,-0.0228153349450587,0.),(0.,0.0025),
 .UNSPECIFIED.);
#30=B_SPLINE_SURFACE_WITH_KNOTS('',3,1,((#11255,#11256),(#11257,#11258),
(#11259,#11260),(#11261,#11262),(#11263,#11264)),.UNSPECIFIED.,.F.,.F.,
 .F.,(4,1,4),(2,2),(-0.0138473228864084,-0.00701685299736077,0.),(0.,0.0025),
 .UNSPECIFIED.);
#31=B_SPLINE_SURFACE_WITH_KNOTS('',3,1,((#11278,#11279),(#11280,#11281),
(#11282,#11283),(#11284,#11285),(#11286,#11287)),.UNSPECIFIED.,.F.,.F.,
 .F.,(4,1,4),(2,2),(-0.0152055307722959,-0.0071684073641425,0.),(0.,0.0025),
 .UNSPECIFIED.);
#32=B_SPLINE_SURFACE_WITH_KNOTS('',3,1,((#11301,#11302),(#11303,#11304),
(#11305,#11306),(#11307,#11308),(#11309,#11310)),.UNSPECIFIED.,.F.,.F.,
 .F.,(4,1,4),(2,2),(-0.0168737894887729,-0.00891214258584425,0.),(0.,0.0025),
 .UNSPECIFIED.);
#33=B_SPLINE_SURFACE_WITH_KNOTS('',3,1,((#11324,#11325),(#11326,#11327),
(#11328,#11329),(#11330,#11331),(#11332,#11333)),.UNSPECIFIED.,.F.,.F.,
 .F.,(4,1,4),(2,2),(-0.01680005032762,-0.00796098445043325,0.),(0.,0.0025),
 .UNSPECIFIED.);
#34=B_SPLINE_SURFACE_WITH_KNOTS('',3,1,((#11347,#11348),(#11349,#11350),
(#11351,#11352),(#11353,#11354),(#11355,#11356)),.UNSPECIFIED.,.F.,.F.,
 .F.,(4,1,4),(2,2),(-0.028490140044442,-0.0095050474439511,0.),(0.,0.0025),
 .UNSPECIFIED.);
#35=B_SPLINE_SURFACE_WITH_KNOTS('',3,1,((#11389,#11390),(#11391,#11392),
(#11393,#11394),(#11395,#11396),(#11397,#11398)),.UNSPECIFIED.,.F.,.F.,
 .F.,(4,1,4),(2,2),(-0.0454663080759344,-0.0267778866971609,0.),(0.,0.0025),
 .UNSPECIFIED.);
#36=B_SPLINE_SURFACE_WITH_KNOTS('',3,1,((#11406,#11407),(#11408,#11409),
(#11410,#11411),(#11412,#11413),(#11414,#11415)),.UNSPECIFIED.,.F.,.F.,
 .F.,(4,1,4),(2,2),(-0.0295377179607461,-0.014563718887467,0.),(0.,0.0025),
 .UNSPECIFIED.);
#37=B_SPLINE_SURFACE_WITH_KNOTS('',3,1,((#11423,#11424),(#11425,#11426),
(#11427,#11428),(#11429,#11430),(#11431,#11432)),.UNSPECIFIED.,.F.,.F.,
 .F.,(4,1,4),(2,2),(-0.0319310789468192,-0.0156113133595293,0.),(0.,0.0025),
 .UNSPECIFIED.);
#38=B_SPLINE_SURFACE_WITH_KNOTS('',3,1,((#11440,#11441),(#11442,#11443),
(#11444,#11445),(#11446,#11447),(#11448,#11449)),.UNSPECIFIED.,.F.,.F.,
 .F.,(4,1,4),(2,2),(-0.0388258713775826,-0.020113485357317,0.),(0.,0.0025),
 .UNSPECIFIED.);
#39=B_SPLINE_SURFACE_WITH_KNOTS('',3,1,((#11457,#11458),(#11459,#11460),
(#11461,#11462),(#11463,#11464),(#11465,#11466)),.UNSPECIFIED.,.F.,.F.,
 .F.,(4,1,4),(2,2),(-0.0428527793175183,-0.0196957570544582,0.),(0.,0.0025),
 .UNSPECIFIED.);
#40=B_SPLINE_SURFACE_WITH_KNOTS('',3,1,((#11474,#11475),(#11476,#11477),
(#11478,#11479),(#11480,#11481),(#11482,#11483)),.UNSPECIFIED.,.F.,.F.,
 .F.,(4,1,4),(2,2),(-0.0265201177214292,-0.0139083473772638,0.),(0.,0.0025),
 .UNSPECIFIED.);
#41=B_SPLINE_SURFACE_WITH_KNOTS('',3,1,((#11491,#11492),(#11493,#11494),
(#11495,#11496),(#11497,#11498),(#11499,#11500)),.UNSPECIFIED.,.F.,.F.,
 .F.,(4,1,4),(2,2),(-0.0384800648982762,-0.0156173454040122,0.),(0.,0.0025),
 .UNSPECIFIED.);
#42=B_SPLINE_SURFACE_WITH_KNOTS('',3,1,((#11520,#11521),(#11522,#11523),
(#11524,#11525),(#11526,#11527),(#11528,#11529)),.UNSPECIFIED.,.F.,.F.,
 .F.,(4,1,4),(2,2),(-0.0350901886009434,-0.0223116137118709,0.),(0.,0.0025),
 .UNSPECIFIED.);
#43=B_SPLINE_SURFACE_WITH_KNOTS('',3,1,((#11537,#11538),(#11539,#11540),
(#11541,#11542),(#11543,#11544),(#11545,#11546)),.UNSPECIFIED.,.F.,.F.,
 .F.,(4,1,4),(2,2),(-0.0143274094398398,-0.00754674021557362,0.),(0.,0.0025),
 .UNSPECIFIED.);
#44=B_SPLINE_SURFACE_WITH_KNOTS('',3,1,((#11554,#11555),(#11556,#11557),
(#11558,#11559),(#11560,#11561),(#11562,#11563)),.UNSPECIFIED.,.F.,.F.,
 .F.,(4,1,4),(2,2),(-0.019820739408855,-0.00817350751904361,0.),(0.,0.0025),
 .UNSPECIFIED.);
#45=B_SPLINE_SURFACE_WITH_KNOTS('',3,1,((#11593,#11594),(#11595,#11596),
(#11597,#11598),(#11599,#11600),(#11601,#11602)),.UNSPECIFIED.,.F.,.F.,
 .F.,(4,1,4),(2,2),(-0.0558210157626317,-0.0275999110613956,0.),(0.,0.0025),
 .UNSPECIFIED.);
#46=B_SPLINE_SURFACE_WITH_KNOTS('',3,1,((#11614,#11615),(#11616,#11617),
(#11618,#11619),(#11620,#11621),(#11622,#11623)),.UNSPECIFIED.,.F.,.F.,
 .F.,(4,1,4),(2,2),(-0.0364163365685326,-0.0166158339115592,0.),(0.,0.0025),
 .UNSPECIFIED.);
#47=B_SPLINE_SURFACE_WITH_KNOTS('',3,1,((#11631,#11632),(#11633,#11634),
(#11635,#11636),(#11637,#11638),(#11639,#11640)),.UNSPECIFIED.,.F.,.F.,
 .F.,(4,1,4),(2,2),(-0.0391357142196647,-0.0202874363081308,0.),(0.,0.0025),
 .UNSPECIFIED.);
#48=B_SPLINE_SURFACE_WITH_KNOTS('',3,1,((#11655,#11656),(#11657,#11658),
(#11659,#11660),(#11661,#11662),(#11663,#11664)),.UNSPECIFIED.,.F.,.F.,
 .F.,(4,1,4),(2,2),(-0.0129384263794739,-0.00645068527709618,0.),(0.,0.0025),
 .UNSPECIFIED.);
#49=B_SPLINE_SURFACE_WITH_KNOTS('',3,1,((#11681,#11682),(#11683,#11684),
(#11685,#11686),(#11687,#11688),(#11689,#11690)),.UNSPECIFIED.,.F.,.F.,
 .F.,(4,1,4),(2,2),(-0.0176018430809039,-0.00759531855213025,0.),(0.,0.0025),
 .UNSPECIFIED.);
#50=B_SPLINE_SURFACE_WITH_KNOTS('',3,1,((#11704,#11705),(#11706,#11707),
(#11708,#11709),(#11710,#11711),(#11712,#11713)),.UNSPECIFIED.,.F.,.F.,
 .F.,(4,1,4),(2,2),(-0.048611527695283,-0.0194930485960424,0.),(0.,0.0025),
 .UNSPECIFIED.);
#51=B_SPLINE_SURFACE_WITH_KNOTS('',3,1,((#11727,#11728),(#11729,#11730),
(#11731,#11732),(#11733,#11734),(#11735,#11736)),.UNSPECIFIED.,.F.,.F.,
 .F.,(4,1,4),(2,2),(-0.0469308542805067,-0.0287036095817834,0.),(0.,0.0025),
 .UNSPECIFIED.);
#52=B_SPLINE_SURFACE_WITH_KNOTS('',3,1,((#11750,#11751),(#11752,#11753),
(#11754,#11755),(#11756,#11757),(#11758,#11759)),.UNSPECIFIED.,.F.,.F.,
 .F.,(4,1,4),(2,2),(-0.0192150305667834,-0.0112818185726609,0.),(0.,0.0025),
 .UNSPECIFIED.);
#53=B_SPLINE_SURFACE_WITH_KNOTS('',3,1,((#11773,#11774),(#11775,#11776),
(#11777,#11778),(#11779,#11780),(#11781,#11782)),.UNSPECIFIED.,.F.,.F.,
 .F.,(4,1,4),(2,2),(-0.0128520395468598,-0.00642036048986902,0.),(0.,0.0025),
 .UNSPECIFIED.);
#54=B_SPLINE_SURFACE_WITH_KNOTS('',3,1,((#11796,#11797),(#11798,#11799),
(#11800,#11801),(#11802,#11803),(#11804,#11805)),.UNSPECIFIED.,.F.,.F.,
 .F.,(4,1,4),(2,2),(-0.0129383676023605,-0.00645062649998275,0.),(0.,0.0025),
 .UNSPECIFIED.);
#55=B_SPLINE_SURFACE_WITH_KNOTS('',3,1,((#11819,#11820),(#11821,#11822),
(#11823,#11824),(#11825,#11826),(#11827,#11828)),.UNSPECIFIED.,.F.,.F.,
 .F.,(4,1,4),(2,2),(-0.0176018707347428,-0.00759536701611147,0.),(0.,0.0025),
 .UNSPECIFIED.);
#56=B_SPLINE_SURFACE_WITH_KNOTS('',3,1,((#11842,#11843),(#11844,#11845),
(#11846,#11847),(#11848,#11849),(#11850,#11851)),.UNSPECIFIED.,.F.,.F.,
 .F.,(4,1,4),(2,2),(-0.0484808046857542,-0.019395269172323,0.),(0.,0.0025),
 .UNSPECIFIED.);
#57=B_SPLINE_SURFACE_WITH_KNOTS('',3,1,((#11865,#11866),(#11867,#11868),
(#11869,#11870),(#11871,#11872),(#11873,#11874)),.UNSPECIFIED.,.F.,.F.,
 .F.,(4,1,4),(2,2),(-0.0469308393859877,-0.0287035946872644,0.),(0.,0.0025),
 .UNSPECIFIED.);
#58=B_SPLINE_SURFACE_WITH_KNOTS('',3,1,((#11888,#11889),(#11890,#11891),
(#11892,#11893),(#11894,#11895),(#11896,#11897)),.UNSPECIFIED.,.F.,.F.,
 .F.,(4,1,4),(2,2),(-0.0192701326546924,-0.0112973062621633,0.),(0.,0.0025),
 .UNSPECIFIED.);
#59=B_SPLINE_SURFACE_WITH_KNOTS('',3,1,((#11911,#11912),(#11913,#11914),
(#11915,#11916),(#11917,#11918),(#11919,#11920)),.UNSPECIFIED.,.F.,.F.,
 .F.,(4,1,4),(2,2),(-0.0128792155051973,-0.0064448109065261,0.),(0.,0.0025),
 .UNSPECIFIED.);
#60=B_SPLINE_SURFACE_WITH_KNOTS('',3,1,((#11931,#11932),(#11933,#11934),
(#11935,#11936),(#11937,#11938),(#11939,#11940)),.UNSPECIFIED.,.F.,.F.,
 .F.,(4,1,4),(2,2),(-0.049648489066788,-0.0255125950692777,0.),(0.,0.0025),
 .UNSPECIFIED.);
#61=B_SPLINE_SURFACE_WITH_KNOTS('',3,1,((#11950,#11951),(#11952,#11953),
(#11954,#11955),(#11956,#11957),(#11958,#11959)),.UNSPECIFIED.,.F.,.F.,
 .F.,(4,1,4),(2,2),(-0.0819651630012079,-0.0345659515450239,0.),(0.,0.0025),
 .UNSPECIFIED.);
#62=B_SPLINE_SURFACE_WITH_KNOTS('',3,1,((#11967,#11968),(#11969,#11970),
(#11971,#11972),(#11973,#11974),(#11975,#11976)),.UNSPECIFIED.,.F.,.F.,
 .F.,(4,1,4),(2,2),(-0.0821265018564927,-0.0473697195019192,0.),(0.,0.0025),
 .UNSPECIFIED.);
#63=B_SPLINE_SURFACE_WITH_KNOTS('',3,1,((#11984,#11985),(#11986,#11987),
(#11988,#11989),(#11990,#11991),(#11992,#11993)),.UNSPECIFIED.,.F.,.F.,
 .F.,(4,1,4),(2,2),(-0.0494029650791283,-0.0239355666539608,0.),(0.,0.0025),
 .UNSPECIFIED.);
#64=B_SPLINE_SURFACE_WITH_KNOTS('',3,1,((#12001,#12002),(#12003,#12004),
(#12005,#12006),(#12007,#12008),(#12009,#12010)),.UNSPECIFIED.,.F.,.F.,
 .F.,(4,1,4),(2,2),(-0.05183158087412,-0.0260477977975541,0.),(0.,0.0025),
 .UNSPECIFIED.);
#65=B_SPLINE_SURFACE_WITH_KNOTS('',3,1,((#12018,#12019),(#12020,#12021),
(#12022,#12023),(#12024,#12025),(#12026,#12027)),.UNSPECIFIED.,.F.,.F.,
 .F.,(4,1,4),(2,2),(-0.0801817432364899,-0.0328366181721822,0.),(0.,0.0025),
 .UNSPECIFIED.);
#66=B_SPLINE_SURFACE_WITH_KNOTS('',3,1,((#12035,#12036),(#12037,#12038),
(#12039,#12040),(#12041,#12042),(#12043,#12044)),.UNSPECIFIED.,.F.,.F.,
 .F.,(4,1,4),(2,2),(-0.0818696060817538,-0.0471729506029715,0.),(0.,0.0025),
 .UNSPECIFIED.);
#67=B_SPLINE_SURFACE_WITH_KNOTS('',3,1,((#12052,#12053),(#12054,#12055),
(#12056,#12057),(#12058,#12059),(#12060,#12061)),.UNSPECIFIED.,.F.,.F.,
 .F.,(4,1,4),(2,2),(-0.0494029650791283,-0.0239355666539608,0.),(0.,0.0025),
 .UNSPECIFIED.);
#68=B_SPLINE_SURFACE_WITH_KNOTS('',3,1,((#12086,#12087),(#12088,#12089),
(#12090,#12091),(#12092,#12093),(#12094,#12095)),.UNSPECIFIED.,.F.,.F.,
 .F.,(4,1,4),(2,2),(-0.0232528726711233,-0.00955706158851112,0.),(0.,0.0025),
 .UNSPECIFIED.);
#69=B_SPLINE_SURFACE_WITH_KNOTS('',3,1,((#12112,#12113),(#12114,#12115),
(#12116,#12117),(#12118,#12119),(#12120,#12121)),.UNSPECIFIED.,.F.,.F.,
 .F.,(4,1,4),(2,2),(-0.0212414220112041,-0.0131658683245325,0.),(0.,0.0025),
 .UNSPECIFIED.);
#70=B_SPLINE_SURFACE_WITH_KNOTS('',3,1,((#12135,#12136),(#12137,#12138),
(#12139,#12140),(#12141,#12142),(#12143,#12144)),.UNSPECIFIED.,.F.,.F.,
 .F.,(4,1,4),(2,2),(-0.0154175516906908,-0.00797536881096411,0.),(0.,0.0025),
 .UNSPECIFIED.);
#71=B_SPLINE_SURFACE_WITH_KNOTS('',3,1,((#12158,#12159),(#12160,#12161),
(#12162,#12163),(#12164,#12165),(#12166,#12167)),.UNSPECIFIED.,.F.,.F.,
 .F.,(4,1,4),(2,2),(-0.0149656795262858,-0.00739456262442062,0.),(0.,0.0025),
 .UNSPECIFIED.);
#72=B_SPLINE_SURFACE_WITH_KNOTS('',3,1,((#12181,#12182),(#12183,#12184),
(#12185,#12186),(#12187,#12188),(#12189,#12190)),.UNSPECIFIED.,.F.,.F.,
 .F.,(4,1,4),(2,2),(-0.016139818733885,-0.00784404016845226,0.),(0.,0.0025),
 .UNSPECIFIED.);
#73=B_SPLINE_SURFACE_WITH_KNOTS('',3,1,((#12204,#12205),(#12206,#12207),
(#12208,#12209),(#12210,#12211),(#12212,#12213)),.UNSPECIFIED.,.F.,.F.,
 .F.,(4,1,4),(2,2),(-0.0204831526235057,-0.00992655839001097,0.),(0.,0.0025),
 .UNSPECIFIED.);
#74=B_SPLINE_SURFACE_WITH_KNOTS('',3,1,((#12227,#12228),(#12229,#12230),
(#12231,#12232),(#12233,#12234),(#12235,#12236)),.UNSPECIFIED.,.F.,.F.,
 .F.,(4,1,4),(2,2),(-0.0153211859052058,-0.00787727759682953,0.),(0.,0.0025),
 .UNSPECIFIED.);
#75=B_SPLINE_SURFACE_WITH_KNOTS('',3,1,((#12250,#12251),(#12252,#12253),
(#12254,#12255),(#12256,#12257),(#12258,#12259)),.UNSPECIFIED.,.F.,.F.,
 .F.,(4,1,4),(2,2),(-0.0181527355344481,-0.00697377075308472,0.),(0.,0.0025),
 .UNSPECIFIED.);
#76=B_SPLINE_SURFACE_WITH_KNOTS('',3,1,((#12282,#12283),(#12284,#12285),
(#12286,#12287),(#12288,#12289),(#12290,#12291)),.UNSPECIFIED.,.F.,.F.,
 .F.,(4,1,4),(2,2),(-0.0363875285144912,-0.0192761439567787,0.),(0.,0.0025),
 .UNSPECIFIED.);
#77=B_SPLINE_SURFACE_WITH_KNOTS('',3,1,((#12299,#12300),(#12301,#12302),
(#12303,#12304),(#12305,#12306),(#12307,#12308)),.UNSPECIFIED.,.F.,.F.,
 .F.,(4,1,4),(2,2),(-0.0427480512528598,-0.0186958477890417,0.),(0.,0.0025),
 .UNSPECIFIED.);
#78=B_SPLINE_SURFACE_WITH_KNOTS('',3,1,((#12316,#12317),(#12318,#12319),
(#12320,#12321),(#12322,#12323),(#12324,#12325)),.UNSPECIFIED.,.F.,.F.,
 .F.,(4,1,4),(2,2),(-0.0375841636457917,-0.0216707675231247,0.),(0.,0.0025),
 .UNSPECIFIED.);
#79=B_SPLINE_SURFACE_WITH_KNOTS('',3,1,((#12333,#12334),(#12335,#12336),
(#12337,#12338),(#12339,#12340),(#12341,#12342)),.UNSPECIFIED.,.F.,.F.,
 .F.,(4,1,4),(2,2),(-0.022937096481781,-0.0122918088072734,0.),(0.,0.0025),
 .UNSPECIFIED.);
#80=B_SPLINE_SURFACE_WITH_KNOTS('',3,1,((#12350,#12351),(#12352,#12353),
(#12354,#12355),(#12356,#12357),(#12358,#12359)),.UNSPECIFIED.,.F.,.F.,
 .F.,(4,1,4),(2,2),(-0.0337202896025094,-0.0133306250558697,0.),(0.,0.0025),
 .UNSPECIFIED.);
#81=B_SPLINE_SURFACE_WITH_KNOTS('',3,1,((#12371,#12372),(#12373,#12374),
(#12375,#12376),(#12377,#12378),(#12379,#12380)),.UNSPECIFIED.,.F.,.F.,
 .F.,(4,1,4),(2,2),(-0.0273096338857526,-0.0160407158516151,0.),(0.,0.0025),
 .UNSPECIFIED.);
#82=B_SPLINE_SURFACE_WITH_KNOTS('',3,1,((#12388,#12389),(#12390,#12391),
(#12392,#12393),(#12394,#12395),(#12396,#12397)),.UNSPECIFIED.,.F.,.F.,
 .F.,(4,1,4),(2,2),(-0.0199707733561016,-0.00943264349458549,0.),(0.,0.0025),
 .UNSPECIFIED.);
#83=B_SPLINE_SURFACE_WITH_KNOTS('',3,1,((#12409,#12410),(#12411,#12412),
(#12413,#12414),(#12415,#12416),(#12417,#12418)),.UNSPECIFIED.,.F.,.F.,
 .F.,(4,1,4),(2,2),(-0.0115093044964957,-0.00485761062083249,0.),(0.,0.0025),
 .UNSPECIFIED.);
#84=B_SPLINE_SURFACE_WITH_KNOTS('',3,1,((#12426,#12427),(#12428,#12429),
(#12430,#12431),(#12432,#12433),(#12434,#12435)),.UNSPECIFIED.,.F.,.F.,
 .F.,(4,1,4),(2,2),(-0.00454656526698493,-0.00284766722524002,0.),(0.,0.0025),
 .UNSPECIFIED.);
#85=B_SPLINE_SURFACE_WITH_KNOTS('',3,1,((#12443,#12444),(#12445,#12446),
(#12447,#12448),(#12449,#12450),(#12451,#12452)),.UNSPECIFIED.,.F.,.F.,
 .F.,(4,1,4),(2,2),(-0.0246782461827483,-0.0127150574715667,0.),(0.,0.0025),
 .UNSPECIFIED.);
#86=B_SPLINE_SURFACE_WITH_KNOTS('',3,1,((#12460,#12461),(#12462,#12463),
(#12464,#12465),(#12466,#12467),(#12468,#12469)),.UNSPECIFIED.,.F.,.F.,
 .F.,(4,1,4),(2,2),(-0.0236507576954348,-0.0116967785541377,0.),(0.,0.0025),
 .UNSPECIFIED.);
#87=B_SPLINE_SURFACE_WITH_KNOTS('',3,1,((#12477,#12478),(#12479,#12480),
(#12481,#12482),(#12483,#12484),(#12485,#12486)),.UNSPECIFIED.,.F.,.F.,
 .F.,(4,1,4),(2,2),(-0.0367266757529245,-0.0195517549865507,0.),(0.,0.0025),
 .UNSPECIFIED.);
#88=B_SPLINE_SURFACE_WITH_KNOTS('',3,1,((#12494,#12495),(#12496,#12497),
(#12498,#12499),(#12500,#12501),(#12502,#12503)),.UNSPECIFIED.,.F.,.F.,
 .F.,(4,1,4),(2,2),(-0.0329139238313966,-0.0162398356981208,0.),(0.,0.0025),
 .UNSPECIFIED.);
#89=B_SPLINE_SURFACE_WITH_KNOTS('',3,1,((#12511,#12512),(#12513,#12514),
(#12515,#12516),(#12517,#12518),(#12519,#12520)),.UNSPECIFIED.,.F.,.F.,
 .F.,(4,1,4),(2,2),(-0.0221201811849787,-0.0113116748404148,0.),(0.,0.0025),
 .UNSPECIFIED.);
#90=B_SPLINE_SURFACE_WITH_KNOTS('',3,1,((#12528,#12529),(#12530,#12531),
(#12532,#12533),(#12534,#12535),(#12536,#12537)),.UNSPECIFIED.,.F.,.F.,
 .F.,(4,1,4),(2,2),(-0.021562634858431,-0.0106617619972809,0.),(0.,0.0025),
 .UNSPECIFIED.);
#91=B_SPLINE_SURFACE_WITH_KNOTS('',3,1,((#12545,#12546),(#12547,#12548),
(#12549,#12550),(#12551,#12552),(#12553,#12554)),.UNSPECIFIED.,.F.,.F.,
 .F.,(4,1,4),(2,2),(-0.0307626310807539,-0.01330672830927,0.),(0.,0.0025),
 .UNSPECIFIED.);
#92=B_SPLINE_SURFACE_WITH_KNOTS('',3,1,((#12562,#12563),(#12564,#12565),
(#12566,#12567),(#12568,#12569),(#12570,#12571)),.UNSPECIFIED.,.F.,.F.,
 .F.,(4,1,4),(2,2),(-0.0371606251850838,-0.0224831818326432,0.),(0.,0.0025),
 .UNSPECIFIED.);
#93=B_SPLINE_SURFACE_WITH_KNOTS('',3,1,((#12583,#12584),(#12585,#12586),
(#12587,#12588),(#12589,#12590),(#12591,#12592)),.UNSPECIFIED.,.F.,.F.,
 .F.,(4,1,4),(2,2),(-0.016494631751844,-0.00924065331343021,0.),(0.,0.0025),
 .UNSPECIFIED.);
#94=B_SPLINE_SURFACE_WITH_KNOTS('',3,1,((#12600,#12601),(#12602,#12603),
(#12604,#12605),(#12606,#12607),(#12608,#12609)),.UNSPECIFIED.,.F.,.F.,
 .F.,(4,1,4),(2,2),(-0.0206889616987568,-0.00834279018319766,0.),(0.,0.0025),
 .UNSPECIFIED.);
#95=B_SPLINE_SURFACE_WITH_KNOTS('',3,1,((#12617,#12618),(#12619,#12620),
(#12621,#12622),(#12623,#12624),(#12625,#12626)),.UNSPECIFIED.,.F.,.F.,
 .F.,(4,1,4),(2,2),(-0.016092086978787,-0.00885360875647433,0.),(0.,0.0025),
 .UNSPECIFIED.);
#96=B_SPLINE_SURFACE_WITH_KNOTS('',3,1,((#12634,#12635),(#12636,#12637),
(#12638,#12639),(#12640,#12641),(#12642,#12643)),.UNSPECIFIED.,.F.,.F.,
 .F.,(4,1,4),(2,2),(-0.0165180791600252,-0.00733367353535067,0.),(0.,0.0025),
 .UNSPECIFIED.);
#97=B_SPLINE_SURFACE_WITH_KNOTS('',3,1,((#12703,#12704),(#12705,#12706),
(#12707,#12708),(#12709,#12710),(#12711,#12712)),.UNSPECIFIED.,.F.,.F.,
 .F.,(4,1,4),(2,2),(-0.00728222000544226,-0.00366273599253308,0.),(0.,0.0025),
 .UNSPECIFIED.);
#98=B_SPLINE_SURFACE_WITH_KNOTS('',3,1,((#12722,#12723),(#12724,#12725),
(#12726,#12727),(#12728,#12729),(#12730,#12731)),.UNSPECIFIED.,.F.,.F.,
 .F.,(4,1,4),(2,2),(-0.00728220966164291,-0.00361947366910983,0.),(0.,0.0025),
 .UNSPECIFIED.);
#99=B_SPLINE_SURFACE_WITH_KNOTS('',3,1,((#12739,#12740),(#12741,#12742),
(#12743,#12744),(#12745,#12746),(#12747,#12748)),.UNSPECIFIED.,.F.,.F.,
 .F.,(4,1,4),(2,2),(-0.0073474020587118,-0.00368116586426925,0.),(0.,0.0025),
 .UNSPECIFIED.);
#100=B_SPLINE_SURFACE_WITH_KNOTS('',3,1,((#12756,#12757),(#12758,#12759),
(#12760,#12761),(#12762,#12763),(#12764,#12765)),.UNSPECIFIED.,.F.,.F.,
 .F.,(4,1,4),(2,2),(-0.00731748974863518,-0.00365124482837741,0.),(0.,0.0025),
 .UNSPECIFIED.);
#101=B_SPLINE_SURFACE_WITH_KNOTS('',3,1,((#12773,#12774),(#12775,#12776),
(#12777,#12778),(#12779,#12780),(#12781,#12782)),.UNSPECIFIED.,.F.,.F.,
 .F.,(4,1,4),(2,2),(-0.00738225611631052,-0.00368465362037355,0.),(0.,0.0025),
 .UNSPECIFIED.);
#102=B_SPLINE_SURFACE_WITH_KNOTS('',3,1,((#12790,#12791),(#12792,#12793),
(#12794,#12795),(#12796,#12797),(#12798,#12799)),.UNSPECIFIED.,.F.,.F.,
 .F.,(4,1,4),(2,2),(-0.00738225133576434,-0.00369760347824305,0.),(0.,0.0025),
 .UNSPECIFIED.);
#103=B_SPLINE_SURFACE_WITH_KNOTS('',3,1,((#12807,#12808),(#12809,#12810),
(#12811,#12812),(#12813,#12814),(#12815,#12816)),.UNSPECIFIED.,.F.,.F.,
 .F.,(4,1,4),(2,2),(-0.00731747819445076,-0.00366623548952769,0.),(0.,0.0025),
 .UNSPECIFIED.);
#104=B_SPLINE_SURFACE_WITH_KNOTS('',3,1,((#12824,#12825),(#12826,#12827),
(#12828,#12829),(#12830,#12831),(#12832,#12833)),.UNSPECIFIED.,.F.,.F.,
 .F.,(4,1,4),(2,2),(-0.00734740673058716,-0.00366623720419083,0.),(0.,0.0025),
 .UNSPECIFIED.);
#105=B_SPLINE_SURFACE_WITH_KNOTS('',3,1,((#12840,#12841),(#12842,#12843),
(#12844,#12845),(#12846,#12847),(#12848,#12849)),.UNSPECIFIED.,.F.,.F.,
 .F.,(4,1,4),(2,2),(-0.0203306515335477,-0.0105143398733797,0.),(0.,0.0025),
 .UNSPECIFIED.);
#106=B_SPLINE_SURFACE_WITH_KNOTS('',3,1,((#12859,#12860),(#12861,#12862),
(#12863,#12864),(#12865,#12866),(#12867,#12868)),.UNSPECIFIED.,.F.,.F.,
 .F.,(4,1,4),(2,2),(-0.0210565442697725,-0.00993803471386039,0.),(0.,0.0025),
 .UNSPECIFIED.);
#107=B_SPLINE_SURFACE_WITH_KNOTS('',3,1,((#12888,#12889),(#12890,#12891),
(#12892,#12893),(#12894,#12895),(#12896,#12897)),.UNSPECIFIED.,.F.,.F.,
 .F.,(4,1,4),(2,2),(-0.0237324820510757,-0.0124350838181043,0.),(0.,0.0025),
 .UNSPECIFIED.);
#108=B_SPLINE_SURFACE_WITH_KNOTS('',3,1,((#12905,#12906),(#12907,#12908),
(#12909,#12910),(#12911,#12912),(#12913,#12914)),.UNSPECIFIED.,.F.,.F.,
 .F.,(4,1,4),(2,2),(-0.0239758323017903,-0.0113535224460679,0.),(0.,0.0025),
 .UNSPECIFIED.);
#109=B_SPLINE_SURFACE_WITH_KNOTS('',3,1,((#12942,#12943),(#12944,#12945),
(#12946,#12947),(#12948,#12949),(#12950,#12951)),.UNSPECIFIED.,.F.,.F.,
 .F.,(4,1,4),(2,2),(-0.0255167751889305,-0.0122110273240085,0.),(0.,0.0025),
 .UNSPECIFIED.);
#110=B_SPLINE_SURFACE_WITH_KNOTS('',3,1,((#12983,#12984),(#12985,#12986),
(#12987,#12988),(#12989,#12990),(#12991,#12992)),.UNSPECIFIED.,.F.,.F.,
 .F.,(4,1,4),(2,2),(-0.0203306515335477,-0.0105143398733797,0.),(0.,0.0025),
 .UNSPECIFIED.);
#111=B_SPLINE_SURFACE_WITH_KNOTS('',3,1,((#13002,#13003),(#13004,#13005),
(#13006,#13007),(#13008,#13009),(#13010,#13011)),.UNSPECIFIED.,.F.,.F.,
 .F.,(4,1,4),(2,2),(-0.0210565327824366,-0.00993801835155376,0.),(0.,0.0025),
 .UNSPECIFIED.);
#112=B_SPLINE_SURFACE_WITH_KNOTS('',3,1,((#13031,#13032),(#13033,#13034),
(#13035,#13036),(#13037,#13038),(#13039,#13040)),.UNSPECIFIED.,.F.,.F.,
 .F.,(4,1,4),(2,2),(-0.0237324820510757,-0.0124350838181043,0.),(0.,0.0025),
 .UNSPECIFIED.);
#113=B_SPLINE_SURFACE_WITH_KNOTS('',3,1,((#13048,#13049),(#13050,#13051),
(#13052,#13053),(#13054,#13055),(#13056,#13057)),.UNSPECIFIED.,.F.,.F.,
 .F.,(4,1,4),(2,2),(-0.0238860116865669,-0.0113436716084885,0.),(0.,0.0025),
 .UNSPECIFIED.);
#114=B_SPLINE_SURFACE_WITH_KNOTS('',3,1,((#13085,#13086),(#13087,#13088),
(#13089,#13090),(#13091,#13092),(#13093,#13094)),.UNSPECIFIED.,.F.,.F.,
 .F.,(4,1,4),(2,2),(-0.0271211368851684,-0.0131034540993932,0.),(0.,0.0025),
 .UNSPECIFIED.);
#115=B_SPLINE_SURFACE_WITH_KNOTS('',3,1,((#13101,#13102),(#13103,#13104),
(#13105,#13106),(#13107,#13108),(#13109,#13110)),.UNSPECIFIED.,.F.,.F.,
 .F.,(4,1,4),(2,2),(-0.0181762192996936,-0.0098379450757353,0.),(0.,0.0025),
 .UNSPECIFIED.);
#116=B_SPLINE_SURFACE_WITH_KNOTS('',3,1,((#13127,#13128),(#13129,#13130),
(#13131,#13132),(#13133,#13134),(#13135,#13136)),.UNSPECIFIED.,.F.,.F.,
 .F.,(4,1,4),(2,2),(-0.0163475678320716,-0.00780799536349736,0.),(0.,0.0025),
 .UNSPECIFIED.);
#117=B_SPLINE_SURFACE_WITH_KNOTS('',3,1,((#13150,#13151),(#13152,#13153),
(#13154,#13155),(#13156,#13157),(#13158,#13159)),.UNSPECIFIED.,.F.,.F.,
 .F.,(4,1,4),(2,2),(-0.0164352355114574,-0.00862011294660502,0.),(0.,0.0025),
 .UNSPECIFIED.);
#118=B_SPLINE_SURFACE_WITH_KNOTS('',3,1,((#13173,#13174),(#13175,#13176),
(#13177,#13178),(#13179,#13180),(#13181,#13182)),.UNSPECIFIED.,.F.,.F.,
 .F.,(4,1,4),(2,2),(-0.0189001723269349,-0.00855336416277875,0.),(0.,0.0025),
 .UNSPECIFIED.);
#119=B_SPLINE_SURFACE_WITH_KNOTS('',3,1,((#13205,#13206),(#13207,#13208),
(#13209,#13210),(#13211,#13212),(#13213,#13214)),.UNSPECIFIED.,.F.,.F.,
 .F.,(4,1,4),(2,2),(-0.00856607303625434,-0.00468885216043537,0.),(0.,0.0025),
 .UNSPECIFIED.);
#120=B_SPLINE_SURFACE_WITH_KNOTS('',3,1,((#13228,#13229),(#13230,#13231),
(#13232,#13233),(#13234,#13235),(#13236,#13237)),.UNSPECIFIED.,.F.,.F.,
 .F.,(4,1,4),(2,2),(-0.0376908947075655,-0.0194127422235662,0.),(0.,0.0025),
 .UNSPECIFIED.);
#121=B_SPLINE_SURFACE_WITH_KNOTS('',3,1,((#13245,#13246),(#13247,#13248),
(#13249,#13250),(#13251,#13252),(#13253,#13254)),.UNSPECIFIED.,.F.,.F.,
 .F.,(4,1,4),(2,2),(-0.010906822334088,-0.0057723909877859,0.),(0.,0.0025),
 .UNSPECIFIED.);
#122=B_SPLINE_SURFACE_WITH_KNOTS('',3,1,((#13262,#13263),(#13264,#13265),
(#13266,#13267),(#13268,#13269),(#13270,#13271)),.UNSPECIFIED.,.F.,.F.,
 .F.,(4,1,4),(2,2),(-0.011581026145443,-0.00533269204339804,0.),(0.,0.0025),
 .UNSPECIFIED.);
#123=B_SPLINE_SURFACE_WITH_KNOTS('',3,1,((#13283,#13284),(#13285,#13286),
(#13287,#13288),(#13289,#13290),(#13291,#13292)),.UNSPECIFIED.,.F.,.F.,
 .F.,(4,1,4),(2,2),(-0.0141069451996683,-0.00674502669118662,0.),(0.,0.0025),
 .UNSPECIFIED.);
#124=B_SPLINE_SURFACE_WITH_KNOTS('',3,1,((#13300,#13301),(#13302,#13303),
(#13304,#13305),(#13306,#13307),(#13308,#13309)),.UNSPECIFIED.,.F.,.F.,
 .F.,(4,1,4),(2,2),(-0.0156569605257566,-0.00773598777312357,0.),(0.,0.0025),
 .UNSPECIFIED.);
#125=B_SPLINE_SURFACE_WITH_KNOTS('',3,1,((#13317,#13318),(#13319,#13320),
(#13321,#13322),(#13323,#13324),(#13325,#13326)),.UNSPECIFIED.,.F.,.F.,
 .F.,(4,1,4),(2,2),(-0.0205501249860823,-0.0107173722585833,0.),(0.,0.0025),
 .UNSPECIFIED.);
#126=B_SPLINE_SURFACE_WITH_KNOTS('',3,1,((#13334,#13335),(#13336,#13337),
(#13338,#13339),(#13340,#13341),(#13342,#13343)),.UNSPECIFIED.,.F.,.F.,
 .F.,(4,1,4),(2,2),(-0.0187127846907587,-0.00936862855287293,0.),(0.,0.0025),
 .UNSPECIFIED.);
#127=B_SPLINE_SURFACE_WITH_KNOTS('',3,1,((#13351,#13352),(#13353,#13354),
(#13355,#13356),(#13357,#13358),(#13359,#13360)),.UNSPECIFIED.,.F.,.F.,
 .F.,(4,1,4),(2,2),(-0.0199951177893277,-0.00969802736364882,0.),(0.,0.0025),
 .UNSPECIFIED.);
#128=B_SPLINE_SURFACE_WITH_KNOTS('',3,1,((#13372,#13373),(#13374,#13375),
(#13376,#13377),(#13378,#13379),(#13380,#13381)),.UNSPECIFIED.,.F.,.F.,
 .F.,(4,1,4),(2,2),(-0.019638141780752,-0.0100674125571668,0.),(0.,0.0025),
 .UNSPECIFIED.);
#129=B_SPLINE_SURFACE_WITH_KNOTS('',3,1,((#13389,#13390),(#13391,#13392),
(#13393,#13394),(#13395,#13396),(#13397,#13398)),.UNSPECIFIED.,.F.,.F.,
 .F.,(4,1,4),(2,2),(-0.0182419976101593,-0.00918901276984711,0.),(0.,0.0025),
 .UNSPECIFIED.);
#130=B_SPLINE_SURFACE_WITH_KNOTS('',3,1,((#13406,#13407),(#13408,#13409),
(#13410,#13411),(#13412,#13413),(#13414,#13415)),.UNSPECIFIED.,.F.,.F.,
 .F.,(4,1,4),(2,2),(-0.0193467715121186,-0.00931621409301911,0.),(0.,0.0025),
 .UNSPECIFIED.);
#131=B_SPLINE_SURFACE_WITH_KNOTS('',3,1,((#13423,#13424),(#13425,#13426),
(#13427,#13428),(#13429,#13430),(#13431,#13432)),.UNSPECIFIED.,.F.,.F.,
 .F.,(4,1,4),(2,2),(-0.0270860873109022,-0.0141494182333966,0.),(0.,0.0025),
 .UNSPECIFIED.);
#132=B_SPLINE_SURFACE_WITH_KNOTS('',3,1,((#13440,#13441),(#13442,#13443),
(#13444,#13445),(#13446,#13447),(#13448,#13449)),.UNSPECIFIED.,.F.,.F.,
 .F.,(4,1,4),(2,2),(-0.0299494489752303,-0.0137079539235968,0.),(0.,0.0025),
 .UNSPECIFIED.);
#133=B_SPLINE_SURFACE_WITH_KNOTS('',3,1,((#13506,#13507),(#13508,#13509),
(#13510,#13511),(#13512,#13513),(#13514,#13515)),.UNSPECIFIED.,.F.,.F.,
 .F.,(4,1,4),(2,2),(-0.0072822030643963,-0.00366270670066342,0.),(0.,0.0025),
 .UNSPECIFIED.);
#134=B_SPLINE_SURFACE_WITH_KNOTS('',3,1,((#13525,#13526),(#13527,#13528),
(#13529,#13530),(#13531,#13532),(#13533,#13534)),.UNSPECIFIED.,.F.,.F.,
 .F.,(4,1,4),(2,2),(-0.00728221662539359,-0.00361948200590977,0.),(0.,0.0025),
 .UNSPECIFIED.);
#135=B_SPLINE_SURFACE_WITH_KNOTS('',3,1,((#13542,#13543),(#13544,#13545),
(#13546,#13547),(#13548,#13549),(#13550,#13551)),.UNSPECIFIED.,.F.,.F.,
 .F.,(4,1,4),(2,2),(-0.00734740892300177,-0.0036811644980942,0.),(0.,0.0025),
 .UNSPECIFIED.);
#136=B_SPLINE_SURFACE_WITH_KNOTS('',3,1,((#13559,#13560),(#13561,#13562),
(#13563,#13564),(#13565,#13566),(#13567,#13568)),.UNSPECIFIED.,.F.,.F.,
 .F.,(4,1,4),(2,2),(-0.00731747631098879,-0.00365123870670559,0.),(0.,0.0025),
 .UNSPECIFIED.);
#137=B_SPLINE_SURFACE_WITH_KNOTS('',3,1,((#13576,#13577),(#13578,#13579),
(#13580,#13581),(#13582,#13583),(#13584,#13585)),.UNSPECIFIED.,.F.,.F.,
 .F.,(4,1,4),(2,2),(-0.00738225495725616,-0.00368464630304512,0.),(0.,0.0025),
 .UNSPECIFIED.);
#138=B_SPLINE_SURFACE_WITH_KNOTS('',3,1,((#13593,#13594),(#13595,#13596),
(#13597,#13598),(#13599,#13600),(#13601,#13602)),.UNSPECIFIED.,.F.,.F.,
 .F.,(4,1,4),(2,2),(-0.00738225133576434,-0.00369760347824305,0.),(0.,0.0025),
 .UNSPECIFIED.);
#139=B_SPLINE_SURFACE_WITH_KNOTS('',3,1,((#13610,#13611),(#13612,#13613),
(#13614,#13615),(#13616,#13617),(#13618,#13619)),.UNSPECIFIED.,.F.,.F.,
 .F.,(4,1,4),(2,2),(-0.00731747819445076,-0.00366623548952769,0.),(0.,0.0025),
 .UNSPECIFIED.);
#140=B_SPLINE_SURFACE_WITH_KNOTS('',3,1,((#13627,#13628),(#13629,#13630),
(#13631,#13632),(#13633,#13634),(#13635,#13636)),.UNSPECIFIED.,.F.,.F.,
 .F.,(4,1,4),(2,2),(-0.00734740561729221,-0.00366624341514991,0.),(0.,0.0025),
 .UNSPECIFIED.);
#141=B_SPLINE_SURFACE_WITH_KNOTS('',3,1,((#13643,#13644),(#13645,#13646),
(#13647,#13648),(#13649,#13650),(#13651,#13652)),.UNSPECIFIED.,.F.,.F.,
 .F.,(4,1,4),(2,2),(-0.00960371953654124,-0.00500161582696787,0.),(0.,0.0025),
 .UNSPECIFIED.);
#142=B_SPLINE_SURFACE_WITH_KNOTS('',3,1,((#13666,#13667),(#13668,#13669),
(#13670,#13671),(#13672,#13673),(#13674,#13675)),.UNSPECIFIED.,.F.,.F.,
 .F.,(4,1,4),(2,2),(-0.00482688680575344,-0.00234930822848563,0.),(0.,0.0025),
 .UNSPECIFIED.);
#143=B_SPLINE_SURFACE_WITH_KNOTS('',3,1,((#13683,#13684),(#13685,#13686),
(#13687,#13688),(#13689,#13690),(#13691,#13692)),.UNSPECIFIED.,.F.,.F.,
 .F.,(4,1,4),(2,2),(-0.0140791928850401,-0.00730293211340943,0.),(0.,0.0025),
 .UNSPECIFIED.);
#144=B_SPLINE_SURFACE_WITH_KNOTS('',3,1,((#13700,#13701),(#13702,#13703),
(#13704,#13705),(#13706,#13707),(#13708,#13709)),.UNSPECIFIED.,.F.,.F.,
 .F.,(4,1,4),(2,2),(-0.0158768265988329,-0.00718840206160533,0.),(0.,0.0025),
 .UNSPECIFIED.);
#145=B_SPLINE_SURFACE_WITH_KNOTS('',3,1,((#13737,#13738),(#13739,#13740),
(#13741,#13742),(#13743,#13744),(#13745,#13746)),.UNSPECIFIED.,.F.,.F.,
 .F.,(4,1,4),(2,2),(-0.0142607037039821,-0.0075121896111392,0.),(0.,0.0025),
 .UNSPECIFIED.);
#146=B_SPLINE_SURFACE_WITH_KNOTS('',3,1,((#13754,#13755),(#13756,#13757),
(#13758,#13759),(#13760,#13761),(#13762,#13763)),.UNSPECIFIED.,.F.,.F.,
 .F.,(4,1,4),(2,2),(-0.0130442999651256,-0.00649972921301089,0.),(0.,0.0025),
 .UNSPECIFIED.);
#147=B_SPLINE_CURVE_WITH_KNOTS('',3,(#10407,#10408,#10409,#10410,#10411),
 .UNSPECIFIED.,.F.,.F.,(4,1,4),(0.,0.0255125950692777,0.049648489066788),
 .UNSPECIFIED.);
#148=B_SPLINE_CURVE_WITH_KNOTS('',3,(#10413,#10414,#10415,#10416,#10417),
 .UNSPECIFIED.,.F.,.F.,(4,1,4),(0.,0.0345659515450239,0.0819651630012079),
 .UNSPECIFIED.);
#149=B_SPLINE_CURVE_WITH_KNOTS('',3,(#10419,#10420,#10421,#10422,#10423),
 .UNSPECIFIED.,.F.,.F.,(4,1,4),(0.,0.0473697195019192,0.0821265018564927),
 .UNSPECIFIED.);
#150=B_SPLINE_CURVE_WITH_KNOTS('',3,(#10425,#10426,#10427,#10428,#10429),
 .UNSPECIFIED.,.F.,.F.,(4,1,4),(0.,0.0239355666539608,0.0494029650791283),
 .UNSPECIFIED.);
#151=B_SPLINE_CURVE_WITH_KNOTS('',3,(#10431,#10432,#10433,#10434,#10435),
 .UNSPECIFIED.,.F.,.F.,(4,1,4),(0.,0.0260477977975541,0.05183158087412),
 .UNSPECIFIED.);
#152=B_SPLINE_CURVE_WITH_KNOTS('',3,(#10437,#10438,#10439,#10440,#10441),
 .UNSPECIFIED.,.F.,.F.,(4,1,4),(0.,0.0328366181721822,0.0801817432364899),
 .UNSPECIFIED.);
#153=B_SPLINE_CURVE_WITH_KNOTS('',3,(#10443,#10444,#10445,#10446,#10447),
 .UNSPECIFIED.,.F.,.F.,(4,1,4),(0.,0.0471729506029715,0.0818696060817538),
 .UNSPECIFIED.);
#154=B_SPLINE_CURVE_WITH_KNOTS('',3,(#10448,#10449,#10450,#10451,#10452),
 .UNSPECIFIED.,.F.,.F.,(4,1,4),(0.,0.0239355666539608,0.0494029650791283),
 .UNSPECIFIED.);
#155=B_SPLINE_CURVE_WITH_KNOTS('',3,(#10479,#10480,#10481,#10482,#10483),
 .UNSPECIFIED.,.F.,.F.,(4,1,4),(0.,0.00366273599253308,0.00728222000544226),
 .UNSPECIFIED.);
#156=B_SPLINE_CURVE_WITH_KNOTS('',3,(#10485,#10486,#10487,#10488,#10489),
 .UNSPECIFIED.,.F.,.F.,(4,1,4),(0.,0.00361947366910983,0.00728220966164291),
 .UNSPECIFIED.);
#157=B_SPLINE_CURVE_WITH_KNOTS('',3,(#10491,#10492,#10493,#10494,#10495),
 .UNSPECIFIED.,.F.,.F.,(4,1,4),(0.,0.00368116586426925,0.0073474020587118),
 .UNSPECIFIED.);
#158=B_SPLINE_CURVE_WITH_KNOTS('',3,(#10497,#10498,#10499,#10500,#10501),
 .UNSPECIFIED.,.F.,.F.,(4,1,4),(0.,0.00365124482837741,0.00731748974863518),
 .UNSPECIFIED.);
#159=B_SPLINE_CURVE_WITH_KNOTS('',3,(#10503,#10504,#10505,#10506,#10507),
 .UNSPECIFIED.,.F.,.F.,(4,1,4),(0.,0.00368465362037355,0.00738225611631052),
 .UNSPECIFIED.);
#160=B_SPLINE_CURVE_WITH_KNOTS('',3,(#10509,#10510,#10511,#10512,#10513),
 .UNSPECIFIED.,.F.,.F.,(4,1,4),(0.,0.00369760347824305,0.00738225133576434),
 .UNSPECIFIED.);
#161=B_SPLINE_CURVE_WITH_KNOTS('',3,(#10515,#10516,#10517,#10518,#10519),
 .UNSPECIFIED.,.F.,.F.,(4,1,4),(0.,0.00366623548952769,0.00731747819445076),
 .UNSPECIFIED.);
#162=B_SPLINE_CURVE_WITH_KNOTS('',3,(#10520,#10521,#10522,#10523,#10524),
 .UNSPECIFIED.,.F.,.F.,(4,1,4),(0.,0.00366623720419083,0.00734740673058716),
 .UNSPECIFIED.);
#163=B_SPLINE_CURVE_WITH_KNOTS('',3,(#10527,#10528,#10529,#10530,#10531),
 .UNSPECIFIED.,.F.,.F.,(4,1,4),(0.,0.0105143398733797,0.0203306515335477),
 .UNSPECIFIED.);
#164=B_SPLINE_CURVE_WITH_KNOTS('',3,(#10533,#10534,#10535,#10536,#10537),
 .UNSPECIFIED.,.F.,.F.,(4,1,4),(0.,0.00993803471386039,0.0210565442697725),
 .UNSPECIFIED.);
#165=B_SPLINE_CURVE_WITH_KNOTS('',3,(#10545,#10546,#10547,#10548,#10549),
 .UNSPECIFIED.,.F.,.F.,(4,1,4),(0.,0.0124350838181043,0.0237324820510757),
 .UNSPECIFIED.);
#166=B_SPLINE_CURVE_WITH_KNOTS('',3,(#10551,#10552,#10553,#10554,#10555),
 .UNSPECIFIED.,.F.,.F.,(4,1,4),(0.,0.0113535224460679,0.0239758323017903),
 .UNSPECIFIED.);
#167=B_SPLINE_CURVE_WITH_KNOTS('',3,(#10566,#10567,#10568,#10569,#10570),
 .UNSPECIFIED.,.F.,.F.,(4,1,4),(0.,0.0122110273240085,0.0255167751889305),
 .UNSPECIFIED.);
#168=B_SPLINE_CURVE_WITH_KNOTS('',3,(#10585,#10586,#10587,#10588,#10589),
 .UNSPECIFIED.,.F.,.F.,(4,1,4),(0.,0.0105143398733797,0.0203306515335477),
 .UNSPECIFIED.);
#169=B_SPLINE_CURVE_WITH_KNOTS('',3,(#10591,#10592,#10593,#10594,#10595),
 .UNSPECIFIED.,.F.,.F.,(4,1,4),(0.,0.00993801835155376,0.0210565327824366),
 .UNSPECIFIED.);
#170=B_SPLINE_CURVE_WITH_KNOTS('',3,(#10603,#10604,#10605,#10606,#10607),
 .UNSPECIFIED.,.F.,.F.,(4,1,4),(0.,0.0124350838181043,0.0237324820510757),
 .UNSPECIFIED.);
#171=B_SPLINE_CURVE_WITH_KNOTS('',3,(#10609,#10610,#10611,#10612,#10613),
 .UNSPECIFIED.,.F.,.F.,(4,1,4),(0.,0.0113436716084885,0.0238860116865669),
 .UNSPECIFIED.);
#172=B_SPLINE_CURVE_WITH_KNOTS('',3,(#10624,#10625,#10626,#10627,#10628),
 .UNSPECIFIED.,.F.,.F.,(4,1,4),(0.,0.0131034540993932,0.0271211368851684),
 .UNSPECIFIED.);
#173=B_SPLINE_CURVE_WITH_KNOTS('',3,(#10659,#10660,#10661,#10662,#10663),
 .UNSPECIFIED.,.F.,.F.,(4,1,4),(0.,0.00500161582696787,0.00960371953654124),
 .UNSPECIFIED.);
#174=B_SPLINE_CURVE_WITH_KNOTS('',3,(#10667,#10668,#10669,#10670,#10671),
 .UNSPECIFIED.,.F.,.F.,(4,1,4),(0.,0.00234930822848563,0.00482688680575344),
 .UNSPECIFIED.);
#175=B_SPLINE_CURVE_WITH_KNOTS('',3,(#10673,#10674,#10675,#10676,#10677),
 .UNSPECIFIED.,.F.,.F.,(4,1,4),(0.,0.00730293211340943,0.0140791928850401),
 .UNSPECIFIED.);
#176=B_SPLINE_CURVE_WITH_KNOTS('',3,(#10679,#10680,#10681,#10682,#10683),
 .UNSPECIFIED.,.F.,.F.,(4,1,4),(0.,0.00718840206160533,0.0158768265988329),
 .UNSPECIFIED.);
#177=B_SPLINE_CURVE_WITH_KNOTS('',3,(#10695,#10696,#10697,#10698,#10699),
 .UNSPECIFIED.,.F.,.F.,(4,1,4),(0.,0.0075121896111392,0.0142607037039821),
 .UNSPECIFIED.);
#178=B_SPLINE_CURVE_WITH_KNOTS('',3,(#10700,#10701,#10702,#10703,#10704),
 .UNSPECIFIED.,.F.,.F.,(4,1,4),(0.,0.00649972921301089,0.0130442999651256),
 .UNSPECIFIED.);
#179=B_SPLINE_CURVE_WITH_KNOTS('',3,(#10707,#10708,#10709,#10710,#10711),
 .UNSPECIFIED.,.F.,.F.,(4,1,4),(0.,0.00366270670066342,0.0072822030643963),
 .UNSPECIFIED.);
#180=B_SPLINE_CURVE_WITH_KNOTS('',3,(#10713,#10714,#10715,#10716,#10717),
 .UNSPECIFIED.,.F.,.F.,(4,1,4),(0.,0.00361948200590977,0.00728221662539359),
 .UNSPECIFIED.);
#181=B_SPLINE_CURVE_WITH_KNOTS('',3,(#10719,#10720,#10721,#10722,#10723),
 .UNSPECIFIED.,.F.,.F.,(4,1,4),(0.,0.0036811644980942,0.00734740892300177),
 .UNSPECIFIED.);
#182=B_SPLINE_CURVE_WITH_KNOTS('',3,(#10725,#10726,#10727,#10728,#10729),
 .UNSPECIFIED.,.F.,.F.,(4,1,4),(0.,0.00365123870670559,0.00731747631098879),
 .UNSPECIFIED.);
#183=B_SPLINE_CURVE_WITH_KNOTS('',3,(#10731,#10732,#10733,#10734,#10735),
 .UNSPECIFIED.,.F.,.F.,(4,1,4),(0.,0.00368464630304512,0.00738225495725616),
 .UNSPECIFIED.);
#184=B_SPLINE_CURVE_WITH_KNOTS('',3,(#10737,#10738,#10739,#10740,#10741),
 .UNSPECIFIED.,.F.,.F.,(4,1,4),(0.,0.00369760347824305,0.00738225133576434),
 .UNSPECIFIED.);
#185=B_SPLINE_CURVE_WITH_KNOTS('',3,(#10743,#10744,#10745,#10746,#10747),
 .UNSPECIFIED.,.F.,.F.,(4,1,4),(0.,0.00366623548952769,0.00731747819445076),
 .UNSPECIFIED.);
#186=B_SPLINE_CURVE_WITH_KNOTS('',3,(#10748,#10749,#10750,#10751,#10752),
 .UNSPECIFIED.,.F.,.F.,(4,1,4),(0.,0.00366624341514991,0.00734740561729221),
 .UNSPECIFIED.);
#187=B_SPLINE_CURVE_WITH_KNOTS('',3,(#10779,#10780,#10781,#10782,#10783),
 .UNSPECIFIED.,.F.,.F.,(4,1,4),(0.,0.00468885216043537,0.00856607303625434),
 .UNSPECIFIED.);
#188=B_SPLINE_CURVE_WITH_KNOTS('',3,(#10787,#10788,#10789,#10790,#10791),
 .UNSPECIFIED.,.F.,.F.,(4,1,4),(0.,0.0194127422235662,0.0376908947075655),
 .UNSPECIFIED.);
#189=B_SPLINE_CURVE_WITH_KNOTS('',3,(#10793,#10794,#10795,#10796,#10797),
 .UNSPECIFIED.,.F.,.F.,(4,1,4),(0.,0.0057723909877859,0.010906822334088),
 .UNSPECIFIED.);
#190=B_SPLINE_CURVE_WITH_KNOTS('',3,(#10799,#10800,#10801,#10802,#10803),
 .UNSPECIFIED.,.F.,.F.,(4,1,4),(0.,0.00533269204339804,0.011581026145443),
 .UNSPECIFIED.);
#191=B_SPLINE_CURVE_WITH_KNOTS('',3,(#10807,#10808,#10809,#10810,#10811),
 .UNSPECIFIED.,.F.,.F.,(4,1,4),(0.,0.00674502669118662,0.0141069451996683),
 .UNSPECIFIED.);
#192=B_SPLINE_CURVE_WITH_KNOTS('',3,(#10813,#10814,#10815,#10816,#10817),
 .UNSPECIFIED.,.F.,.F.,(4,1,4),(0.,0.00773598777312357,0.0156569605257566),
 .UNSPECIFIED.);
#193=B_SPLINE_CURVE_WITH_KNOTS('',3,(#10819,#10820,#10821,#10822,#10823),
 .UNSPECIFIED.,.F.,.F.,(4,1,4),(0.,0.0107173722585833,0.0205501249860823),
 .UNSPECIFIED.);
#194=B_SPLINE_CURVE_WITH_KNOTS('',3,(#10825,#10826,#10827,#10828,#10829),
 .UNSPECIFIED.,.F.,.F.,(4,1,4),(0.,0.00936862855287293,0.0187127846907587),
 .UNSPECIFIED.);
#195=B_SPLINE_CURVE_WITH_KNOTS('',3,(#10831,#10832,#10833,#10834,#10835),
 .UNSPECIFIED.,.F.,.F.,(4,1,4),(0.,0.00969802736364882,0.0199951177893277),
 .UNSPECIFIED.);
#196=B_SPLINE_CURVE_WITH_KNOTS('',3,(#10839,#10840,#10841,#10842,#10843),
 .UNSPECIFIED.,.F.,.F.,(4,1,4),(0.,0.0100674125571668,0.019638141780752),
 .UNSPECIFIED.);
#197=B_SPLINE_CURVE_WITH_KNOTS('',3,(#10845,#10846,#10847,#10848,#10849),
 .UNSPECIFIED.,.F.,.F.,(4,1,4),(0.,0.00918901276984711,0.0182419976101593),
 .UNSPECIFIED.);
#198=B_SPLINE_CURVE_WITH_KNOTS('',3,(#10851,#10852,#10853,#10854,#10855),
 .UNSPECIFIED.,.F.,.F.,(4,1,4),(0.,0.00931621409301911,0.0193467715121186),
 .UNSPECIFIED.);
#199=B_SPLINE_CURVE_WITH_KNOTS('',3,(#10857,#10858,#10859,#10860,#10861),
 .UNSPECIFIED.,.F.,.F.,(4,1,4),(0.,0.0141494182333966,0.0270860873109022),
 .UNSPECIFIED.);
#200=B_SPLINE_CURVE_WITH_KNOTS('',3,(#10862,#10863,#10864,#10865,#10866),
 .UNSPECIFIED.,.F.,.F.,(4,1,4),(0.,0.0137079539235968,0.0299494489752303),
 .UNSPECIFIED.);
#201=B_SPLINE_CURVE_WITH_KNOTS('',3,(#10871,#10872,#10873,#10874,#10875),
 .UNSPECIFIED.,.F.,.F.,(4,1,4),(0.,0.0192761439567787,0.0363875285144912),
 .UNSPECIFIED.);
#202=B_SPLINE_CURVE_WITH_KNOTS('',3,(#10877,#10878,#10879,#10880,#10881),
 .UNSPECIFIED.,.F.,.F.,(4,1,4),(0.,0.0186958477890417,0.0427480512528598),
 .UNSPECIFIED.);
#203=B_SPLINE_CURVE_WITH_KNOTS('',3,(#10883,#10884,#10885,#10886,#10887),
 .UNSPECIFIED.,.F.,.F.,(4,1,4),(0.,0.0216707675231247,0.0375841636457917),
 .UNSPECIFIED.);
#204=B_SPLINE_CURVE_WITH_KNOTS('',3,(#10889,#10890,#10891,#10892,#10893),
 .UNSPECIFIED.,.F.,.F.,(4,1,4),(0.,0.0122918088072734,0.022937096481781),
 .UNSPECIFIED.);
#205=B_SPLINE_CURVE_WITH_KNOTS('',3,(#10895,#10896,#10897,#10898,#10899),
 .UNSPECIFIED.,.F.,.F.,(4,1,4),(0.,0.0133306250558697,0.0337202896025094),
 .UNSPECIFIED.);
#206=B_SPLINE_CURVE_WITH_KNOTS('',3,(#10903,#10904,#10905,#10906,#10907),
 .UNSPECIFIED.,.F.,.F.,(4,1,4),(0.,0.0160407158516151,0.0273096338857526),
 .UNSPECIFIED.);
#207=B_SPLINE_CURVE_WITH_KNOTS('',3,(#10909,#10910,#10911,#10912,#10913),
 .UNSPECIFIED.,.F.,.F.,(4,1,4),(0.,0.00943264349458549,0.0199707733561016),
 .UNSPECIFIED.);
#208=B_SPLINE_CURVE_WITH_KNOTS('',3,(#10917,#10918,#10919,#10920,#10921),
 .UNSPECIFIED.,.F.,.F.,(4,1,4),(0.,0.00485761062083249,0.0115093044964957),
 .UNSPECIFIED.);
#209=B_SPLINE_CURVE_WITH_KNOTS('',3,(#10923,#10924,#10925,#10926,#10927),
 .UNSPECIFIED.,.F.,.F.,(4,1,4),(0.,0.00284766722524002,0.00454656526698493),
 .UNSPECIFIED.);
#210=B_SPLINE_CURVE_WITH_KNOTS('',3,(#10929,#10930,#10931,#10932,#10933),
 .UNSPECIFIED.,.F.,.F.,(4,1,4),(0.,0.0127150574715667,0.0246782461827483),
 .UNSPECIFIED.);
#211=B_SPLINE_CURVE_WITH_KNOTS('',3,(#10935,#10936,#10937,#10938,#10939),
 .UNSPECIFIED.,.F.,.F.,(4,1,4),(0.,0.0116967785541377,0.0236507576954348),
 .UNSPECIFIED.);
#212=B_SPLINE_CURVE_WITH_KNOTS('',3,(#10941,#10942,#10943,#10944,#10945),
 .UNSPECIFIED.,.F.,.F.,(4,1,4),(0.,0.0195517549865507,0.0367266757529245),
 .UNSPECIFIED.);
#213=B_SPLINE_CURVE_WITH_KNOTS('',3,(#10947,#10948,#10949,#10950,#10951),
 .UNSPECIFIED.,.F.,.F.,(4,1,4),(0.,0.0162398356981208,0.0329139238313966),
 .UNSPECIFIED.);
#214=B_SPLINE_CURVE_WITH_KNOTS('',3,(#10953,#10954,#10955,#10956,#10957),
 .UNSPECIFIED.,.F.,.F.,(4,1,4),(0.,0.0113116748404148,0.0221201811849787),
 .UNSPECIFIED.);
#215=B_SPLINE_CURVE_WITH_KNOTS('',3,(#10959,#10960,#10961,#10962,#10963),
 .UNSPECIFIED.,.F.,.F.,(4,1,4),(0.,0.0106617619972809,0.021562634858431),
 .UNSPECIFIED.);
#216=B_SPLINE_CURVE_WITH_KNOTS('',3,(#10965,#10966,#10967,#10968,#10969),
 .UNSPECIFIED.,.F.,.F.,(4,1,4),(0.,0.01330672830927,0.0307626310807539),
 .UNSPECIFIED.);
#217=B_SPLINE_CURVE_WITH_KNOTS('',3,(#10971,#10972,#10973,#10974,#10975),
 .UNSPECIFIED.,.F.,.F.,(4,1,4),(0.,0.0224831818326432,0.0371606251850838),
 .UNSPECIFIED.);
#218=B_SPLINE_CURVE_WITH_KNOTS('',3,(#10979,#10980,#10981,#10982,#10983),
 .UNSPECIFIED.,.F.,.F.,(4,1,4),(0.,0.00924065331343021,0.016494631751844),
 .UNSPECIFIED.);
#219=B_SPLINE_CURVE_WITH_KNOTS('',3,(#10985,#10986,#10987,#10988,#10989),
 .UNSPECIFIED.,.F.,.F.,(4,1,4),(0.,0.00834279018319766,0.0206889616987568),
 .UNSPECIFIED.);
#220=B_SPLINE_CURVE_WITH_KNOTS('',3,(#10991,#10992,#10993,#10994,#10995),
 .UNSPECIFIED.,.F.,.F.,(4,1,4),(0.,0.00885360875647433,0.016092086978787),
 .UNSPECIFIED.);
#221=B_SPLINE_CURVE_WITH_KNOTS('',3,(#10996,#10997,#10998,#10999,#11000),
 .UNSPECIFIED.,.F.,.F.,(4,1,4),(0.,0.00733367353535067,0.0165180791600252),
 .UNSPECIFIED.);
#222=B_SPLINE_CURVE_WITH_KNOTS('',3,(#11007,#11008,#11009,#11010,#11011),
 .UNSPECIFIED.,.F.,.F.,(4,1,4),(0.,0.0275999110613956,0.0558210157626317),
 .UNSPECIFIED.);
#223=B_SPLINE_CURVE_WITH_KNOTS('',3,(#11015,#11016,#11017,#11018,#11019),
 .UNSPECIFIED.,.F.,.F.,(4,1,4),(0.,0.0166158339115592,0.0364163365685326),
 .UNSPECIFIED.);
#224=B_SPLINE_CURVE_WITH_KNOTS('',3,(#11021,#11022,#11023,#11024,#11025),
 .UNSPECIFIED.,.F.,.F.,(4,1,4),(0.,0.0202874363081308,0.0391357142196647),
 .UNSPECIFIED.);
#225=B_SPLINE_CURVE_WITH_KNOTS('',3,(#11035,#11036,#11037,#11038,#11039),
 .UNSPECIFIED.,.F.,.F.,(4,1,4),(0.,0.0267778866971609,0.0454663080759344),
 .UNSPECIFIED.);
#226=B_SPLINE_CURVE_WITH_KNOTS('',3,(#11041,#11042,#11043,#11044,#11045),
 .UNSPECIFIED.,.F.,.F.,(4,1,4),(0.,0.014563718887467,0.0295377179607461),
 .UNSPECIFIED.);
#227=B_SPLINE_CURVE_WITH_KNOTS('',3,(#11047,#11048,#11049,#11050,#11051),
 .UNSPECIFIED.,.F.,.F.,(4,1,4),(0.,0.0156113133595293,0.0319310789468192),
 .UNSPECIFIED.);
#228=B_SPLINE_CURVE_WITH_KNOTS('',3,(#11053,#11054,#11055,#11056,#11057),
 .UNSPECIFIED.,.F.,.F.,(4,1,4),(0.,0.020113485357317,0.0388258713775826),
 .UNSPECIFIED.);
#229=B_SPLINE_CURVE_WITH_KNOTS('',3,(#11059,#11060,#11061,#11062,#11063),
 .UNSPECIFIED.,.F.,.F.,(4,1,4),(0.,0.0196957570544582,0.0428527793175183),
 .UNSPECIFIED.);
#230=B_SPLINE_CURVE_WITH_KNOTS('',3,(#11065,#11066,#11067,#11068,#11069),
 .UNSPECIFIED.,.F.,.F.,(4,1,4),(0.,0.0139083473772638,0.0265201177214292),
 .UNSPECIFIED.);
#231=B_SPLINE_CURVE_WITH_KNOTS('',3,(#11071,#11072,#11073,#11074,#11075),
 .UNSPECIFIED.,.F.,.F.,(4,1,4),(0.,0.0156173454040122,0.0384800648982762),
 .UNSPECIFIED.);
#232=B_SPLINE_CURVE_WITH_KNOTS('',3,(#11083,#11084,#11085,#11086,#11087),
 .UNSPECIFIED.,.F.,.F.,(4,1,4),(0.,0.0223116137118709,0.0350901886009434),
 .UNSPECIFIED.);
#233=B_SPLINE_CURVE_WITH_KNOTS('',3,(#11089,#11090,#11091,#11092,#11093),
 .UNSPECIFIED.,.F.,.F.,(4,1,4),(0.,0.00754674021557362,0.0143274094398398),
 .UNSPECIFIED.);
#234=B_SPLINE_CURVE_WITH_KNOTS('',3,(#11095,#11096,#11097,#11098,#11099),
 .UNSPECIFIED.,.F.,.F.,(4,1,4),(0.,0.00817350751904361,0.019820739408855),
 .UNSPECIFIED.);
#235=B_SPLINE_CURVE_WITH_KNOTS('',3,(#11243,#11244,#11245,#11246,#11247),
 .UNSPECIFIED.,.F.,.F.,(4,1,4),(0.,0.0228153349450587,0.0352045833260349),
 .UNSPECIFIED.);
#236=B_SPLINE_CURVE_WITH_KNOTS('',3,(#11249,#11250,#11251,#11252,#11253),
 .UNSPECIFIED.,.F.,.F.,(4,1,4),(-0.0352045833260349,-0.0228153349450587,
0.),.UNSPECIFIED.);
#237=B_SPLINE_CURVE_WITH_KNOTS('',3,(#11266,#11267,#11268,#11269,#11270),
 .UNSPECIFIED.,.F.,.F.,(4,1,4),(0.,0.00701685299736077,0.0138473228864084),
 .UNSPECIFIED.);
#238=B_SPLINE_CURVE_WITH_KNOTS('',3,(#11272,#11273,#11274,#11275,#11276),
 .UNSPECIFIED.,.F.,.F.,(4,1,4),(-0.0138473228864084,-0.00701685299736077,
0.),.UNSPECIFIED.);
#239=B_SPLINE_CURVE_WITH_KNOTS('',3,(#11289,#11290,#11291,#11292,#11293),
 .UNSPECIFIED.,.F.,.F.,(4,1,4),(0.,0.0071684073641425,0.0152055307722959),
 .UNSPECIFIED.);
#240=B_SPLINE_CURVE_WITH_KNOTS('',3,(#11295,#11296,#11297,#11298,#11299),
 .UNSPECIFIED.,.F.,.F.,(4,1,4),(-0.0152055307722959,-0.0071684073641425,
0.),.UNSPECIFIED.);
#241=B_SPLINE_CURVE_WITH_KNOTS('',3,(#11312,#11313,#11314,#11315,#11316),
 .UNSPECIFIED.,.F.,.F.,(4,1,4),(0.,0.00891214258584425,0.0168737894887729),
 .UNSPECIFIED.);
#242=B_SPLINE_CURVE_WITH_KNOTS('',3,(#11318,#11319,#11320,#11321,#11322),
 .UNSPECIFIED.,.F.,.F.,(4,1,4),(-0.0168737894887729,-0.00891214258584425,
0.),.UNSPECIFIED.);
#243=B_SPLINE_CURVE_WITH_KNOTS('',3,(#11335,#11336,#11337,#11338,#11339),
 .UNSPECIFIED.,.F.,.F.,(4,1,4),(0.,0.00796098445043325,0.01680005032762),
 .UNSPECIFIED.);
#244=B_SPLINE_CURVE_WITH_KNOTS('',3,(#11341,#11342,#11343,#11344,#11345),
 .UNSPECIFIED.,.F.,.F.,(4,1,4),(-0.01680005032762,-0.00796098445043325,
0.),.UNSPECIFIED.);
#245=B_SPLINE_CURVE_WITH_KNOTS('',3,(#11358,#11359,#11360,#11361,#11362),
 .UNSPECIFIED.,.F.,.F.,(4,1,4),(0.,0.0095050474439511,0.028490140044442),
 .UNSPECIFIED.);
#246=B_SPLINE_CURVE_WITH_KNOTS('',3,(#11364,#11365,#11366,#11367,#11368),
 .UNSPECIFIED.,.F.,.F.,(4,1,4),(-0.028490140044442,-0.0095050474439511,
0.),.UNSPECIFIED.);
#247=B_SPLINE_CURVE_WITH_KNOTS('',3,(#11400,#11401,#11402,#11403,#11404),
 .UNSPECIFIED.,.F.,.F.,(4,1,4),(-0.0454663080759344,-0.0267778866971609,
0.),.UNSPECIFIED.);
#248=B_SPLINE_CURVE_WITH_KNOTS('',3,(#11417,#11418,#11419,#11420,#11421),
 .UNSPECIFIED.,.F.,.F.,(4,1,4),(-0.0295377179607461,-0.014563718887467,
0.),.UNSPECIFIED.);
#249=B_SPLINE_CURVE_WITH_KNOTS('',3,(#11434,#11435,#11436,#11437,#11438),
 .UNSPECIFIED.,.F.,.F.,(4,1,4),(-0.0319310789468192,-0.0156113133595293,
0.),.UNSPECIFIED.);
#250=B_SPLINE_CURVE_WITH_KNOTS('',3,(#11451,#11452,#11453,#11454,#11455),
 .UNSPECIFIED.,.F.,.F.,(4,1,4),(-0.0388258713775826,-0.020113485357317,
0.),.UNSPECIFIED.);
#251=B_SPLINE_CURVE_WITH_KNOTS('',3,(#11468,#11469,#11470,#11471,#11472),
 .UNSPECIFIED.,.F.,.F.,(4,1,4),(-0.0428527793175183,-0.0196957570544582,
0.),.UNSPECIFIED.);
#252=B_SPLINE_CURVE_WITH_KNOTS('',3,(#11485,#11486,#11487,#11488,#11489),
 .UNSPECIFIED.,.F.,.F.,(4,1,4),(-0.0265201177214292,-0.0139083473772638,
0.),.UNSPECIFIED.);
#253=B_SPLINE_CURVE_WITH_KNOTS('',3,(#11502,#11503,#11504,#11505,#11506),
 .UNSPECIFIED.,.F.,.F.,(4,1,4),(-0.0384800648982762,-0.0156173454040122,
0.),.UNSPECIFIED.);
#254=B_SPLINE_CURVE_WITH_KNOTS('',3,(#11531,#11532,#11533,#11534,#11535),
 .UNSPECIFIED.,.F.,.F.,(4,1,4),(-0.0350901886009434,-0.0223116137118709,
0.),.UNSPECIFIED.);
#255=B_SPLINE_CURVE_WITH_KNOTS('',3,(#11548,#11549,#11550,#11551,#11552),
 .UNSPECIFIED.,.F.,.F.,(4,1,4),(-0.0143274094398398,-0.00754674021557362,
0.),.UNSPECIFIED.);
#256=B_SPLINE_CURVE_WITH_KNOTS('',3,(#11565,#11566,#11567,#11568,#11569),
 .UNSPECIFIED.,.F.,.F.,(4,1,4),(-0.019820739408855,-0.00817350751904361,
0.),.UNSPECIFIED.);
#257=B_SPLINE_CURVE_WITH_KNOTS('',3,(#11604,#11605,#11606,#11607,#11608),
 .UNSPECIFIED.,.F.,.F.,(4,1,4),(-0.0558210157626317,-0.0275999110613956,
0.),.UNSPECIFIED.);
#258=B_SPLINE_CURVE_WITH_KNOTS('',3,(#11625,#11626,#11627,#11628,#11629),
 .UNSPECIFIED.,.F.,.F.,(4,1,4),(-0.0364163365685326,-0.0166158339115592,
0.),.UNSPECIFIED.);
#259=B_SPLINE_CURVE_WITH_KNOTS('',3,(#11642,#11643,#11644,#11645,#11646),
 .UNSPECIFIED.,.F.,.F.,(4,1,4),(-0.0391357142196647,-0.0202874363081308,
0.),.UNSPECIFIED.);
#260=B_SPLINE_CURVE_WITH_KNOTS('',3,(#11667,#11668,#11669,#11670,#11671),
 .UNSPECIFIED.,.F.,.F.,(4,1,4),(0.,0.00645068527709618,0.0129384263794739),
 .UNSPECIFIED.);
#261=B_SPLINE_CURVE_WITH_KNOTS('',3,(#11675,#11676,#11677,#11678,#11679),
 .UNSPECIFIED.,.F.,.F.,(4,1,4),(-0.0129384263794739,-0.00645068527709618,
0.),.UNSPECIFIED.);
#262=B_SPLINE_CURVE_WITH_KNOTS('',3,(#11692,#11693,#11694,#11695,#11696),
 .UNSPECIFIED.,.F.,.F.,(4,1,4),(0.,0.00759531855213025,0.0176018430809039),
 .UNSPECIFIED.);
#263=B_SPLINE_CURVE_WITH_KNOTS('',3,(#11698,#11699,#11700,#11701,#11702),
 .UNSPECIFIED.,.F.,.F.,(4,1,4),(-0.0176018430809039,-0.00759531855213025,
0.),.UNSPECIFIED.);
#264=B_SPLINE_CURVE_WITH_KNOTS('',3,(#11715,#11716,#11717,#11718,#11719),
 .UNSPECIFIED.,.F.,.F.,(4,1,4),(0.,0.0194930485960424,0.048611527695283),
 .UNSPECIFIED.);
#265=B_SPLINE_CURVE_WITH_KNOTS('',3,(#11721,#11722,#11723,#11724,#11725),
 .UNSPECIFIED.,.F.,.F.,(4,1,4),(-0.048611527695283,-0.0194930485960424,
0.),.UNSPECIFIED.);
#266=B_SPLINE_CURVE_WITH_KNOTS('',3,(#11738,#11739,#11740,#11741,#11742),
 .UNSPECIFIED.,.F.,.F.,(4,1,4),(0.,0.0287036095817834,0.0469308542805067),
 .UNSPECIFIED.);
#267=B_SPLINE_CURVE_WITH_KNOTS('',3,(#11744,#11745,#11746,#11747,#11748),
 .UNSPECIFIED.,.F.,.F.,(4,1,4),(-0.0469308542805067,-0.0287036095817834,
0.),.UNSPECIFIED.);
#268=B_SPLINE_CURVE_WITH_KNOTS('',3,(#11761,#11762,#11763,#11764,#11765),
 .UNSPECIFIED.,.F.,.F.,(4,1,4),(0.,0.0112818185726609,0.0192150305667834),
 .UNSPECIFIED.);
#269=B_SPLINE_CURVE_WITH_KNOTS('',3,(#11767,#11768,#11769,#11770,#11771),
 .UNSPECIFIED.,.F.,.F.,(4,1,4),(-0.0192150305667834,-0.0112818185726609,
0.),.UNSPECIFIED.);
#270=B_SPLINE_CURVE_WITH_KNOTS('',3,(#11784,#11785,#11786,#11787,#11788),
 .UNSPECIFIED.,.F.,.F.,(4,1,4),(0.,0.00642036048986902,0.0128520395468598),
 .UNSPECIFIED.);
#271=B_SPLINE_CURVE_WITH_KNOTS('',3,(#11790,#11791,#11792,#11793,#11794),
 .UNSPECIFIED.,.F.,.F.,(4,1,4),(-0.0128520395468598,-0.00642036048986902,
0.),.UNSPECIFIED.);
#272=B_SPLINE_CURVE_WITH_KNOTS('',3,(#11807,#11808,#11809,#11810,#11811),
 .UNSPECIFIED.,.F.,.F.,(4,1,4),(0.,0.00645062649998275,0.0129383676023605),
 .UNSPECIFIED.);
#273=B_SPLINE_CURVE_WITH_KNOTS('',3,(#11813,#11814,#11815,#11816,#11817),
 .UNSPECIFIED.,.F.,.F.,(4,1,4),(-0.0129383676023605,-0.00645062649998275,
0.),.UNSPECIFIED.);
#274=B_SPLINE_CURVE_WITH_KNOTS('',3,(#11830,#11831,#11832,#11833,#11834),
 .UNSPECIFIED.,.F.,.F.,(4,1,4),(0.,0.00759536701611147,0.0176018707347428),
 .UNSPECIFIED.);
#275=B_SPLINE_CURVE_WITH_KNOTS('',3,(#11836,#11837,#11838,#11839,#11840),
 .UNSPECIFIED.,.F.,.F.,(4,1,4),(-0.0176018707347428,-0.00759536701611147,
0.),.UNSPECIFIED.);
#276=B_SPLINE_CURVE_WITH_KNOTS('',3,(#11853,#11854,#11855,#11856,#11857),
 .UNSPECIFIED.,.F.,.F.,(4,1,4),(0.,0.019395269172323,0.0484808046857542),
 .UNSPECIFIED.);
#277=B_SPLINE_CURVE_WITH_KNOTS('',3,(#11859,#11860,#11861,#11862,#11863),
 .UNSPECIFIED.,.F.,.F.,(4,1,4),(-0.0484808046857542,-0.019395269172323,
0.),.UNSPECIFIED.);
#278=B_SPLINE_CURVE_WITH_KNOTS('',3,(#11876,#11877,#11878,#11879,#11880),
 .UNSPECIFIED.,.F.,.F.,(4,1,4),(0.,0.0287035946872644,0.0469308393859877),
 .UNSPECIFIED.);
#279=B_SPLINE_CURVE_WITH_KNOTS('',3,(#11882,#11883,#11884,#11885,#11886),
 .UNSPECIFIED.,.F.,.F.,(4,1,4),(-0.0469308393859877,-0.0287035946872644,
0.),.UNSPECIFIED.);
#280=B_SPLINE_CURVE_WITH_KNOTS('',3,(#11899,#11900,#11901,#11902,#11903),
 .UNSPECIFIED.,.F.,.F.,(4,1,4),(0.,0.0112973062621633,0.0192701326546924),
 .UNSPECIFIED.);
#281=B_SPLINE_CURVE_WITH_KNOTS('',3,(#11905,#11906,#11907,#11908,#11909),
 .UNSPECIFIED.,.F.,.F.,(4,1,4),(-0.0192701326546924,-0.0112973062621633,
0.),.UNSPECIFIED.);
#282=B_SPLINE_CURVE_WITH_KNOTS('',3,(#11921,#11922,#11923,#11924,#11925),
 .UNSPECIFIED.,.F.,.F.,(4,1,4),(0.,0.0064448109065261,0.0128792155051973),
 .UNSPECIFIED.);
#283=B_SPLINE_CURVE_WITH_KNOTS('',3,(#11926,#11927,#11928,#11929,#11930),
 .UNSPECIFIED.,.F.,.F.,(4,1,4),(-0.0128792155051973,-0.0064448109065261,
0.),.UNSPECIFIED.);
#284=B_SPLINE_CURVE_WITH_KNOTS('',3,(#11944,#11945,#11946,#11947,#11948),
 .UNSPECIFIED.,.F.,.F.,(4,1,4),(-0.049648489066788,-0.0255125950692777,
0.),.UNSPECIFIED.);
#285=B_SPLINE_CURVE_WITH_KNOTS('',3,(#11961,#11962,#11963,#11964,#11965),
 .UNSPECIFIED.,.F.,.F.,(4,1,4),(-0.0819651630012079,-0.0345659515450239,
0.),.UNSPECIFIED.);
#286=B_SPLINE_CURVE_WITH_KNOTS('',3,(#11978,#11979,#11980,#11981,#11982),
 .UNSPECIFIED.,.F.,.F.,(4,1,4),(-0.0821265018564927,-0.0473697195019192,
0.),.UNSPECIFIED.);
#287=B_SPLINE_CURVE_WITH_KNOTS('',3,(#11995,#11996,#11997,#11998,#11999),
 .UNSPECIFIED.,.F.,.F.,(4,1,4),(-0.0494029650791283,-0.0239355666539608,
0.),.UNSPECIFIED.);
#288=B_SPLINE_CURVE_WITH_KNOTS('',3,(#12012,#12013,#12014,#12015,#12016),
 .UNSPECIFIED.,.F.,.F.,(4,1,4),(-0.05183158087412,-0.0260477977975541,0.),
 .UNSPECIFIED.);
#289=B_SPLINE_CURVE_WITH_KNOTS('',3,(#12029,#12030,#12031,#12032,#12033),
 .UNSPECIFIED.,.F.,.F.,(4,1,4),(-0.0801817432364899,-0.0328366181721822,
0.),.UNSPECIFIED.);
#290=B_SPLINE_CURVE_WITH_KNOTS('',3,(#12046,#12047,#12048,#12049,#12050),
 .UNSPECIFIED.,.F.,.F.,(4,1,4),(-0.0818696060817538,-0.0471729506029715,
0.),.UNSPECIFIED.);
#291=B_SPLINE_CURVE_WITH_KNOTS('',3,(#12062,#12063,#12064,#12065,#12066),
 .UNSPECIFIED.,.F.,.F.,(4,1,4),(-0.0494029650791283,-0.0239355666539608,
0.),.UNSPECIFIED.);
#292=B_SPLINE_CURVE_WITH_KNOTS('',3,(#12098,#12099,#12100,#12101,#12102),
 .UNSPECIFIED.,.F.,.F.,(4,1,4),(0.,0.00955706158851112,0.0232528726711233),
 .UNSPECIFIED.);
#293=B_SPLINE_CURVE_WITH_KNOTS('',3,(#12106,#12107,#12108,#12109,#12110),
 .UNSPECIFIED.,.F.,.F.,(4,1,4),(-0.0232528726711233,-0.00955706158851112,
0.),.UNSPECIFIED.);
#294=B_SPLINE_CURVE_WITH_KNOTS('',3,(#12123,#12124,#12125,#12126,#12127),
 .UNSPECIFIED.,.F.,.F.,(4,1,4),(0.,0.0131658683245325,0.0212414220112041),
 .UNSPECIFIED.);
#295=B_SPLINE_CURVE_WITH_KNOTS('',3,(#12129,#12130,#12131,#12132,#12133),
 .UNSPECIFIED.,.F.,.F.,(4,1,4),(-0.0212414220112041,-0.0131658683245325,
0.),.UNSPECIFIED.);
#296=B_SPLINE_CURVE_WITH_KNOTS('',3,(#12146,#12147,#12148,#12149,#12150),
 .UNSPECIFIED.,.F.,.F.,(4,1,4),(0.,0.00797536881096411,0.0154175516906908),
 .UNSPECIFIED.);
#297=B_SPLINE_CURVE_WITH_KNOTS('',3,(#12152,#12153,#12154,#12155,#12156),
 .UNSPECIFIED.,.F.,.F.,(4,1,4),(-0.0154175516906908,-0.00797536881096411,
0.),.UNSPECIFIED.);
#298=B_SPLINE_CURVE_WITH_KNOTS('',3,(#12169,#12170,#12171,#12172,#12173),
 .UNSPECIFIED.,.F.,.F.,(4,1,4),(0.,0.00739456262442062,0.0149656795262858),
 .UNSPECIFIED.);
#299=B_SPLINE_CURVE_WITH_KNOTS('',3,(#12175,#12176,#12177,#12178,#12179),
 .UNSPECIFIED.,.F.,.F.,(4,1,4),(-0.0149656795262858,-0.00739456262442062,
0.),.UNSPECIFIED.);
#300=B_SPLINE_CURVE_WITH_KNOTS('',3,(#12192,#12193,#12194,#12195,#12196),
 .UNSPECIFIED.,.F.,.F.,(4,1,4),(0.,0.00784404016845226,0.016139818733885),
 .UNSPECIFIED.);
#301=B_SPLINE_CURVE_WITH_KNOTS('',3,(#12198,#12199,#12200,#12201,#12202),
 .UNSPECIFIED.,.F.,.F.,(4,1,4),(-0.016139818733885,-0.00784404016845226,
0.),.UNSPECIFIED.);
#302=B_SPLINE_CURVE_WITH_KNOTS('',3,(#12215,#12216,#12217,#12218,#12219),
 .UNSPECIFIED.,.F.,.F.,(4,1,4),(0.,0.00992655839001097,0.0204831526235057),
 .UNSPECIFIED.);
#303=B_SPLINE_CURVE_WITH_KNOTS('',3,(#12221,#12222,#12223,#12224,#12225),
 .UNSPECIFIED.,.F.,.F.,(4,1,4),(-0.0204831526235057,-0.00992655839001097,
0.),.UNSPECIFIED.);
#304=B_SPLINE_CURVE_WITH_KNOTS('',3,(#12238,#12239,#12240,#12241,#12242),
 .UNSPECIFIED.,.F.,.F.,(4,1,4),(0.,0.00787727759682953,0.0153211859052058),
 .UNSPECIFIED.);
#305=B_SPLINE_CURVE_WITH_KNOTS('',3,(#12244,#12245,#12246,#12247,#12248),
 .UNSPECIFIED.,.F.,.F.,(4,1,4),(-0.0153211859052058,-0.00787727759682953,
0.),.UNSPECIFIED.);
#306=B_SPLINE_CURVE_WITH_KNOTS('',3,(#12261,#12262,#12263,#12264,#12265),
 .UNSPECIFIED.,.F.,.F.,(4,1,4),(0.,0.00697377075308472,0.0181527355344481),
 .UNSPECIFIED.);
#307=B_SPLINE_CURVE_WITH_KNOTS('',3,(#12267,#12268,#12269,#12270,#12271),
 .UNSPECIFIED.,.F.,.F.,(4,1,4),(-0.0181527355344481,-0.00697377075308472,
0.),.UNSPECIFIED.);
#308=B_SPLINE_CURVE_WITH_KNOTS('',3,(#12293,#12294,#12295,#12296,#12297),
 .UNSPECIFIED.,.F.,.F.,(4,1,4),(-0.0363875285144912,-0.0192761439567787,
0.),.UNSPECIFIED.);
#309=B_SPLINE_CURVE_WITH_KNOTS('',3,(#12310,#12311,#12312,#12313,#12314),
 .UNSPECIFIED.,.F.,.F.,(4,1,4),(-0.0427480512528598,-0.0186958477890417,
0.),.UNSPECIFIED.);
#310=B_SPLINE_CURVE_WITH_KNOTS('',3,(#12327,#12328,#12329,#12330,#12331),
 .UNSPECIFIED.,.F.,.F.,(4,1,4),(-0.0375841636457917,-0.0216707675231247,
0.),.UNSPECIFIED.);
#311=B_SPLINE_CURVE_WITH_KNOTS('',3,(#12344,#12345,#12346,#12347,#12348),
 .UNSPECIFIED.,.F.,.F.,(4,1,4),(-0.022937096481781,-0.0122918088072734,
0.),.UNSPECIFIED.);
#312=B_SPLINE_CURVE_WITH_KNOTS('',3,(#12361,#12362,#12363,#12364,#12365),
 .UNSPECIFIED.,.F.,.F.,(4,1,4),(-0.0337202896025094,-0.0133306250558697,
0.),.UNSPECIFIED.);
#313=B_SPLINE_CURVE_WITH_KNOTS('',3,(#12382,#12383,#12384,#12385,#12386),
 .UNSPECIFIED.,.F.,.F.,(4,1,4),(-0.0273096338857526,-0.0160407158516151,
0.),.UNSPECIFIED.);
#314=B_SPLINE_CURVE_WITH_KNOTS('',3,(#12399,#12400,#12401,#12402,#12403),
 .UNSPECIFIED.,.F.,.F.,(4,1,4),(-0.0199707733561016,-0.00943264349458549,
0.),.UNSPECIFIED.);
#315=B_SPLINE_CURVE_WITH_KNOTS('',3,(#12420,#12421,#12422,#12423,#12424),
 .UNSPECIFIED.,.F.,.F.,(4,1,4),(-0.0115093044964957,-0.00485761062083249,
0.),.UNSPECIFIED.);
#316=B_SPLINE_CURVE_WITH_KNOTS('',3,(#12437,#12438,#12439,#12440,#12441),
 .UNSPECIFIED.,.F.,.F.,(4,1,4),(-0.00454656526698493,-0.00284766722524002,
0.),.UNSPECIFIED.);
#317=B_SPLINE_CURVE_WITH_KNOTS('',3,(#12454,#12455,#12456,#12457,#12458),
 .UNSPECIFIED.,.F.,.F.,(4,1,4),(-0.0246782461827483,-0.0127150574715667,
0.),.UNSPECIFIED.);
#318=B_SPLINE_CURVE_WITH_KNOTS('',3,(#12471,#12472,#12473,#12474,#12475),
 .UNSPECIFIED.,.F.,.F.,(4,1,4),(-0.0236507576954348,-0.0116967785541377,
0.),.UNSPECIFIED.);
#319=B_SPLINE_CURVE_WITH_KNOTS('',3,(#12488,#12489,#12490,#12491,#12492),
 .UNSPECIFIED.,.F.,.F.,(4,1,4),(-0.0367266757529245,-0.0195517549865507,
0.),.UNSPECIFIED.);
#320=B_SPLINE_CURVE_WITH_KNOTS('',3,(#12505,#12506,#12507,#12508,#12509),
 .UNSPECIFIED.,.F.,.F.,(4,1,4),(-0.0329139238313966,-0.0162398356981208,
0.),.UNSPECIFIED.);
#321=B_SPLINE_CURVE_WITH_KNOTS('',3,(#12522,#12523,#12524,#12525,#12526),
 .UNSPECIFIED.,.F.,.F.,(4,1,4),(-0.0221201811849787,-0.0113116748404148,
0.),.UNSPECIFIED.);
#322=B_SPLINE_CURVE_WITH_KNOTS('',3,(#12539,#12540,#12541,#12542,#12543),
 .UNSPECIFIED.,.F.,.F.,(4,1,4),(-0.021562634858431,-0.0106617619972809,
0.),.UNSPECIFIED.);
#323=B_SPLINE_CURVE_WITH_KNOTS('',3,(#12556,#12557,#12558,#12559,#12560),
 .UNSPECIFIED.,.F.,.F.,(4,1,4),(-0.0307626310807539,-0.01330672830927,0.),
 .UNSPECIFIED.);
#324=B_SPLINE_CURVE_WITH_KNOTS('',3,(#12573,#12574,#12575,#12576,#12577),
 .UNSPECIFIED.,.F.,.F.,(4,1,4),(-0.0371606251850838,-0.0224831818326432,
0.),.UNSPECIFIED.);
#325=B_SPLINE_CURVE_WITH_KNOTS('',3,(#12594,#12595,#12596,#12597,#12598),
 .UNSPECIFIED.,.F.,.F.,(4,1,4),(-0.016494631751844,-0.00924065331343021,
0.),.UNSPECIFIED.);
#326=B_SPLINE_CURVE_WITH_KNOTS('',3,(#12611,#12612,#12613,#12614,#12615),
 .UNSPECIFIED.,.F.,.F.,(4,1,4),(-0.0206889616987568,-0.00834279018319766,
0.),.UNSPECIFIED.);
#327=B_SPLINE_CURVE_WITH_KNOTS('',3,(#12628,#12629,#12630,#12631,#12632),
 .UNSPECIFIED.,.F.,.F.,(4,1,4),(-0.016092086978787,-0.00885360875647433,
0.),.UNSPECIFIED.);
#328=B_SPLINE_CURVE_WITH_KNOTS('',3,(#12644,#12645,#12646,#12647,#12648),
 .UNSPECIFIED.,.F.,.F.,(4,1,4),(-0.0165180791600252,-0.00733367353535067,
0.),.UNSPECIFIED.);
#329=B_SPLINE_CURVE_WITH_KNOTS('',3,(#12716,#12717,#12718,#12719,#12720),
 .UNSPECIFIED.,.F.,.F.,(4,1,4),(-0.00728222000544226,-0.00366273599253308,
0.),.UNSPECIFIED.);
#330=B_SPLINE_CURVE_WITH_KNOTS('',3,(#12733,#12734,#12735,#12736,#12737),
 .UNSPECIFIED.,.F.,.F.,(4,1,4),(-0.00728220966164291,-0.00361947366910983,
0.),.UNSPECIFIED.);
#331=B_SPLINE_CURVE_WITH_KNOTS('',3,(#12750,#12751,#12752,#12753,#12754),
 .UNSPECIFIED.,.F.,.F.,(4,1,4),(-0.0073474020587118,-0.00368116586426925,
0.),.UNSPECIFIED.);
#332=B_SPLINE_CURVE_WITH_KNOTS('',3,(#12767,#12768,#12769,#12770,#12771),
 .UNSPECIFIED.,.F.,.F.,(4,1,4),(-0.00731748974863518,-0.00365124482837741,
0.),.UNSPECIFIED.);
#333=B_SPLINE_CURVE_WITH_KNOTS('',3,(#12784,#12785,#12786,#12787,#12788),
 .UNSPECIFIED.,.F.,.F.,(4,1,4),(-0.00738225611631052,-0.00368465362037355,
0.),.UNSPECIFIED.);
#334=B_SPLINE_CURVE_WITH_KNOTS('',3,(#12801,#12802,#12803,#12804,#12805),
 .UNSPECIFIED.,.F.,.F.,(4,1,4),(-0.00738225133576434,-0.00369760347824305,
0.),.UNSPECIFIED.);
#335=B_SPLINE_CURVE_WITH_KNOTS('',3,(#12818,#12819,#12820,#12821,#12822),
 .UNSPECIFIED.,.F.,.F.,(4,1,4),(-0.00731747819445076,-0.00366623548952769,
0.),.UNSPECIFIED.);
#336=B_SPLINE_CURVE_WITH_KNOTS('',3,(#12834,#12835,#12836,#12837,#12838),
 .UNSPECIFIED.,.F.,.F.,(4,1,4),(-0.00734740673058716,-0.00366623720419083,
0.),.UNSPECIFIED.);
#337=B_SPLINE_CURVE_WITH_KNOTS('',3,(#12853,#12854,#12855,#12856,#12857),
 .UNSPECIFIED.,.F.,.F.,(4,1,4),(-0.0203306515335477,-0.0105143398733797,
0.),.UNSPECIFIED.);
#338=B_SPLINE_CURVE_WITH_KNOTS('',3,(#12870,#12871,#12872,#12873,#12874),
 .UNSPECIFIED.,.F.,.F.,(4,1,4),(-0.0210565442697725,-0.00993803471386039,
0.),.UNSPECIFIED.);
#339=B_SPLINE_CURVE_WITH_KNOTS('',3,(#12899,#12900,#12901,#12902,#12903),
 .UNSPECIFIED.,.F.,.F.,(4,1,4),(-0.0237324820510757,-0.0124350838181043,
0.),.UNSPECIFIED.);
#340=B_SPLINE_CURVE_WITH_KNOTS('',3,(#12916,#12917,#12918,#12919,#12920),
 .UNSPECIFIED.,.F.,.F.,(4,1,4),(-0.0239758323017903,-0.0113535224460679,
0.),.UNSPECIFIED.);
#341=B_SPLINE_CURVE_WITH_KNOTS('',3,(#12952,#12953,#12954,#12955,#12956),
 .UNSPECIFIED.,.F.,.F.,(4,1,4),(-0.0255167751889305,-0.0122110273240085,
0.),.UNSPECIFIED.);
#342=B_SPLINE_CURVE_WITH_KNOTS('',3,(#12996,#12997,#12998,#12999,#13000),
 .UNSPECIFIED.,.F.,.F.,(4,1,4),(-0.0203306515335477,-0.0105143398733797,
0.),.UNSPECIFIED.);
#343=B_SPLINE_CURVE_WITH_KNOTS('',3,(#13013,#13014,#13015,#13016,#13017),
 .UNSPECIFIED.,.F.,.F.,(4,1,4),(-0.0210565327824366,-0.00993801835155376,
0.),.UNSPECIFIED.);
#344=B_SPLINE_CURVE_WITH_KNOTS('',3,(#13042,#13043,#13044,#13045,#13046),
 .UNSPECIFIED.,.F.,.F.,(4,1,4),(-0.0237324820510757,-0.0124350838181043,
0.),.UNSPECIFIED.);
#345=B_SPLINE_CURVE_WITH_KNOTS('',3,(#13059,#13060,#13061,#13062,#13063),
 .UNSPECIFIED.,.F.,.F.,(4,1,4),(-0.0238860116865669,-0.0113436716084885,
0.),.UNSPECIFIED.);
#346=B_SPLINE_CURVE_WITH_KNOTS('',3,(#13095,#13096,#13097,#13098,#13099),
 .UNSPECIFIED.,.F.,.F.,(4,1,4),(-0.0271211368851684,-0.0131034540993932,
0.),.UNSPECIFIED.);
#347=B_SPLINE_CURVE_WITH_KNOTS('',3,(#13113,#13114,#13115,#13116,#13117),
 .UNSPECIFIED.,.F.,.F.,(4,1,4),(0.,0.0098379450757353,0.0181762192996936),
 .UNSPECIFIED.);
#348=B_SPLINE_CURVE_WITH_KNOTS('',3,(#13121,#13122,#13123,#13124,#13125),
 .UNSPECIFIED.,.F.,.F.,(4,1,4),(-0.0181762192996936,-0.0098379450757353,
0.),.UNSPECIFIED.);
#349=B_SPLINE_CURVE_WITH_KNOTS('',3,(#13138,#13139,#13140,#13141,#13142),
 .UNSPECIFIED.,.F.,.F.,(4,1,4),(0.,0.00780799536349736,0.0163475678320716),
 .UNSPECIFIED.);
#350=B_SPLINE_CURVE_WITH_KNOTS('',3,(#13144,#13145,#13146,#13147,#13148),
 .UNSPECIFIED.,.F.,.F.,(4,1,4),(-0.0163475678320716,-0.00780799536349736,
0.),.UNSPECIFIED.);
#351=B_SPLINE_CURVE_WITH_KNOTS('',3,(#13161,#13162,#13163,#13164,#13165),
 .UNSPECIFIED.,.F.,.F.,(4,1,4),(0.,0.00862011294660502,0.0164352355114574),
 .UNSPECIFIED.);
#352=B_SPLINE_CURVE_WITH_KNOTS('',3,(#13167,#13168,#13169,#13170,#13171),
 .UNSPECIFIED.,.F.,.F.,(4,1,4),(-0.0164352355114574,-0.00862011294660502,
0.),.UNSPECIFIED.);
#353=B_SPLINE_CURVE_WITH_KNOTS('',3,(#13184,#13185,#13186,#13187,#13188),
 .UNSPECIFIED.,.F.,.F.,(4,1,4),(0.,0.00855336416277875,0.0189001723269349),
 .UNSPECIFIED.);
#354=B_SPLINE_CURVE_WITH_KNOTS('',3,(#13190,#13191,#13192,#13193,#13194),
 .UNSPECIFIED.,.F.,.F.,(4,1,4),(-0.0189001723269349,-0.00855336416277875,
0.),.UNSPECIFIED.);
#355=B_SPLINE_CURVE_WITH_KNOTS('',3,(#13218,#13219,#13220,#13221,#13222),
 .UNSPECIFIED.,.F.,.F.,(4,1,4),(-0.00856607303625434,-0.00468885216043537,
0.),.UNSPECIFIED.);
#356=B_SPLINE_CURVE_WITH_KNOTS('',3,(#13239,#13240,#13241,#13242,#13243),
 .UNSPECIFIED.,.F.,.F.,(4,1,4),(-0.0376908947075655,-0.0194127422235662,
0.),.UNSPECIFIED.);
#357=B_SPLINE_CURVE_WITH_KNOTS('',3,(#13256,#13257,#13258,#13259,#13260),
 .UNSPECIFIED.,.F.,.F.,(4,1,4),(-0.010906822334088,-0.0057723909877859,
0.),.UNSPECIFIED.);
#358=B_SPLINE_CURVE_WITH_KNOTS('',3,(#13273,#13274,#13275,#13276,#13277),
 .UNSPECIFIED.,.F.,.F.,(4,1,4),(-0.011581026145443,-0.00533269204339804,
0.),.UNSPECIFIED.);
#359=B_SPLINE_CURVE_WITH_KNOTS('',3,(#13294,#13295,#13296,#13297,#13298),
 .UNSPECIFIED.,.F.,.F.,(4,1,4),(-0.0141069451996683,-0.00674502669118662,
0.),.UNSPECIFIED.);
#360=B_SPLINE_CURVE_WITH_KNOTS('',3,(#13311,#13312,#13313,#13314,#13315),
 .UNSPECIFIED.,.F.,.F.,(4,1,4),(-0.0156569605257566,-0.00773598777312357,
0.),.UNSPECIFIED.);
#361=B_SPLINE_CURVE_WITH_KNOTS('',3,(#13328,#13329,#13330,#13331,#13332),
 .UNSPECIFIED.,.F.,.F.,(4,1,4),(-0.0205501249860823,-0.0107173722585833,
0.),.UNSPECIFIED.);
#362=B_SPLINE_CURVE_WITH_KNOTS('',3,(#13345,#13346,#13347,#13348,#13349),
 .UNSPECIFIED.,.F.,.F.,(4,1,4),(-0.0187127846907587,-0.00936862855287293,
0.),.UNSPECIFIED.);
#363=B_SPLINE_CURVE_WITH_KNOTS('',3,(#13362,#13363,#13364,#13365,#13366),
 .UNSPECIFIED.,.F.,.F.,(4,1,4),(-0.0199951177893277,-0.00969802736364882,
0.),.UNSPECIFIED.);
#364=B_SPLINE_CURVE_WITH_KNOTS('',3,(#13383,#13384,#13385,#13386,#13387),
 .UNSPECIFIED.,.F.,.F.,(4,1,4),(-0.019638141780752,-0.0100674125571668,
0.),.UNSPECIFIED.);
#365=B_SPLINE_CURVE_WITH_KNOTS('',3,(#13400,#13401,#13402,#13403,#13404),
 .UNSPECIFIED.,.F.,.F.,(4,1,4),(-0.0182419976101593,-0.00918901276984711,
0.),.UNSPECIFIED.);
#366=B_SPLINE_CURVE_WITH_KNOTS('',3,(#13417,#13418,#13419,#13420,#13421),
 .UNSPECIFIED.,.F.,.F.,(4,1,4),(-0.0193467715121186,-0.00931621409301911,
0.),.UNSPECIFIED.);
#367=B_SPLINE_CURVE_WITH_KNOTS('',3,(#13434,#13435,#13436,#13437,#13438),
 .UNSPECIFIED.,.F.,.F.,(4,1,4),(-0.0270860873109022,-0.0141494182333966,
0.),.UNSPECIFIED.);
#368=B_SPLINE_CURVE_WITH_KNOTS('',3,(#13450,#13451,#13452,#13453,#13454),
 .UNSPECIFIED.,.F.,.F.,(4,1,4),(-0.0299494489752303,-0.0137079539235968,
0.),.UNSPECIFIED.);
#369=B_SPLINE_CURVE_WITH_KNOTS('',3,(#13519,#13520,#13521,#13522,#13523),
 .UNSPECIFIED.,.F.,.F.,(4,1,4),(-0.0072822030643963,-0.00366270670066342,
0.),.UNSPECIFIED.);
#370=B_SPLINE_CURVE_WITH_KNOTS('',3,(#13536,#13537,#13538,#13539,#13540),
 .UNSPECIFIED.,.F.,.F.,(4,1,4),(-0.00728221662539359,-0.00361948200590977,
0.),.UNSPECIFIED.);
#371=B_SPLINE_CURVE_WITH_KNOTS('',3,(#13553,#13554,#13555,#13556,#13557),
 .UNSPECIFIED.,.F.,.F.,(4,1,4),(-0.00734740892300177,-0.0036811644980942,
0.),.UNSPECIFIED.);
#372=B_SPLINE_CURVE_WITH_KNOTS('',3,(#13570,#13571,#13572,#13573,#13574),
 .UNSPECIFIED.,.F.,.F.,(4,1,4),(-0.00731747631098879,-0.00365123870670559,
0.),.UNSPECIFIED.);
#373=B_SPLINE_CURVE_WITH_KNOTS('',3,(#13587,#13588,#13589,#13590,#13591),
 .UNSPECIFIED.,.F.,.F.,(4,1,4),(-0.00738225495725616,-0.00368464630304512,
0.),.UNSPECIFIED.);
#374=B_SPLINE_CURVE_WITH_KNOTS('',3,(#13604,#13605,#13606,#13607,#13608),
 .UNSPECIFIED.,.F.,.F.,(4,1,4),(-0.00738225133576434,-0.00369760347824305,
0.),.UNSPECIFIED.);
#375=B_SPLINE_CURVE_WITH_KNOTS('',3,(#13621,#13622,#13623,#13624,#13625),
 .UNSPECIFIED.,.F.,.F.,(4,1,4),(-0.00731747819445076,-0.00366623548952769,
0.),.UNSPECIFIED.);
#376=B_SPLINE_CURVE_WITH_KNOTS('',3,(#13637,#13638,#13639,#13640,#13641),
 .UNSPECIFIED.,.F.,.F.,(4,1,4),(-0.00734740561729221,-0.00366624341514991,
0.),.UNSPECIFIED.);
#377=B_SPLINE_CURVE_WITH_KNOTS('',3,(#13656,#13657,#13658,#13659,#13660),
 .UNSPECIFIED.,.F.,.F.,(4,1,4),(-0.00960371953654124,-0.00500161582696787,
0.),.UNSPECIFIED.);
#378=B_SPLINE_CURVE_WITH_KNOTS('',3,(#13677,#13678,#13679,#13680,#13681),
 .UNSPECIFIED.,.F.,.F.,(4,1,4),(-0.00482688680575344,-0.00234930822848563,
0.),.UNSPECIFIED.);
#379=B_SPLINE_CURVE_WITH_KNOTS('',3,(#13694,#13695,#13696,#13697,#13698),
 .UNSPECIFIED.,.F.,.F.,(4,1,4),(-0.0140791928850401,-0.00730293211340943,
0.),.UNSPECIFIED.);
#380=B_SPLINE_CURVE_WITH_KNOTS('',3,(#13711,#13712,#13713,#13714,#13715),
 .UNSPECIFIED.,.F.,.F.,(4,1,4),(-0.0158768265988329,-0.00718840206160533,
0.),.UNSPECIFIED.);
#381=B_SPLINE_CURVE_WITH_KNOTS('',3,(#13748,#13749,#13750,#13751,#13752),
 .UNSPECIFIED.,.F.,.F.,(4,1,4),(-0.0142607037039821,-0.0075121896111392,
0.),.UNSPECIFIED.);
#382=B_SPLINE_CURVE_WITH_KNOTS('',3,(#13764,#13765,#13766,#13767,#13768),
 .UNSPECIFIED.,.F.,.F.,(4,1,4),(-0.0130442999651256,-0.00649972921301089,
0.),.UNSPECIFIED.);
#383=FACE_BOUND('',#1104,.T.);
#384=FACE_BOUND('',#1106,.T.);
#385=FACE_BOUND('',#1110,.T.);
#386=FACE_BOUND('',#1112,.T.);
#387=FACE_BOUND('',#1113,.T.);
#388=FACE_BOUND('',#1114,.T.);
#389=FACE_BOUND('',#1115,.T.);
#390=FACE_BOUND('',#1116,.T.);
#391=FACE_BOUND('',#1117,.T.);
#392=FACE_BOUND('',#1118,.T.);
#393=FACE_BOUND('',#1119,.T.);
#394=FACE_BOUND('',#1120,.T.);
#395=FACE_BOUND('',#1121,.T.);
#396=FACE_BOUND('',#1122,.T.);
#397=FACE_BOUND('',#1123,.T.);
#398=FACE_BOUND('',#1124,.T.);
#399=FACE_BOUND('',#1125,.T.);
#400=FACE_BOUND('',#1126,.T.);
#401=FACE_BOUND('',#1127,.T.);
#402=FACE_BOUND('',#1128,.T.);
#403=FACE_BOUND('',#1141,.T.);
#404=FACE_BOUND('',#1143,.T.);
#405=FACE_BOUND('',#1144,.T.);
#406=FACE_BOUND('',#1145,.T.);
#407=FACE_BOUND('',#1184,.T.);
#408=FACE_BOUND('',#1216,.T.);
#409=FACE_BOUND('',#1258,.T.);
#410=FACE_BOUND('',#1272,.T.);
#411=FACE_BOUND('',#1342,.T.);
#412=FACE_BOUND('',#1411,.T.);
#413=SPHERICAL_SURFACE('',#8023,0.225);
#414=SPHERICAL_SURFACE('',#8184,0.225);
#415=SPHERICAL_SURFACE('',#8195,0.225);
#416=CYLINDRICAL_SURFACE('',#7915,0.375);
#417=CYLINDRICAL_SURFACE('',#7923,0.375);
#418=CYLINDRICAL_SURFACE('',#7939,0.375000000000001);
#419=CYLINDRICAL_SURFACE('',#7951,0.375000000000001);
#420=CYLINDRICAL_SURFACE('',#7962,0.375000000000001);
#421=CYLINDRICAL_SURFACE('',#7969,0.375);
#422=CYLINDRICAL_SURFACE('',#7971,0.375);
#423=CYLINDRICAL_SURFACE('',#7973,0.375);
#424=CYLINDRICAL_SURFACE('',#7975,0.375);
#425=CYLINDRICAL_SURFACE('',#7977,0.375);
#426=CYLINDRICAL_SURFACE('',#7979,0.375);
#427=CYLINDRICAL_SURFACE('',#7981,0.375);
#428=CYLINDRICAL_SURFACE('',#7983,0.375);
#429=CYLINDRICAL_SURFACE('',#7993,0.375000000000001);
#430=CYLINDRICAL_SURFACE('',#7996,0.375000000000001);
#431=CYLINDRICAL_SURFACE('',#7999,0.375000000000001);
#432=CYLINDRICAL_SURFACE('',#8002,0.375000000000001);
#433=CYLINDRICAL_SURFACE('',#8005,0.375000000000001);
#434=CYLINDRICAL_SURFACE('',#8008,0.375000000000001);
#435=CYLINDRICAL_SURFACE('',#8011,0.374999999999999);
#436=CYLINDRICAL_SURFACE('',#8016,0.375000000000001);
#437=CYLINDRICAL_SURFACE('',#8027,0.225);
#438=CYLINDRICAL_SURFACE('',#8029,1.25);
#439=CYLINDRICAL_SURFACE('',#8032,1.335);
#440=CYLINDRICAL_SURFACE('',#8037,2.00000002980232);
#441=CYLINDRICAL_SURFACE('',#8040,2.2);
#442=CYLINDRICAL_SURFACE('',#8188,0.225);
#443=CYLINDRICAL_SURFACE('',#8190,0.225);
#444=CYLINDRICAL_SURFACE('',#8192,0.225);
#445=CYLINDRICAL_SURFACE('',#8198,0.225);
#446=CYLINDRICAL_SURFACE('',#8199,0.225);
#447=CYLINDRICAL_SURFACE('',#8201,0.225);
#448=CYLINDRICAL_SURFACE('',#8203,0.225);
#449=CYLINDRICAL_SURFACE('',#8205,0.225);
#450=CYLINDRICAL_SURFACE('',#8207,0.225);
#451=CYLINDRICAL_SURFACE('',#8208,0.225);
#452=CYLINDRICAL_SURFACE('',#8216,0.375000000000001);
#453=CYLINDRICAL_SURFACE('',#8227,0.375000000000001);
#454=CYLINDRICAL_SURFACE('',#8237,0.375000000000001);
#455=CYLINDRICAL_SURFACE('',#8246,0.375000000000001);
#456=CYLINDRICAL_SURFACE('',#8257,0.375000000000001);
#457=CYLINDRICAL_SURFACE('',#8266,0.375000000000001);
#458=CYLINDRICAL_SURFACE('',#8277,0.375000000000001);
#459=CYLINDRICAL_SURFACE('',#8286,0.375000000000001);
#460=CIRCLE('',#7911,0.375);
#461=CIRCLE('',#7916,0.375);
#462=CIRCLE('',#7917,0.375);
#463=CIRCLE('',#7924,0.375);
#464=CIRCLE('',#7925,0.375);
#465=CIRCLE('',#7931,0.375000000000001);
#466=CIRCLE('',#7932,0.375000000000001);
#467=CIRCLE('',#7933,0.375000000000001);
#468=CIRCLE('',#7934,0.375000000000001);
#469=CIRCLE('',#7935,0.375000000000001);
#470=CIRCLE('',#7936,0.375000000000001);
#471=CIRCLE('',#7937,0.374999999999999);
#472=CIRCLE('',#7938,0.375000000000001);
#473=CIRCLE('',#7940,0.375);
#474=CIRCLE('',#7941,0.375000000000001);
#475=CIRCLE('',#7949,0.375);
#476=CIRCLE('',#7952,0.375);
#477=CIRCLE('',#7953,0.375000000000001);
#478=CIRCLE('',#7961,0.375);
#479=CIRCLE('',#7963,0.375);
#480=CIRCLE('',#7964,0.375000000000001);
#481=CIRCLE('',#7970,0.375);
#482=CIRCLE('',#7972,0.375);
#483=CIRCLE('',#7974,0.375);
#484=CIRCLE('',#7976,0.375);
#485=CIRCLE('',#7978,0.375);
#486=CIRCLE('',#7980,0.375);
#487=CIRCLE('',#7982,0.375);
#488=CIRCLE('',#7984,0.375);
#489=CIRCLE('',#7994,0.375000000000001);
#490=CIRCLE('',#7997,0.375000000000001);
#491=CIRCLE('',#8000,0.375000000000001);
#492=CIRCLE('',#8003,0.375000000000001);
#493=CIRCLE('',#8006,0.375000000000001);
#494=CIRCLE('',#8009,0.375000000000001);
#495=CIRCLE('',#8012,0.374999999999999);
#496=CIRCLE('',#8015,0.375000000000001);
#497=CIRCLE('',#8024,0.225);
#498=CIRCLE('',#8025,0.225);
#499=CIRCLE('',#8026,0.225);
#500=CIRCLE('',#8028,0.225);
#501=CIRCLE('',#8030,1.25);
#502=CIRCLE('',#8031,1.25);
#503=CIRCLE('',#8033,1.335);
#504=CIRCLE('',#8034,1.335);
#505=CIRCLE('',#8038,2.00000002980232);
#506=CIRCLE('',#8039,2.00000002980232);
#507=CIRCLE('',#8041,2.2);
#508=CIRCLE('',#8042,2.2);
#509=CIRCLE('',#8185,0.225);
#510=CIRCLE('',#8186,0.225);
#511=CIRCLE('',#8187,0.225);
#512=CIRCLE('',#8193,0.225);
#513=CIRCLE('',#8196,0.225);
#514=CIRCLE('',#8197,0.225);
#515=CIRCLE('',#8217,0.375000000000001);
#516=CIRCLE('',#8218,0.375000000000001);
#517=CIRCLE('',#8228,0.375000000000001);
#518=CIRCLE('',#8229,0.375000000000001);
#519=CIRCLE('',#8238,0.375000000000001);
#520=CIRCLE('',#8239,0.375000000000001);
#521=CIRCLE('',#8247,0.375000000000001);
#522=CIRCLE('',#8248,0.375000000000001);
#523=CIRCLE('',#8258,0.375000000000001);
#524=CIRCLE('',#8259,0.375000000000001);
#525=CIRCLE('',#8267,0.375000000000001);
#526=CIRCLE('',#8268,0.375000000000001);
#527=CIRCLE('',#8278,0.375000000000001);
#528=CIRCLE('',#8279,0.375000000000001);
#529=CIRCLE('',#8287,0.375000000000001);
#530=CIRCLE('',#8288,0.375000000000001);
#531=STYLED_ITEM('',(#14195),#7461);
#532=STYLED_ITEM('',(#14196),#7462);
#533=STYLED_ITEM('',(#14195),#7469);
#534=STYLED_ITEM('',(#14195),#7475);
#535=STYLED_ITEM('',(#14195),#7480);
#536=STYLED_ITEM('',(#14195),#7484);
#537=STYLED_ITEM('',(#14195),#7489);
#538=STYLED_ITEM('',(#14195),#7493);
#539=STYLED_ITEM('',(#14195),#7497);
#540=STYLED_ITEM('',(#14195),#7499);
#541=STYLED_ITEM('',(#14195),#7500);
#542=STYLED_ITEM('',(#14195),#7501);
#543=STYLED_ITEM('',(#14195),#7502);
#544=STYLED_ITEM('',(#14195),#7503);
#545=STYLED_ITEM('',(#14195),#7504);
#546=STYLED_ITEM('',(#14195),#7505);
#547=STYLED_ITEM('',(#14195),#7506);
#548=STYLED_ITEM('',(#14196),#7536);
#549=STYLED_ITEM('',(#14195),#7537);
#550=STYLED_ITEM('',(#14195),#7538);
#551=STYLED_ITEM('',(#14195),#7539);
#552=STYLED_ITEM('',(#14195),#7540);
#553=STYLED_ITEM('',(#14195),#7541);
#554=STYLED_ITEM('',(#14197),#7542);
#555=STYLED_ITEM('',(#14196),#7546);
#556=STYLED_ITEM('',(#14196),#7559);
#557=STYLED_ITEM('',(#14196),#7598);
#558=STYLED_ITEM('',(#14196),#7629);
#559=STYLED_ITEM('',(#14196),#7670);
#560=STYLED_ITEM('',(#14196),#7683);
#561=STYLED_ITEM('',(#14196),#7752);
#562=STYLED_ITEM('',(#14196),#7804);
#563=STYLED_ITEM('',(#14196),#7805);
#564=STYLED_ITEM('',(#14196),#7806);
#565=STYLED_ITEM('',(#14196),#7807);
#566=STYLED_ITEM('',(#14196),#7808);
#567=STYLED_ITEM('',(#14196),#7809);
#568=STYLED_ITEM('',(#14196),#7810);
#569=STYLED_ITEM('',(#14196),#7811);
#570=STYLED_ITEM('',(#14196),#7812);
#571=STYLED_ITEM('',(#14196),#7813);
#572=STYLED_ITEM('',(#14196),#7814);
#573=STYLED_ITEM('',(#14196),#7815);
#574=STYLED_ITEM('',(#14196),#7816);
#575=STYLED_ITEM('',(#14196),#7817);
#576=STYLED_ITEM('',(#14196),#7818);
#577=STYLED_ITEM('',(#14197),#7819);
#578=STYLED_ITEM('',(#14196),#7820);
#579=STYLED_ITEM('',(#14196),#7821);
#580=STYLED_ITEM('',(#14194),#13);
#581=STYLED_ITEM('',(#14195),#7828);
#582=STYLED_ITEM('',(#14194),#14);
#583=STYLED_ITEM('',(#14195),#15);
#584=STYLED_ITEM('',(#14195),#16);
#585=STYLED_ITEM('',(#14195),#7852);
#586=STYLED_ITEM('',(#14194),#17);
#587=STYLED_ITEM('',(#14195),#7860);
#588=STYLED_ITEM('',(#14194),#18);
#589=STYLED_ITEM('',(#14195),#7868);
#590=STYLED_ITEM('',(#14194),#19);
#591=STYLED_ITEM('',(#14195),#7876);
#592=STYLED_ITEM('',(#14194),#20);
#593=STYLED_ITEM('',(#14195),#21);
#594=FACE_OUTER_BOUND('',#1021,.T.);
#595=FACE_OUTER_BOUND('',#1022,.T.);
#596=FACE_OUTER_BOUND('',#1023,.T.);
#597=FACE_OUTER_BOUND('',#1024,.T.);
#598=FACE_OUTER_BOUND('',#1025,.T.);
#599=FACE_OUTER_BOUND('',#1026,.T.);
#600=FACE_OUTER_BOUND('',#1027,.T.);
#601=FACE_OUTER_BOUND('',#1028,.T.);
#602=FACE_OUTER_BOUND('',#1029,.T.);
#603=FACE_OUTER_BOUND('',#1030,.T.);
#604=FACE_OUTER_BOUND('',#1031,.T.);
#605=FACE_OUTER_BOUND('',#1032,.T.);
#606=FACE_OUTER_BOUND('',#1033,.T.);
#607=FACE_OUTER_BOUND('',#1034,.T.);
#608=FACE_OUTER_BOUND('',#1035,.T.);
#609=FACE_OUTER_BOUND('',#1036,.T.);
#610=FACE_OUTER_BOUND('',#1037,.T.);
#611=FACE_OUTER_BOUND('',#1038,.T.);
#612=FACE_OUTER_BOUND('',#1039,.T.);
#613=FACE_OUTER_BOUND('',#1040,.T.);
#614=FACE_OUTER_BOUND('',#1041,.T.);
#615=FACE_OUTER_BOUND('',#1042,.T.);
#616=FACE_OUTER_BOUND('',#1043,.T.);
#617=FACE_OUTER_BOUND('',#1044,.T.);
#618=FACE_OUTER_BOUND('',#1045,.T.);
#619=FACE_OUTER_BOUND('',#1046,.T.);
#620=FACE_OUTER_BOUND('',#1047,.T.);
#621=FACE_OUTER_BOUND('',#1048,.T.);
#622=FACE_OUTER_BOUND('',#1049,.T.);
#623=FACE_OUTER_BOUND('',#1050,.T.);
#624=FACE_OUTER_BOUND('',#1051,.T.);
#625=FACE_OUTER_BOUND('',#1052,.T.);
#626=FACE_OUTER_BOUND('',#1053,.T.);
#627=FACE_OUTER_BOUND('',#1054,.T.);
#628=FACE_OUTER_BOUND('',#1055,.T.);
#629=FACE_OUTER_BOUND('',#1056,.T.);
#630=FACE_OUTER_BOUND('',#1057,.T.);
#631=FACE_OUTER_BOUND('',#1058,.T.);
#632=FACE_OUTER_BOUND('',#1059,.T.);
#633=FACE_OUTER_BOUND('',#1060,.T.);
#634=FACE_OUTER_BOUND('',#1061,.T.);
#635=FACE_OUTER_BOUND('',#1062,.T.);
#636=FACE_OUTER_BOUND('',#1063,.T.);
#637=FACE_OUTER_BOUND('',#1064,.T.);
#638=FACE_OUTER_BOUND('',#1065,.T.);
#639=FACE_OUTER_BOUND('',#1066,.T.);
#640=FACE_OUTER_BOUND('',#1067,.T.);
#641=FACE_OUTER_BOUND('',#1068,.T.);
#642=FACE_OUTER_BOUND('',#1069,.T.);
#643=FACE_OUTER_BOUND('',#1070,.T.);
#644=FACE_OUTER_BOUND('',#1071,.T.);
#645=FACE_OUTER_BOUND('',#1072,.T.);
#646=FACE_OUTER_BOUND('',#1073,.T.);
#647=FACE_OUTER_BOUND('',#1074,.T.);
#648=FACE_OUTER_BOUND('',#1075,.T.);
#649=FACE_OUTER_BOUND('',#1076,.T.);
#650=FACE_OUTER_BOUND('',#1077,.T.);
#651=FACE_OUTER_BOUND('',#1078,.T.);
#652=FACE_OUTER_BOUND('',#1079,.T.);
#653=FACE_OUTER_BOUND('',#1080,.T.);
#654=FACE_OUTER_BOUND('',#1081,.T.);
#655=FACE_OUTER_BOUND('',#1082,.T.);
#656=FACE_OUTER_BOUND('',#1083,.T.);
#657=FACE_OUTER_BOUND('',#1084,.T.);
#658=FACE_OUTER_BOUND('',#1085,.T.);
#659=FACE_OUTER_BOUND('',#1086,.T.);
#660=FACE_OUTER_BOUND('',#1087,.T.);
#661=FACE_OUTER_BOUND('',#1088,.T.);
#662=FACE_OUTER_BOUND('',#1089,.T.);
#663=FACE_OUTER_BOUND('',#1090,.T.);
#664=FACE_OUTER_BOUND('',#1091,.T.);
#665=FACE_OUTER_BOUND('',#1092,.T.);
#666=FACE_OUTER_BOUND('',#1093,.T.);
#667=FACE_OUTER_BOUND('',#1094,.T.);
#668=FACE_OUTER_BOUND('',#1095,.T.);
#669=FACE_OUTER_BOUND('',#1096,.T.);
#670=FACE_OUTER_BOUND('',#1097,.T.);
#671=FACE_OUTER_BOUND('',#1098,.T.);
#672=FACE_OUTER_BOUND('',#1099,.T.);
#673=FACE_OUTER_BOUND('',#1100,.T.);
#674=FACE_OUTER_BOUND('',#1101,.T.);
#675=FACE_OUTER_BOUND('',#1102,.T.);
#676=FACE_OUTER_BOUND('',#1103,.T.);
#677=FACE_OUTER_BOUND('',#1105,.T.);
#678=FACE_OUTER_BOUND('',#1107,.T.);
#679=FACE_OUTER_BOUND('',#1108,.T.);
#680=FACE_OUTER_BOUND('',#1109,.T.);
#681=FACE_OUTER_BOUND('',#1111,.T.);
#682=FACE_OUTER_BOUND('',#1129,.T.);
#683=FACE_OUTER_BOUND('',#1130,.T.);
#684=FACE_OUTER_BOUND('',#1131,.T.);
#685=FACE_OUTER_BOUND('',#1132,.T.);
#686=FACE_OUTER_BOUND('',#1133,.T.);
#687=FACE_OUTER_BOUND('',#1134,.T.);
#688=FACE_OUTER_BOUND('',#1135,.T.);
#689=FACE_OUTER_BOUND('',#1136,.T.);
#690=FACE_OUTER_BOUND('',#1137,.T.);
#691=FACE_OUTER_BOUND('',#1138,.T.);
#692=FACE_OUTER_BOUND('',#1139,.T.);
#693=FACE_OUTER_BOUND('',#1140,.T.);
#694=FACE_OUTER_BOUND('',#1142,.T.);
#695=FACE_OUTER_BOUND('',#1146,.T.);
#696=FACE_OUTER_BOUND('',#1147,.T.);
#697=FACE_OUTER_BOUND('',#1148,.T.);
#698=FACE_OUTER_BOUND('',#1149,.T.);
#699=FACE_OUTER_BOUND('',#1150,.T.);
#700=FACE_OUTER_BOUND('',#1151,.T.);
#701=FACE_OUTER_BOUND('',#1152,.T.);
#702=FACE_OUTER_BOUND('',#1153,.T.);
#703=FACE_OUTER_BOUND('',#1154,.T.);
#704=FACE_OUTER_BOUND('',#1155,.T.);
#705=FACE_OUTER_BOUND('',#1156,.T.);
#706=FACE_OUTER_BOUND('',#1157,.T.);
#707=FACE_OUTER_BOUND('',#1158,.T.);
#708=FACE_OUTER_BOUND('',#1159,.T.);
#709=FACE_OUTER_BOUND('',#1160,.T.);
#710=FACE_OUTER_BOUND('',#1161,.T.);
#711=FACE_OUTER_BOUND('',#1162,.T.);
#712=FACE_OUTER_BOUND('',#1163,.T.);
#713=FACE_OUTER_BOUND('',#1164,.T.);
#714=FACE_OUTER_BOUND('',#1165,.T.);
#715=FACE_OUTER_BOUND('',#1166,.T.);
#716=FACE_OUTER_BOUND('',#1167,.T.);
#717=FACE_OUTER_BOUND('',#1168,.T.);
#718=FACE_OUTER_BOUND('',#1169,.T.);
#719=FACE_OUTER_BOUND('',#1170,.T.);
#720=FACE_OUTER_BOUND('',#1171,.T.);
#721=FACE_OUTER_BOUND('',#1172,.T.);
#722=FACE_OUTER_BOUND('',#1173,.T.);
#723=FACE_OUTER_BOUND('',#1174,.T.);
#724=FACE_OUTER_BOUND('',#1175,.T.);
#725=FACE_OUTER_BOUND('',#1176,.T.);
#726=FACE_OUTER_BOUND('',#1177,.T.);
#727=FACE_OUTER_BOUND('',#1178,.T.);
#728=FACE_OUTER_BOUND('',#1179,.T.);
#729=FACE_OUTER_BOUND('',#1180,.T.);
#730=FACE_OUTER_BOUND('',#1181,.T.);
#731=FACE_OUTER_BOUND('',#1182,.T.);
#732=FACE_OUTER_BOUND('',#1183,.T.);
#733=FACE_OUTER_BOUND('',#1185,.T.);
#734=FACE_OUTER_BOUND('',#1186,.T.);
#735=FACE_OUTER_BOUND('',#1187,.T.);
#736=FACE_OUTER_BOUND('',#1188,.T.);
#737=FACE_OUTER_BOUND('',#1189,.T.);
#738=FACE_OUTER_BOUND('',#1190,.T.);
#739=FACE_OUTER_BOUND('',#1191,.T.);
#740=FACE_OUTER_BOUND('',#1192,.T.);
#741=FACE_OUTER_BOUND('',#1193,.T.);
#742=FACE_OUTER_BOUND('',#1194,.T.);
#743=FACE_OUTER_BOUND('',#1195,.T.);
#744=FACE_OUTER_BOUND('',#1196,.T.);
#745=FACE_OUTER_BOUND('',#1197,.T.);
#746=FACE_OUTER_BOUND('',#1198,.T.);
#747=FACE_OUTER_BOUND('',#1199,.T.);
#748=FACE_OUTER_BOUND('',#1200,.T.);
#749=FACE_OUTER_BOUND('',#1201,.T.);
#750=FACE_OUTER_BOUND('',#1202,.T.);
#751=FACE_OUTER_BOUND('',#1203,.T.);
#752=FACE_OUTER_BOUND('',#1204,.T.);
#753=FACE_OUTER_BOUND('',#1205,.T.);
#754=FACE_OUTER_BOUND('',#1206,.T.);
#755=FACE_OUTER_BOUND('',#1207,.T.);
#756=FACE_OUTER_BOUND('',#1208,.T.);
#757=FACE_OUTER_BOUND('',#1209,.T.);
#758=FACE_OUTER_BOUND('',#1210,.T.);
#759=FACE_OUTER_BOUND('',#1211,.T.);
#760=FACE_OUTER_BOUND('',#1212,.T.);
#761=FACE_OUTER_BOUND('',#1213,.T.);
#762=FACE_OUTER_BOUND('',#1214,.T.);
#763=FACE_OUTER_BOUND('',#1215,.T.);
#764=FACE_OUTER_BOUND('',#1217,.T.);
#765=FACE_OUTER_BOUND('',#1218,.T.);
#766=FACE_OUTER_BOUND('',#1219,.T.);
#767=FACE_OUTER_BOUND('',#1220,.T.);
#768=FACE_OUTER_BOUND('',#1221,.T.);
#769=FACE_OUTER_BOUND('',#1222,.T.);
#770=FACE_OUTER_BOUND('',#1223,.T.);
#771=FACE_OUTER_BOUND('',#1224,.T.);
#772=FACE_OUTER_BOUND('',#1225,.T.);
#773=FACE_OUTER_BOUND('',#1226,.T.);
#774=FACE_OUTER_BOUND('',#1227,.T.);
#775=FACE_OUTER_BOUND('',#1228,.T.);
#776=FACE_OUTER_BOUND('',#1229,.T.);
#777=FACE_OUTER_BOUND('',#1230,.T.);
#778=FACE_OUTER_BOUND('',#1231,.T.);
#779=FACE_OUTER_BOUND('',#1232,.T.);
#780=FACE_OUTER_BOUND('',#1233,.T.);
#781=FACE_OUTER_BOUND('',#1234,.T.);
#782=FACE_OUTER_BOUND('',#1235,.T.);
#783=FACE_OUTER_BOUND('',#1236,.T.);
#784=FACE_OUTER_BOUND('',#1237,.T.);
#785=FACE_OUTER_BOUND('',#1238,.T.);
#786=FACE_OUTER_BOUND('',#1239,.T.);
#787=FACE_OUTER_BOUND('',#1240,.T.);
#788=FACE_OUTER_BOUND('',#1241,.T.);
#789=FACE_OUTER_BOUND('',#1242,.T.);
#790=FACE_OUTER_BOUND('',#1243,.T.);
#791=FACE_OUTER_BOUND('',#1244,.T.);
#792=FACE_OUTER_BOUND('',#1245,.T.);
#793=FACE_OUTER_BOUND('',#1246,.T.);
#794=FACE_OUTER_BOUND('',#1247,.T.);
#795=FACE_OUTER_BOUND('',#1248,.T.);
#796=FACE_OUTER_BOUND('',#1249,.T.);
#797=FACE_OUTER_BOUND('',#1250,.T.);
#798=FACE_OUTER_BOUND('',#1251,.T.);
#799=FACE_OUTER_BOUND('',#1252,.T.);
#800=FACE_OUTER_BOUND('',#1253,.T.);
#801=FACE_OUTER_BOUND('',#1254,.T.);
#802=FACE_OUTER_BOUND('',#1255,.T.);
#803=FACE_OUTER_BOUND('',#1256,.T.);
#804=FACE_OUTER_BOUND('',#1257,.T.);
#805=FACE_OUTER_BOUND('',#1259,.T.);
#806=FACE_OUTER_BOUND('',#1260,.T.);
#807=FACE_OUTER_BOUND('',#1261,.T.);
#808=FACE_OUTER_BOUND('',#1262,.T.);
#809=FACE_OUTER_BOUND('',#1263,.T.);
#810=FACE_OUTER_BOUND('',#1264,.T.);
#811=FACE_OUTER_BOUND('',#1265,.T.);
#812=FACE_OUTER_BOUND('',#1266,.T.);
#813=FACE_OUTER_BOUND('',#1267,.T.);
#814=FACE_OUTER_BOUND('',#1268,.T.);
#815=FACE_OUTER_BOUND('',#1269,.T.);
#816=FACE_OUTER_BOUND('',#1270,.T.);
#817=FACE_OUTER_BOUND('',#1271,.T.);
#818=FACE_OUTER_BOUND('',#1273,.T.);
#819=FACE_OUTER_BOUND('',#1274,.T.);
#820=FACE_OUTER_BOUND('',#1275,.T.);
#821=FACE_OUTER_BOUND('',#1276,.T.);
#822=FACE_OUTER_BOUND('',#1277,.T.);
#823=FACE_OUTER_BOUND('',#1278,.T.);
#824=FACE_OUTER_BOUND('',#1279,.T.);
#825=FACE_OUTER_BOUND('',#1280,.T.);
#826=FACE_OUTER_BOUND('',#1281,.T.);
#827=FACE_OUTER_BOUND('',#1282,.T.);
#828=FACE_OUTER_BOUND('',#1283,.T.);
#829=FACE_OUTER_BOUND('',#1284,.T.);
#830=FACE_OUTER_BOUND('',#1285,.T.);
#831=FACE_OUTER_BOUND('',#1286,.T.);
#832=FACE_OUTER_BOUND('',#1287,.T.);
#833=FACE_OUTER_BOUND('',#1288,.T.);
#834=FACE_OUTER_BOUND('',#1289,.T.);
#835=FACE_OUTER_BOUND('',#1290,.T.);
#836=FACE_OUTER_BOUND('',#1291,.T.);
#837=FACE_OUTER_BOUND('',#1292,.T.);
#838=FACE_OUTER_BOUND('',#1293,.T.);
#839=FACE_OUTER_BOUND('',#1294,.T.);
#840=FACE_OUTER_BOUND('',#1295,.T.);
#841=FACE_OUTER_BOUND('',#1296,.T.);
#842=FACE_OUTER_BOUND('',#1297,.T.);
#843=FACE_OUTER_BOUND('',#1298,.T.);
#844=FACE_OUTER_BOUND('',#1299,.T.);
#845=FACE_OUTER_BOUND('',#1300,.T.);
#846=FACE_OUTER_BOUND('',#1301,.T.);
#847=FACE_OUTER_BOUND('',#1302,.T.);
#848=FACE_OUTER_BOUND('',#1303,.T.);
#849=FACE_OUTER_BOUND('',#1304,.T.);
#850=FACE_OUTER_BOUND('',#1305,.T.);
#851=FACE_OUTER_BOUND('',#1306,.T.);
#852=FACE_OUTER_BOUND('',#1307,.T.);
#853=FACE_OUTER_BOUND('',#1308,.T.);
#854=FACE_OUTER_BOUND('',#1309,.T.);
#855=FACE_OUTER_BOUND('',#1310,.T.);
#856=FACE_OUTER_BOUND('',#1311,.T.);
#857=FACE_OUTER_BOUND('',#1312,.T.);
#858=FACE_OUTER_BOUND('',#1313,.T.);
#859=FACE_OUTER_BOUND('',#1314,.T.);
#860=FACE_OUTER_BOUND('',#1315,.T.);
#861=FACE_OUTER_BOUND('',#1316,.T.);
#862=FACE_OUTER_BOUND('',#1317,.T.);
#863=FACE_OUTER_BOUND('',#1318,.T.);
#864=FACE_OUTER_BOUND('',#1319,.T.);
#865=FACE_OUTER_BOUND('',#1320,.T.);
#866=FACE_OUTER_BOUND('',#1321,.T.);
#867=FACE_OUTER_BOUND('',#1322,.T.);
#868=FACE_OUTER_BOUND('',#1323,.T.);
#869=FACE_OUTER_BOUND('',#1324,.T.);
#870=FACE_OUTER_BOUND('',#1325,.T.);
#871=FACE_OUTER_BOUND('',#1326,.T.);
#872=FACE_OUTER_BOUND('',#1327,.T.);
#873=FACE_OUTER_BOUND('',#1328,.T.);
#874=FACE_OUTER_BOUND('',#1329,.T.);
#875=FACE_OUTER_BOUND('',#1330,.T.);
#876=FACE_OUTER_BOUND('',#1331,.T.);
#877=FACE_OUTER_BOUND('',#1332,.T.);
#878=FACE_OUTER_BOUND('',#1333,.T.);
#879=FACE_OUTER_BOUND('',#1334,.T.);
#880=FACE_OUTER_BOUND('',#1335,.T.);
#881=FACE_OUTER_BOUND('',#1336,.T.);
#882=FACE_OUTER_BOUND('',#1337,.T.);
#883=FACE_OUTER_BOUND('',#1338,.T.);
#884=FACE_OUTER_BOUND('',#1339,.T.);
#885=FACE_OUTER_BOUND('',#1340,.T.);
#886=FACE_OUTER_BOUND('',#1341,.T.);
#887=FACE_OUTER_BOUND('',#1343,.T.);
#888=FACE_OUTER_BOUND('',#1344,.T.);
#889=FACE_OUTER_BOUND('',#1345,.T.);
#890=FACE_OUTER_BOUND('',#1346,.T.);
#891=FACE_OUTER_BOUND('',#1347,.T.);
#892=FACE_OUTER_BOUND('',#1348,.T.);
#893=FACE_OUTER_BOUND('',#1349,.T.);
#894=FACE_OUTER_BOUND('',#1350,.T.);
#895=FACE_OUTER_BOUND('',#1351,.T.);
#896=FACE_OUTER_BOUND('',#1352,.T.);
#897=FACE_OUTER_BOUND('',#1353,.T.);
#898=FACE_OUTER_BOUND('',#1354,.T.);
#899=FACE_OUTER_BOUND('',#1355,.T.);
#900=FACE_OUTER_BOUND('',#1356,.T.);
#901=FACE_OUTER_BOUND('',#1357,.T.);
#902=FACE_OUTER_BOUND('',#1358,.T.);
#903=FACE_OUTER_BOUND('',#1359,.T.);
#904=FACE_OUTER_BOUND('',#1360,.T.);
#905=FACE_OUTER_BOUND('',#1361,.T.);
#906=FACE_OUTER_BOUND('',#1362,.T.);
#907=FACE_OUTER_BOUND('',#1363,.T.);
#908=FACE_OUTER_BOUND('',#1364,.T.);
#909=FACE_OUTER_BOUND('',#1365,.T.);
#910=FACE_OUTER_BOUND('',#1366,.T.);
#911=FACE_OUTER_BOUND('',#1367,.T.);
#912=FACE_OUTER_BOUND('',#1368,.T.);
#913=FACE_OUTER_BOUND('',#1369,.T.);
#914=FACE_OUTER_BOUND('',#1370,.T.);
#915=FACE_OUTER_BOUND('',#1371,.T.);
#916=FACE_OUTER_BOUND('',#1372,.T.);
#917=FACE_OUTER_BOUND('',#1373,.T.);
#918=FACE_OUTER_BOUND('',#1374,.T.);
#919=FACE_OUTER_BOUND('',#1375,.T.);
#920=FACE_OUTER_BOUND('',#1376,.T.);
#921=FACE_OUTER_BOUND('',#1377,.T.);
#922=FACE_OUTER_BOUND('',#1378,.T.);
#923=FACE_OUTER_BOUND('',#1379,.T.);
#924=FACE_OUTER_BOUND('',#1380,.T.);
#925=FACE_OUTER_BOUND('',#1381,.T.);
#926=FACE_OUTER_BOUND('',#1382,.T.);
#927=FACE_OUTER_BOUND('',#1383,.T.);
#928=FACE_OUTER_BOUND('',#1384,.T.);
#929=FACE_OUTER_BOUND('',#1385,.T.);
#930=FACE_OUTER_BOUND('',#1386,.T.);
#931=FACE_OUTER_BOUND('',#1387,.T.);
#932=FACE_OUTER_BOUND('',#1388,.T.);
#933=FACE_OUTER_BOUND('',#1389,.T.);
#934=FACE_OUTER_BOUND('',#1390,.T.);
#935=FACE_OUTER_BOUND('',#1391,.T.);
#936=FACE_OUTER_BOUND('',#1392,.T.);
#937=FACE_OUTER_BOUND('',#1393,.T.);
#938=FACE_OUTER_BOUND('',#1394,.T.);
#939=FACE_OUTER_BOUND('',#1395,.T.);
#940=FACE_OUTER_BOUND('',#1396,.T.);
#941=FACE_OUTER_BOUND('',#1397,.T.);
#942=FACE_OUTER_BOUND('',#1398,.T.);
#943=FACE_OUTER_BOUND('',#1399,.T.);
#944=FACE_OUTER_BOUND('',#1400,.T.);
#945=FACE_OUTER_BOUND('',#1401,.T.);
#946=FACE_OUTER_BOUND('',#1402,.T.);
#947=FACE_OUTER_BOUND('',#1403,.T.);
#948=FACE_OUTER_BOUND('',#1404,.T.);
#949=FACE_OUTER_BOUND('',#1405,.T.);
#950=FACE_OUTER_BOUND('',#1406,.T.);
#951=FACE_OUTER_BOUND('',#1407,.T.);
#952=FACE_OUTER_BOUND('',#1408,.T.);
#953=FACE_OUTER_BOUND('',#1409,.T.);
#954=FACE_OUTER_BOUND('',#1410,.T.);
#955=FACE_OUTER_BOUND('',#1412,.T.);
#956=FACE_OUTER_BOUND('',#1413,.T.);
#957=FACE_OUTER_BOUND('',#1414,.T.);
#958=FACE_OUTER_BOUND('',#1415,.T.);
#959=FACE_OUTER_BOUND('',#1416,.T.);
#960=FACE_OUTER_BOUND('',#1417,.T.);
#961=FACE_OUTER_BOUND('',#1418,.T.);
#962=FACE_OUTER_BOUND('',#1419,.T.);
#963=FACE_OUTER_BOUND('',#1420,.T.);
#964=FACE_OUTER_BOUND('',#1421,.T.);
#965=FACE_OUTER_BOUND('',#1422,.T.);
#966=FACE_OUTER_BOUND('',#1423,.T.);
#967=FACE_OUTER_BOUND('',#1424,.T.);
#968=FACE_OUTER_BOUND('',#1425,.T.);
#969=FACE_OUTER_BOUND('',#1426,.T.);
#970=FACE_OUTER_BOUND('',#1427,.T.);
#971=FACE_OUTER_BOUND('',#1428,.T.);
#972=FACE_OUTER_BOUND('',#1429,.T.);
#973=FACE_OUTER_BOUND('',#1430,.T.);
#974=FACE_OUTER_BOUND('',#1431,.T.);
#975=FACE_OUTER_BOUND('',#1432,.T.);
#976=FACE_OUTER_BOUND('',#1433,.T.);
#977=FACE_OUTER_BOUND('',#1434,.T.);
#978=FACE_OUTER_BOUND('',#1435,.T.);
#979=FACE_OUTER_BOUND('',#1436,.T.);
#980=FACE_OUTER_BOUND('',#1437,.T.);
#981=FACE_OUTER_BOUND('',#1438,.T.);
#982=FACE_OUTER_BOUND('',#1439,.T.);
#983=FACE_OUTER_BOUND('',#1440,.T.);
#984=FACE_OUTER_BOUND('',#1441,.T.);
#985=FACE_OUTER_BOUND('',#1442,.T.);
#986=FACE_OUTER_BOUND('',#1443,.T.);
#987=FACE_OUTER_BOUND('',#1444,.T.);
#988=FACE_OUTER_BOUND('',#1445,.T.);
#989=FACE_OUTER_BOUND('',#1446,.T.);
#990=FACE_OUTER_BOUND('',#1447,.T.);
#991=FACE_OUTER_BOUND('',#1448,.T.);
#992=FACE_OUTER_BOUND('',#1449,.T.);
#993=FACE_OUTER_BOUND('',#1450,.T.);
#994=FACE_OUTER_BOUND('',#1451,.T.);
#995=FACE_OUTER_BOUND('',#1452,.T.);
#996=FACE_OUTER_BOUND('',#1453,.T.);
#997=FACE_OUTER_BOUND('',#1454,.T.);
#998=FACE_OUTER_BOUND('',#1455,.T.);
#999=FACE_OUTER_BOUND('',#1456,.T.);
#1000=FACE_OUTER_BOUND('',#1457,.T.);
#1001=FACE_OUTER_BOUND('',#1458,.T.);
#1002=FACE_OUTER_BOUND('',#1459,.T.);
#1003=FACE_OUTER_BOUND('',#1460,.T.);
#1004=FACE_OUTER_BOUND('',#1461,.T.);
#1005=FACE_OUTER_BOUND('',#1462,.T.);
#1006=FACE_OUTER_BOUND('',#1463,.T.);
#1007=FACE_OUTER_BOUND('',#1464,.T.);
#1008=FACE_OUTER_BOUND('',#1465,.T.);
#1009=FACE_OUTER_BOUND('',#1466,.T.);
#1010=FACE_OUTER_BOUND('',#1467,.T.);
#1011=FACE_OUTER_BOUND('',#1468,.T.);
#1012=FACE_OUTER_BOUND('',#1469,.T.);
#1013=FACE_OUTER_BOUND('',#1470,.T.);
#1014=FACE_OUTER_BOUND('',#1471,.T.);
#1015=FACE_OUTER_BOUND('',#1472,.T.);
#1016=FACE_OUTER_BOUND('',#1473,.T.);
#1017=FACE_OUTER_BOUND('',#1474,.T.);
#1018=FACE_OUTER_BOUND('',#1475,.T.);
#1019=FACE_OUTER_BOUND('',#1476,.T.);
#1020=FACE_OUTER_BOUND('',#1477,.T.);
#1021=EDGE_LOOP('',(#4955,#4956,#4957,#4958));
#1022=EDGE_LOOP('',(#4959,#4960,#4961,#4962));
#1023=EDGE_LOOP('',(#4963,#4964,#4965,#4966,#4967,#4968));
#1024=EDGE_LOOP('',(#4969,#4970,#4971,#4972,#4973,#4974,#4975,#4976,#4977,
#4978,#4979,#4980,#4981,#4982,#4983,#4984,#4985,#4986,#4987,#4988,#4989,
#4990,#4991,#4992,#4993,#4994,#4995,#4996));
#1025=EDGE_LOOP('',(#4997,#4998,#4999,#5000));
#1026=EDGE_LOOP('',(#5001,#5002,#5003,#5004,#5005));
#1027=EDGE_LOOP('',(#5006,#5007,#5008,#5009));
#1028=EDGE_LOOP('',(#5010,#5011,#5012,#5013));
#1029=EDGE_LOOP('',(#5014,#5015,#5016,#5017));
#1030=EDGE_LOOP('',(#5018,#5019,#5020,#5021));
#1031=EDGE_LOOP('',(#5022,#5023,#5024,#5025,#5026,#5027));
#1032=EDGE_LOOP('',(#5028,#5029,#5030,#5031));
#1033=EDGE_LOOP('',(#5032,#5033,#5034,#5035));
#1034=EDGE_LOOP('',(#5036,#5037,#5038,#5039));
#1035=EDGE_LOOP('',(#5040,#5041,#5042,#5043));
#1036=EDGE_LOOP('',(#5044,#5045,#5046,#5047));
#1037=EDGE_LOOP('',(#5048,#5049,#5050,#5051,#5052,#5053));
#1038=EDGE_LOOP('',(#5054,#5055,#5056,#5057,#5058,#5059,#5060,#5061,#5062,
#5063,#5064,#5065,#5066,#5067,#5068,#5069,#5070,#5071,#5072,#5073,#5074,
#5075,#5076,#5077,#5078,#5079,#5080,#5081,#5082));
#1039=EDGE_LOOP('',(#5083,#5084,#5085,#5086));
#1040=EDGE_LOOP('',(#5087,#5088,#5089,#5090));
#1041=EDGE_LOOP('',(#5091,#5092,#5093,#5094));
#1042=EDGE_LOOP('',(#5095,#5096,#5097,#5098,#5099,#5100));
#1043=EDGE_LOOP('',(#5101,#5102,#5103,#5104));
#1044=EDGE_LOOP('',(#5105,#5106,#5107,#5108));
#1045=EDGE_LOOP('',(#5109,#5110,#5111,#5112));
#1046=EDGE_LOOP('',(#5113,#5114,#5115,#5116,#5117,#5118));
#1047=EDGE_LOOP('',(#5119,#5120,#5121,#5122));
#1048=EDGE_LOOP('',(#5123,#5124,#5125,#5126));
#1049=EDGE_LOOP('',(#5127,#5128,#5129,#5130));
#1050=EDGE_LOOP('',(#5131,#5132,#5133,#5134));
#1051=EDGE_LOOP('',(#5135,#5136,#5137,#5138,#5139,#5140));
#1052=EDGE_LOOP('',(#5141,#5142,#5143,#5144));
#1053=EDGE_LOOP('',(#5145,#5146,#5147,#5148));
#1054=EDGE_LOOP('',(#5149,#5150,#5151,#5152));
#1055=EDGE_LOOP('',(#5153,#5154,#5155,#5156,#5157,#5158));
#1056=EDGE_LOOP('',(#5159,#5160,#5161,#5162));
#1057=EDGE_LOOP('',(#5163,#5164,#5165,#5166));
#1058=EDGE_LOOP('',(#5167,#5168,#5169,#5170));
#1059=EDGE_LOOP('',(#5171,#5172,#5173,#5174,#5175,#5176));
#1060=EDGE_LOOP('',(#5177,#5178,#5179,#5180));
#1061=EDGE_LOOP('',(#5181,#5182,#5183,#5184));
#1062=EDGE_LOOP('',(#5185,#5186,#5187,#5188));
#1063=EDGE_LOOP('',(#5189,#5190,#5191,#5192));
#1064=EDGE_LOOP('',(#5193,#5194,#5195,#5196));
#1065=EDGE_LOOP('',(#5197,#5198,#5199,#5200));
#1066=EDGE_LOOP('',(#5201,#5202,#5203,#5204));
#1067=EDGE_LOOP('',(#5205,#5206,#5207,#5208));
#1068=EDGE_LOOP('',(#5209,#5210,#5211,#5212));
#1069=EDGE_LOOP('',(#5213,#5214,#5215,#5216,#5217,#5218,#5219));
#1070=EDGE_LOOP('',(#5220,#5221,#5222,#5223,#5224,#5225,#5226,#5227,#5228,
#5229));
#1071=EDGE_LOOP('',(#5230,#5231,#5232,#5233,#5234,#5235,#5236,#5237,#5238,
#5239));
#1072=EDGE_LOOP('',(#5240,#5241,#5242,#5243,#5244,#5245,#5246,#5247,#5248));
#1073=EDGE_LOOP('',(#5249,#5250,#5251,#5252,#5253,#5254,#5255));
#1074=EDGE_LOOP('',(#5256,#5257,#5258,#5259,#5260,#5261,#5262,#5263));
#1075=EDGE_LOOP('',(#5264,#5265,#5266,#5267,#5268,#5269,#5270,#5271,#5272,
#5273));
#1076=EDGE_LOOP('',(#5274,#5275,#5276,#5277,#5278,#5279,#5280,#5281));
#1077=EDGE_LOOP('',(#5282,#5283,#5284,#5285));
#1078=EDGE_LOOP('',(#5286,#5287,#5288,#5289));
#1079=EDGE_LOOP('',(#5290,#5291,#5292,#5293));
#1080=EDGE_LOOP('',(#5294,#5295,#5296,#5297));
#1081=EDGE_LOOP('',(#5298,#5299,#5300,#5301));
#1082=EDGE_LOOP('',(#5302,#5303,#5304,#5305));
#1083=EDGE_LOOP('',(#5306,#5307,#5308,#5309));
#1084=EDGE_LOOP('',(#5310,#5311,#5312,#5313));
#1085=EDGE_LOOP('',(#5314,#5315,#5316,#5317));
#1086=EDGE_LOOP('',(#5318,#5319,#5320,#5321));
#1087=EDGE_LOOP('',(#5322,#5323,#5324,#5325));
#1088=EDGE_LOOP('',(#5326,#5327,#5328,#5329));
#1089=EDGE_LOOP('',(#5330,#5331,#5332,#5333));
#1090=EDGE_LOOP('',(#5334,#5335,#5336,#5337));
#1091=EDGE_LOOP('',(#5338,#5339,#5340,#5341,#5342,#5343,#5344,#5345,#5346,
#5347,#5348,#5349,#5350,#5351,#5352,#5353,#5354,#5355,#5356,#5357,#5358,
#5359,#5360,#5361,#5362,#5363,#5364,#5365,#5366,#5367,#5368,#5369,#5370,
#5371,#5372,#5373));
#1092=EDGE_LOOP('',(#5374,#5375,#5376,#5377));
#1093=EDGE_LOOP('',(#5378,#5379,#5380,#5381));
#1094=EDGE_LOOP('',(#5382,#5383,#5384,#5385,#5386,#5387,#5388,#5389,#5390));
#1095=EDGE_LOOP('',(#5391,#5392,#5393,#5394));
#1096=EDGE_LOOP('',(#5395,#5396,#5397,#5398));
#1097=EDGE_LOOP('',(#5399,#5400,#5401,#5402));
#1098=EDGE_LOOP('',(#5403,#5404,#5405,#5406));
#1099=EDGE_LOOP('',(#5407,#5408,#5409,#5410));
#1100=EDGE_LOOP('',(#5411,#5412,#5413,#5414,#5415));
#1101=EDGE_LOOP('',(#5416,#5417,#5418,#5419));
#1102=EDGE_LOOP('',(#5420,#5421,#5422,#5423));
#1103=EDGE_LOOP('',(#5424));
#1104=EDGE_LOOP('',(#5425));
#1105=EDGE_LOOP('',(#5426,#5427,#5428,#5429));
#1106=EDGE_LOOP('',(#5430));
#1107=EDGE_LOOP('',(#5431,#5432,#5433,#5434));
#1108=EDGE_LOOP('',(#5435,#5436,#5437,#5438));
#1109=EDGE_LOOP('',(#5439));
#1110=EDGE_LOOP('',(#5440));
#1111=EDGE_LOOP('',(#5441,#5442,#5443,#5444,#5445,#5446));
#1112=EDGE_LOOP('',(#5447,#5448,#5449,#5450,#5451,#5452,#5453,#5454));
#1113=EDGE_LOOP('',(#5455,#5456,#5457,#5458));
#1114=EDGE_LOOP('',(#5459,#5460,#5461,#5462,#5463,#5464,#5465,#5466));
#1115=EDGE_LOOP('',(#5467,#5468,#5469,#5470,#5471,#5472,#5473,#5474));
#1116=EDGE_LOOP('',(#5475,#5476,#5477,#5478,#5479,#5480,#5481,#5482,#5483,
#5484,#5485,#5486,#5487));
#1117=EDGE_LOOP('',(#5488,#5489,#5490,#5491,#5492,#5493));
#1118=EDGE_LOOP('',(#5494,#5495,#5496,#5497,#5498,#5499,#5500,#5501,#5502,
#5503,#5504,#5505,#5506));
#1119=EDGE_LOOP('',(#5507,#5508,#5509,#5510,#5511,#5512));
#1120=EDGE_LOOP('',(#5513,#5514,#5515,#5516,#5517,#5518,#5519,#5520));
#1121=EDGE_LOOP('',(#5521,#5522,#5523,#5524,#5525,#5526,#5527,#5528,#5529,
#5530,#5531,#5532));
#1122=EDGE_LOOP('',(#5533,#5534,#5535,#5536,#5537,#5538,#5539,#5540));
#1123=EDGE_LOOP('',(#5541,#5542,#5543,#5544,#5545,#5546,#5547,#5548,#5549,
#5550,#5551,#5552));
#1124=EDGE_LOOP('',(#5553,#5554,#5555,#5556,#5557,#5558,#5559,#5560,#5561,
#5562,#5563,#5564,#5565,#5566,#5567,#5568,#5569));
#1125=EDGE_LOOP('',(#5570,#5571,#5572,#5573,#5574,#5575,#5576,#5577,#5578,
#5579,#5580,#5581,#5582,#5583,#5584,#5585,#5586,#5587,#5588,#5589,#5590,
#5591,#5592,#5593,#5594));
#1126=EDGE_LOOP('',(#5595,#5596,#5597,#5598,#5599,#5600,#5601,#5602));
#1127=EDGE_LOOP('',(#5603,#5604,#5605,#5606,#5607,#5608,#5609,#5610,#5611,
#5612,#5613,#5614,#5615,#5616,#5617,#5618,#5619,#5620));
#1128=EDGE_LOOP('',(#5621));
#1129=EDGE_LOOP('',(#5622,#5623,#5624,#5625));
#1130=EDGE_LOOP('',(#5626,#5627,#5628,#5629));
#1131=EDGE_LOOP('',(#5630,#5631,#5632,#5633));
#1132=EDGE_LOOP('',(#5634,#5635,#5636,#5637));
#1133=EDGE_LOOP('',(#5638,#5639,#5640,#5641));
#1134=EDGE_LOOP('',(#5642,#5643,#5644,#5645));
#1135=EDGE_LOOP('',(#5646,#5647,#5648,#5649));
#1136=EDGE_LOOP('',(#5650,#5651,#5652,#5653));
#1137=EDGE_LOOP('',(#5654,#5655,#5656,#5657));
#1138=EDGE_LOOP('',(#5658,#5659,#5660,#5661));
#1139=EDGE_LOOP('',(#5662,#5663,#5664,#5665));
#1140=EDGE_LOOP('',(#5666,#5667,#5668,#5669,#5670,#5671,#5672));
#1141=EDGE_LOOP('',(#5673,#5674,#5675,#5676));
#1142=EDGE_LOOP('',(#5677));
#1143=EDGE_LOOP('',(#5678,#5679,#5680,#5681));
#1144=EDGE_LOOP('',(#5682,#5683,#5684,#5685));
#1145=EDGE_LOOP('',(#5686,#5687,#5688,#5689,#5690,#5691,#5692));
#1146=EDGE_LOOP('',(#5693,#5694,#5695,#5696));
#1147=EDGE_LOOP('',(#5697,#5698,#5699,#5700));
#1148=EDGE_LOOP('',(#5701,#5702,#5703,#5704));
#1149=EDGE_LOOP('',(#5705,#5706,#5707,#5708));
#1150=EDGE_LOOP('',(#5709,#5710,#5711,#5712));
#1151=EDGE_LOOP('',(#5713,#5714,#5715,#5716));
#1152=EDGE_LOOP('',(#5717,#5718,#5719,#5720));
#1153=EDGE_LOOP('',(#5721,#5722,#5723,#5724));
#1154=EDGE_LOOP('',(#5725,#5726,#5727,#5728));
#1155=EDGE_LOOP('',(#5729,#5730,#5731,#5732));
#1156=EDGE_LOOP('',(#5733,#5734,#5735,#5736));
#1157=EDGE_LOOP('',(#5737,#5738,#5739,#5740));
#1158=EDGE_LOOP('',(#5741,#5742,#5743,#5744));
#1159=EDGE_LOOP('',(#5745,#5746,#5747,#5748));
#1160=EDGE_LOOP('',(#5749,#5750,#5751,#5752));
#1161=EDGE_LOOP('',(#5753,#5754,#5755,#5756));
#1162=EDGE_LOOP('',(#5757,#5758,#5759,#5760));
#1163=EDGE_LOOP('',(#5761,#5762,#5763,#5764));
#1164=EDGE_LOOP('',(#5765,#5766,#5767,#5768));
#1165=EDGE_LOOP('',(#5769,#5770,#5771,#5772));
#1166=EDGE_LOOP('',(#5773,#5774,#5775,#5776));
#1167=EDGE_LOOP('',(#5777,#5778,#5779,#5780));
#1168=EDGE_LOOP('',(#5781,#5782,#5783,#5784));
#1169=EDGE_LOOP('',(#5785,#5786,#5787,#5788));
#1170=EDGE_LOOP('',(#5789,#5790,#5791,#5792));
#1171=EDGE_LOOP('',(#5793,#5794,#5795,#5796));
#1172=EDGE_LOOP('',(#5797,#5798,#5799,#5800));
#1173=EDGE_LOOP('',(#5801,#5802,#5803,#5804));
#1174=EDGE_LOOP('',(#5805,#5806,#5807,#5808));
#1175=EDGE_LOOP('',(#5809,#5810,#5811,#5812));
#1176=EDGE_LOOP('',(#5813,#5814,#5815,#5816));
#1177=EDGE_LOOP('',(#5817,#5818,#5819,#5820));
#1178=EDGE_LOOP('',(#5821,#5822,#5823,#5824));
#1179=EDGE_LOOP('',(#5825,#5826,#5827,#5828));
#1180=EDGE_LOOP('',(#5829,#5830,#5831,#5832));
#1181=EDGE_LOOP('',(#5833,#5834,#5835,#5836));
#1182=EDGE_LOOP('',(#5837,#5838,#5839,#5840));
#1183=EDGE_LOOP('',(#5841,#5842,#5843,#5844,#5845,#5846,#5847,#5848,#5849,
#5850,#5851,#5852,#5853,#5854,#5855,#5856,#5857,#5858));
#1184=EDGE_LOOP('',(#5859,#5860,#5861,#5862,#5863,#5864,#5865,#5866,#5867));
#1185=EDGE_LOOP('',(#5868,#5869,#5870,#5871));
#1186=EDGE_LOOP('',(#5872,#5873,#5874,#5875));
#1187=EDGE_LOOP('',(#5876,#5877,#5878,#5879));
#1188=EDGE_LOOP('',(#5880,#5881,#5882,#5883));
#1189=EDGE_LOOP('',(#5884,#5885,#5886,#5887));
#1190=EDGE_LOOP('',(#5888,#5889,#5890,#5891));
#1191=EDGE_LOOP('',(#5892,#5893,#5894,#5895));
#1192=EDGE_LOOP('',(#5896,#5897,#5898,#5899));
#1193=EDGE_LOOP('',(#5900,#5901,#5902,#5903));
#1194=EDGE_LOOP('',(#5904,#5905,#5906,#5907,#5908,#5909,#5910,#5911));
#1195=EDGE_LOOP('',(#5912,#5913,#5914,#5915));
#1196=EDGE_LOOP('',(#5916,#5917,#5918,#5919));
#1197=EDGE_LOOP('',(#5920,#5921,#5922,#5923));
#1198=EDGE_LOOP('',(#5924,#5925,#5926,#5927));
#1199=EDGE_LOOP('',(#5928,#5929,#5930,#5931));
#1200=EDGE_LOOP('',(#5932,#5933,#5934,#5935));
#1201=EDGE_LOOP('',(#5936,#5937,#5938,#5939));
#1202=EDGE_LOOP('',(#5940,#5941,#5942,#5943));
#1203=EDGE_LOOP('',(#5944,#5945,#5946,#5947));
#1204=EDGE_LOOP('',(#5948,#5949,#5950,#5951));
#1205=EDGE_LOOP('',(#5952,#5953,#5954,#5955));
#1206=EDGE_LOOP('',(#5956,#5957,#5958,#5959));
#1207=EDGE_LOOP('',(#5960,#5961,#5962,#5963));
#1208=EDGE_LOOP('',(#5964,#5965,#5966,#5967));
#1209=EDGE_LOOP('',(#5968,#5969,#5970,#5971));
#1210=EDGE_LOOP('',(#5972,#5973,#5974,#5975));
#1211=EDGE_LOOP('',(#5976,#5977,#5978,#5979));
#1212=EDGE_LOOP('',(#5980,#5981,#5982,#5983));
#1213=EDGE_LOOP('',(#5984,#5985,#5986,#5987));
#1214=EDGE_LOOP('',(#5988,#5989,#5990,#5991));
#1215=EDGE_LOOP('',(#5992,#5993,#5994,#5995,#5996,#5997,#5998,#5999));
#1216=EDGE_LOOP('',(#6000,#6001,#6002,#6003,#6004,#6005,#6006,#6007,#6008,
#6009,#6010,#6011));
#1217=EDGE_LOOP('',(#6012,#6013,#6014,#6015,#6016,#6017,#6018,#6019,#6020));
#1218=EDGE_LOOP('',(#6021,#6022,#6023,#6024));
#1219=EDGE_LOOP('',(#6025,#6026,#6027,#6028));
#1220=EDGE_LOOP('',(#6029,#6030,#6031,#6032));
#1221=EDGE_LOOP('',(#6033,#6034,#6035,#6036));
#1222=EDGE_LOOP('',(#6037,#6038,#6039,#6040));
#1223=EDGE_LOOP('',(#6041,#6042,#6043,#6044));
#1224=EDGE_LOOP('',(#6045,#6046,#6047,#6048));
#1225=EDGE_LOOP('',(#6049,#6050,#6051,#6052));
#1226=EDGE_LOOP('',(#6053,#6054,#6055,#6056));
#1227=EDGE_LOOP('',(#6057,#6058,#6059,#6060));
#1228=EDGE_LOOP('',(#6061,#6062,#6063,#6064));
#1229=EDGE_LOOP('',(#6065,#6066,#6067,#6068));
#1230=EDGE_LOOP('',(#6069,#6070,#6071,#6072));
#1231=EDGE_LOOP('',(#6073,#6074,#6075,#6076));
#1232=EDGE_LOOP('',(#6077,#6078,#6079,#6080));
#1233=EDGE_LOOP('',(#6081,#6082,#6083,#6084));
#1234=EDGE_LOOP('',(#6085,#6086,#6087,#6088));
#1235=EDGE_LOOP('',(#6089,#6090,#6091,#6092));
#1236=EDGE_LOOP('',(#6093,#6094,#6095,#6096));
#1237=EDGE_LOOP('',(#6097,#6098,#6099,#6100));
#1238=EDGE_LOOP('',(#6101,#6102,#6103,#6104));
#1239=EDGE_LOOP('',(#6105,#6106,#6107,#6108));
#1240=EDGE_LOOP('',(#6109,#6110,#6111,#6112));
#1241=EDGE_LOOP('',(#6113,#6114,#6115,#6116));
#1242=EDGE_LOOP('',(#6117,#6118,#6119,#6120));
#1243=EDGE_LOOP('',(#6121,#6122,#6123,#6124));
#1244=EDGE_LOOP('',(#6125,#6126,#6127,#6128));
#1245=EDGE_LOOP('',(#6129,#6130,#6131,#6132));
#1246=EDGE_LOOP('',(#6133,#6134,#6135,#6136));
#1247=EDGE_LOOP('',(#6137,#6138,#6139,#6140));
#1248=EDGE_LOOP('',(#6141,#6142,#6143,#6144));
#1249=EDGE_LOOP('',(#6145,#6146,#6147,#6148));
#1250=EDGE_LOOP('',(#6149,#6150,#6151,#6152));
#1251=EDGE_LOOP('',(#6153,#6154,#6155,#6156));
#1252=EDGE_LOOP('',(#6157,#6158,#6159,#6160));
#1253=EDGE_LOOP('',(#6161,#6162,#6163,#6164));
#1254=EDGE_LOOP('',(#6165,#6166,#6167,#6168));
#1255=EDGE_LOOP('',(#6169,#6170,#6171,#6172));
#1256=EDGE_LOOP('',(#6173,#6174,#6175,#6176));
#1257=EDGE_LOOP('',(#6177,#6178,#6179,#6180,#6181,#6182,#6183,#6184,#6185,
#6186,#6187,#6188,#6189,#6190,#6191,#6192,#6193,#6194,#6195,#6196,#6197,
#6198,#6199,#6200,#6201));
#1258=EDGE_LOOP('',(#6202,#6203,#6204,#6205,#6206,#6207,#6208,#6209,#6210));
#1259=EDGE_LOOP('',(#6211,#6212,#6213,#6214,#6215,#6216,#6217,#6218,#6219,
#6220,#6221,#6222));
#1260=EDGE_LOOP('',(#6223,#6224,#6225,#6226));
#1261=EDGE_LOOP('',(#6227,#6228,#6229,#6230));
#1262=EDGE_LOOP('',(#6231,#6232,#6233,#6234));
#1263=EDGE_LOOP('',(#6235,#6236,#6237,#6238));
#1264=EDGE_LOOP('',(#6239,#6240,#6241,#6242));
#1265=EDGE_LOOP('',(#6243,#6244,#6245,#6246));
#1266=EDGE_LOOP('',(#6247,#6248,#6249,#6250));
#1267=EDGE_LOOP('',(#6251,#6252,#6253,#6254));
#1268=EDGE_LOOP('',(#6255,#6256,#6257,#6258));
#1269=EDGE_LOOP('',(#6259,#6260,#6261,#6262));
#1270=EDGE_LOOP('',(#6263,#6264,#6265,#6266));
#1271=EDGE_LOOP('',(#6267,#6268,#6269,#6270,#6271,#6272,#6273,#6274));
#1272=EDGE_LOOP('',(#6275,#6276,#6277));
#1273=EDGE_LOOP('',(#6278,#6279,#6280,#6281,#6282,#6283,#6284,#6285,#6286));
#1274=EDGE_LOOP('',(#6287,#6288,#6289,#6290));
#1275=EDGE_LOOP('',(#6291,#6292,#6293,#6294));
#1276=EDGE_LOOP('',(#6295,#6296,#6297,#6298));
#1277=EDGE_LOOP('',(#6299,#6300,#6301,#6302));
#1278=EDGE_LOOP('',(#6303,#6304,#6305,#6306));
#1279=EDGE_LOOP('',(#6307,#6308,#6309,#6310));
#1280=EDGE_LOOP('',(#6311,#6312,#6313,#6314));
#1281=EDGE_LOOP('',(#6315,#6316,#6317,#6318));
#1282=EDGE_LOOP('',(#6319,#6320,#6321,#6322,#6323,#6324,#6325,#6326));
#1283=EDGE_LOOP('',(#6327,#6328,#6329,#6330));
#1284=EDGE_LOOP('',(#6331,#6332,#6333,#6334));
#1285=EDGE_LOOP('',(#6335,#6336,#6337,#6338));
#1286=EDGE_LOOP('',(#6339,#6340,#6341,#6342));
#1287=EDGE_LOOP('',(#6343,#6344,#6345,#6346));
#1288=EDGE_LOOP('',(#6347,#6348,#6349,#6350));
#1289=EDGE_LOOP('',(#6351,#6352,#6353,#6354));
#1290=EDGE_LOOP('',(#6355,#6356,#6357,#6358));
#1291=EDGE_LOOP('',(#6359,#6360,#6361,#6362));
#1292=EDGE_LOOP('',(#6363,#6364,#6365,#6366));
#1293=EDGE_LOOP('',(#6367,#6368,#6369,#6370));
#1294=EDGE_LOOP('',(#6371,#6372,#6373,#6374));
#1295=EDGE_LOOP('',(#6375,#6376,#6377,#6378));
#1296=EDGE_LOOP('',(#6379,#6380,#6381,#6382,#6383,#6384,#6385,#6386,#6387,
#6388,#6389,#6390,#6391));
#1297=EDGE_LOOP('',(#6392,#6393,#6394,#6395));
#1298=EDGE_LOOP('',(#6396,#6397,#6398,#6399));
#1299=EDGE_LOOP('',(#6400,#6401,#6402,#6403));
#1300=EDGE_LOOP('',(#6404,#6405,#6406,#6407));
#1301=EDGE_LOOP('',(#6408,#6409,#6410,#6411));
#1302=EDGE_LOOP('',(#6412,#6413,#6414,#6415));
#1303=EDGE_LOOP('',(#6416,#6417,#6418,#6419,#6420,#6421));
#1304=EDGE_LOOP('',(#6422,#6423,#6424,#6425));
#1305=EDGE_LOOP('',(#6426,#6427,#6428,#6429));
#1306=EDGE_LOOP('',(#6430,#6431,#6432,#6433));
#1307=EDGE_LOOP('',(#6434,#6435,#6436,#6437));
#1308=EDGE_LOOP('',(#6438,#6439,#6440,#6441));
#1309=EDGE_LOOP('',(#6442,#6443,#6444,#6445));
#1310=EDGE_LOOP('',(#6446,#6447,#6448,#6449));
#1311=EDGE_LOOP('',(#6450,#6451,#6452,#6453));
#1312=EDGE_LOOP('',(#6454,#6455,#6456,#6457));
#1313=EDGE_LOOP('',(#6458,#6459,#6460,#6461));
#1314=EDGE_LOOP('',(#6462,#6463,#6464,#6465));
#1315=EDGE_LOOP('',(#6466,#6467,#6468,#6469));
#1316=EDGE_LOOP('',(#6470,#6471,#6472,#6473));
#1317=EDGE_LOOP('',(#6474,#6475,#6476,#6477,#6478,#6479,#6480,#6481,#6482,
#6483,#6484,#6485,#6486));
#1318=EDGE_LOOP('',(#6487,#6488,#6489,#6490));
#1319=EDGE_LOOP('',(#6491,#6492,#6493,#6494));
#1320=EDGE_LOOP('',(#6495,#6496,#6497,#6498));
#1321=EDGE_LOOP('',(#6499,#6500,#6501,#6502));
#1322=EDGE_LOOP('',(#6503,#6504,#6505,#6506));
#1323=EDGE_LOOP('',(#6507,#6508,#6509,#6510));
#1324=EDGE_LOOP('',(#6511,#6512,#6513,#6514));
#1325=EDGE_LOOP('',(#6515,#6516,#6517,#6518));
#1326=EDGE_LOOP('',(#6519,#6520,#6521,#6522));
#1327=EDGE_LOOP('',(#6523,#6524,#6525,#6526));
#1328=EDGE_LOOP('',(#6527,#6528,#6529,#6530));
#1329=EDGE_LOOP('',(#6531,#6532,#6533,#6534));
#1330=EDGE_LOOP('',(#6535,#6536,#6537,#6538));
#1331=EDGE_LOOP('',(#6539,#6540,#6541,#6542));
#1332=EDGE_LOOP('',(#6543,#6544,#6545,#6546));
#1333=EDGE_LOOP('',(#6547,#6548,#6549,#6550));
#1334=EDGE_LOOP('',(#6551,#6552,#6553,#6554));
#1335=EDGE_LOOP('',(#6555,#6556,#6557,#6558));
#1336=EDGE_LOOP('',(#6559,#6560,#6561,#6562));
#1337=EDGE_LOOP('',(#6563,#6564,#6565,#6566));
#1338=EDGE_LOOP('',(#6567,#6568,#6569,#6570));
#1339=EDGE_LOOP('',(#6571,#6572,#6573,#6574));
#1340=EDGE_LOOP('',(#6575,#6576,#6577,#6578));
#1341=EDGE_LOOP('',(#6579,#6580,#6581,#6582,#6583,#6584,#6585,#6586,#6587,
#6588,#6589,#6590,#6591,#6592,#6593,#6594,#6595));
#1342=EDGE_LOOP('',(#6596,#6597,#6598,#6599,#6600,#6601));
#1343=EDGE_LOOP('',(#6602,#6603,#6604));
#1344=EDGE_LOOP('',(#6605,#6606,#6607,#6608));
#1345=EDGE_LOOP('',(#6609,#6610,#6611,#6612));
#1346=EDGE_LOOP('',(#6613,#6614,#6615,#6616));
#1347=EDGE_LOOP('',(#6617,#6618,#6619,#6620));
#1348=EDGE_LOOP('',(#6621,#6622,#6623,#6624));
#1349=EDGE_LOOP('',(#6625,#6626,#6627,#6628));
#1350=EDGE_LOOP('',(#6629,#6630,#6631,#6632));
#1351=EDGE_LOOP('',(#6633,#6634,#6635,#6636));
#1352=EDGE_LOOP('',(#6637,#6638,#6639,#6640));
#1353=EDGE_LOOP('',(#6641,#6642,#6643,#6644));
#1354=EDGE_LOOP('',(#6645,#6646,#6647,#6648));
#1355=EDGE_LOOP('',(#6649,#6650,#6651,#6652));
#1356=EDGE_LOOP('',(#6653,#6654,#6655,#6656,#6657,#6658,#6659,#6660,#6661,
#6662,#6663,#6664));
#1357=EDGE_LOOP('',(#6665,#6666,#6667,#6668));
#1358=EDGE_LOOP('',(#6669,#6670,#6671,#6672));
#1359=EDGE_LOOP('',(#6673,#6674,#6675,#6676));
#1360=EDGE_LOOP('',(#6677,#6678,#6679,#6680));
#1361=EDGE_LOOP('',(#6681,#6682,#6683,#6684));
#1362=EDGE_LOOP('',(#6685,#6686,#6687,#6688));
#1363=EDGE_LOOP('',(#6689,#6690,#6691,#6692));
#1364=EDGE_LOOP('',(#6693,#6694,#6695,#6696));
#1365=EDGE_LOOP('',(#6697,#6698,#6699,#6700,#6701,#6702,#6703,#6704));
#1366=EDGE_LOOP('',(#6705,#6706,#6707,#6708));
#1367=EDGE_LOOP('',(#6709,#6710,#6711,#6712));
#1368=EDGE_LOOP('',(#6713,#6714,#6715,#6716));
#1369=EDGE_LOOP('',(#6717,#6718,#6719,#6720));
#1370=EDGE_LOOP('',(#6721,#6722,#6723,#6724));
#1371=EDGE_LOOP('',(#6725,#6726,#6727,#6728));
#1372=EDGE_LOOP('',(#6729,#6730,#6731,#6732));
#1373=EDGE_LOOP('',(#6733,#6734,#6735,#6736));
#1374=EDGE_LOOP('',(#6737,#6738,#6739,#6740));
#1375=EDGE_LOOP('',(#6741,#6742,#6743,#6744));
#1376=EDGE_LOOP('',(#6745,#6746,#6747,#6748));
#1377=EDGE_LOOP('',(#6749,#6750,#6751,#6752));
#1378=EDGE_LOOP('',(#6753,#6754,#6755,#6756,#6757,#6758,#6759,#6760,#6761,
#6762,#6763,#6764));
#1379=EDGE_LOOP('',(#6765,#6766,#6767,#6768));
#1380=EDGE_LOOP('',(#6769,#6770,#6771,#6772));
#1381=EDGE_LOOP('',(#6773,#6774,#6775,#6776));
#1382=EDGE_LOOP('',(#6777,#6778,#6779,#6780));
#1383=EDGE_LOOP('',(#6781,#6782,#6783,#6784));
#1384=EDGE_LOOP('',(#6785,#6786,#6787,#6788));
#1385=EDGE_LOOP('',(#6789,#6790,#6791,#6792));
#1386=EDGE_LOOP('',(#6793,#6794,#6795,#6796));
#1387=EDGE_LOOP('',(#6797,#6798,#6799,#6800,#6801,#6802,#6803,#6804));
#1388=EDGE_LOOP('',(#6805,#6806,#6807,#6808));
#1389=EDGE_LOOP('',(#6809,#6810,#6811,#6812));
#1390=EDGE_LOOP('',(#6813,#6814,#6815,#6816));
#1391=EDGE_LOOP('',(#6817,#6818,#6819,#6820));
#1392=EDGE_LOOP('',(#6821,#6822,#6823,#6824));
#1393=EDGE_LOOP('',(#6825,#6826,#6827,#6828));
#1394=EDGE_LOOP('',(#6829,#6830,#6831,#6832,#6833,#6834));
#1395=EDGE_LOOP('',(#6835,#6836,#6837));
#1396=EDGE_LOOP('',(#6838,#6839,#6840,#6841));
#1397=EDGE_LOOP('',(#6842,#6843,#6844,#6845,#6846,#6847,#6848,#6849));
#1398=EDGE_LOOP('',(#6850,#6851,#6852,#6853));
#1399=EDGE_LOOP('',(#6854,#6855,#6856));
#1400=EDGE_LOOP('',(#6857,#6858,#6859,#6860));
#1401=EDGE_LOOP('',(#6861,#6862,#6863,#6864));
#1402=EDGE_LOOP('',(#6865,#6866,#6867,#6868));
#1403=EDGE_LOOP('',(#6869,#6870,#6871,#6872));
#1404=EDGE_LOOP('',(#6873,#6874,#6875,#6876));
#1405=EDGE_LOOP('',(#6877,#6878,#6879,#6880));
#1406=EDGE_LOOP('',(#6881,#6882,#6883,#6884));
#1407=EDGE_LOOP('',(#6885,#6886,#6887,#6888));
#1408=EDGE_LOOP('',(#6889,#6890,#6891,#6892));
#1409=EDGE_LOOP('',(#6893,#6894,#6895,#6896,#6897,#6898));
#1410=EDGE_LOOP('',(#6899));
#1411=EDGE_LOOP('',(#6900));
#1412=EDGE_LOOP('',(#6901,#6902,#6903,#6904));
#1413=EDGE_LOOP('',(#6905,#6906,#6907,#6908));
#1414=EDGE_LOOP('',(#6909,#6910,#6911,#6912));
#1415=EDGE_LOOP('',(#6913,#6914,#6915,#6916));
#1416=EDGE_LOOP('',(#6917,#6918,#6919,#6920));
#1417=EDGE_LOOP('',(#6921,#6922,#6923,#6924));
#1418=EDGE_LOOP('',(#6925,#6926,#6927,#6928));
#1419=EDGE_LOOP('',(#6929,#6930,#6931,#6932));
#1420=EDGE_LOOP('',(#6933,#6934,#6935,#6936,#6937,#6938));
#1421=EDGE_LOOP('',(#6939,#6940,#6941,#6942,#6943,#6944));
#1422=EDGE_LOOP('',(#6945,#6946,#6947,#6948));
#1423=EDGE_LOOP('',(#6949,#6950,#6951,#6952));
#1424=EDGE_LOOP('',(#6953,#6954,#6955,#6956));
#1425=EDGE_LOOP('',(#6957,#6958,#6959,#6960));
#1426=EDGE_LOOP('',(#6961,#6962,#6963,#6964));
#1427=EDGE_LOOP('',(#6965,#6966,#6967,#6968));
#1428=EDGE_LOOP('',(#6969,#6970,#6971,#6972,#6973,#6974));
#1429=EDGE_LOOP('',(#6975,#6976,#6977,#6978,#6979,#6980));
#1430=EDGE_LOOP('',(#6981,#6982,#6983,#6984));
#1431=EDGE_LOOP('',(#6985,#6986,#6987,#6988));
#1432=EDGE_LOOP('',(#6989,#6990,#6991,#6992));
#1433=EDGE_LOOP('',(#6993,#6994,#6995,#6996));
#1434=EDGE_LOOP('',(#6997,#6998,#6999,#7000));
#1435=EDGE_LOOP('',(#7001,#7002,#7003,#7004));
#1436=EDGE_LOOP('',(#7005,#7006,#7007,#7008,#7009,#7010));
#1437=EDGE_LOOP('',(#7011,#7012,#7013,#7014,#7015,#7016));
#1438=EDGE_LOOP('',(#7017,#7018,#7019,#7020));
#1439=EDGE_LOOP('',(#7021,#7022,#7023,#7024));
#1440=EDGE_LOOP('',(#7025,#7026,#7027,#7028));
#1441=EDGE_LOOP('',(#7029,#7030,#7031,#7032));
#1442=EDGE_LOOP('',(#7033,#7034,#7035,#7036));
#1443=EDGE_LOOP('',(#7037,#7038,#7039,#7040));
#1444=EDGE_LOOP('',(#7041,#7042,#7043,#7044,#7045,#7046));
#1445=EDGE_LOOP('',(#7047,#7048,#7049,#7050,#7051,#7052));
#1446=EDGE_LOOP('',(#7053,#7054,#7055,#7056));
#1447=EDGE_LOOP('',(#7057,#7058,#7059,#7060));
#1448=EDGE_LOOP('',(#7061,#7062,#7063,#7064));
#1449=EDGE_LOOP('',(#7065,#7066,#7067,#7068));
#1450=EDGE_LOOP('',(#7069,#7070,#7071,#7072));
#1451=EDGE_LOOP('',(#7073,#7074,#7075,#7076));
#1452=EDGE_LOOP('',(#7077,#7078,#7079,#7080,#7081,#7082));
#1453=EDGE_LOOP('',(#7083,#7084,#7085,#7086,#7087,#7088));
#1454=EDGE_LOOP('',(#7089,#7090,#7091,#7092));
#1455=EDGE_LOOP('',(#7093,#7094,#7095,#7096));
#1456=EDGE_LOOP('',(#7097,#7098,#7099,#7100));
#1457=EDGE_LOOP('',(#7101,#7102,#7103,#7104));
#1458=EDGE_LOOP('',(#7105,#7106,#7107,#7108));
#1459=EDGE_LOOP('',(#7109,#7110,#7111,#7112));
#1460=EDGE_LOOP('',(#7113,#7114,#7115,#7116,#7117,#7118));
#1461=EDGE_LOOP('',(#7119,#7120,#7121,#7122,#7123,#7124));
#1462=EDGE_LOOP('',(#7125,#7126,#7127,#7128));
#1463=EDGE_LOOP('',(#7129,#7130,#7131,#7132));
#1464=EDGE_LOOP('',(#7133,#7134,#7135,#7136));
#1465=EDGE_LOOP('',(#7137,#7138,#7139,#7140));
#1466=EDGE_LOOP('',(#7141,#7142,#7143,#7144));
#1467=EDGE_LOOP('',(#7145,#7146,#7147,#7148));
#1468=EDGE_LOOP('',(#7149,#7150,#7151,#7152,#7153,#7154));
#1469=EDGE_LOOP('',(#7155,#7156,#7157,#7158,#7159,#7160));
#1470=EDGE_LOOP('',(#7161,#7162,#7163,#7164));
#1471=EDGE_LOOP('',(#7165,#7166,#7167,#7168));
#1472=EDGE_LOOP('',(#7169,#7170,#7171,#7172));
#1473=EDGE_LOOP('',(#7173,#7174,#7175,#7176));
#1474=EDGE_LOOP('',(#7177,#7178,#7179,#7180));
#1475=EDGE_LOOP('',(#7181,#7182,#7183,#7184));
#1476=EDGE_LOOP('',(#7185,#7186,#7187,#7188,#7189,#7190));
#1477=EDGE_LOOP('',(#7191,#7192,#7193,#7194,#7195,#7196));
#1478=LINE('',#9882,#2285);
#1479=LINE('',#9884,#2286);
#1480=LINE('',#9886,#2287);
#1481=LINE('',#9887,#2288);
#1482=LINE('',#9891,#2289);
#1483=LINE('',#9893,#2290);
#1484=LINE('',#9895,#2291);
#1485=LINE('',#9896,#2292);
#1486=LINE('',#9898,#2293);
#1487=LINE('',#9900,#2294);
#1488=LINE('',#9903,#2295);
#1489=LINE('',#9906,#2296);
#1490=LINE('',#9908,#2297);
#1491=LINE('',#9910,#2298);
#1492=LINE('',#9912,#2299);
#1493=LINE('',#9914,#2300);
#1494=LINE('',#9916,#2301);
#1495=LINE('',#9918,#2302);
#1496=LINE('',#9920,#2303);
#1497=LINE('',#9922,#2304);
#1498=LINE('',#9924,#2305);
#1499=LINE('',#9926,#2306);
#1500=LINE('',#9928,#2307);
#1501=LINE('',#9930,#2308);
#1502=LINE('',#9932,#2309);
#1503=LINE('',#9934,#2310);
#1504=LINE('',#9936,#2311);
#1505=LINE('',#9938,#2312);
#1506=LINE('',#9940,#2313);
#1507=LINE('',#9942,#2314);
#1508=LINE('',#9944,#2315);
#1509=LINE('',#9946,#2316);
#1510=LINE('',#9948,#2317);
#1511=LINE('',#9950,#2318);
#1512=LINE('',#9952,#2319);
#1513=LINE('',#9953,#2320);
#1514=LINE('',#9956,#2321);
#1515=LINE('',#9957,#2322);
#1516=LINE('',#9960,#2323);
#1517=LINE('',#9962,#2324);
#1518=LINE('',#9963,#2325);
#1519=LINE('',#9969,#2326);
#1520=LINE('',#9972,#2327);
#1521=LINE('',#9976,#2328);
#1522=LINE('',#9978,#2329);
#1523=LINE('',#9980,#2330);
#1524=LINE('',#9981,#2331);
#1525=LINE('',#9983,#2332);
#1526=LINE('',#9985,#2333);
#1527=LINE('',#9986,#2334);
#1528=LINE('',#9989,#2335);
#1529=LINE('',#9990,#2336);
#1530=LINE('',#9992,#2337);
#1531=LINE('',#9993,#2338);
#1532=LINE('',#9996,#2339);
#1533=LINE('',#9998,#2340);
#1534=LINE('',#9999,#2341);
#1535=LINE('',#10005,#2342);
#1536=LINE('',#10008,#2343);
#1537=LINE('',#10012,#2344);
#1538=LINE('',#10014,#2345);
#1539=LINE('',#10016,#2346);
#1540=LINE('',#10017,#2347);
#1541=LINE('',#10019,#2348);
#1542=LINE('',#10021,#2349);
#1543=LINE('',#10022,#2350);
#1544=LINE('',#10025,#2351);
#1545=LINE('',#10026,#2352);
#1546=LINE('',#10028,#2353);
#1547=LINE('',#10029,#2354);
#1548=LINE('',#10032,#2355);
#1549=LINE('',#10034,#2356);
#1550=LINE('',#10036,#2357);
#1551=LINE('',#10038,#2358);
#1552=LINE('',#10039,#2359);
#1553=LINE('',#10041,#2360);
#1554=LINE('',#10043,#2361);
#1555=LINE('',#10045,#2362);
#1556=LINE('',#10047,#2363);
#1557=LINE('',#10051,#2364);
#1558=LINE('',#10055,#2365);
#1559=LINE('',#10059,#2366);
#1560=LINE('',#10063,#2367);
#1561=LINE('',#10067,#2368);
#1562=LINE('',#10071,#2369);
#1563=LINE('',#10075,#2370);
#1564=LINE('',#10079,#2371);
#1565=LINE('',#10081,#2372);
#1566=LINE('',#10082,#2373);
#1567=LINE('',#10088,#2374);
#1568=LINE('',#10091,#2375);
#1569=LINE('',#10094,#2376);
#1570=LINE('',#10096,#2377);
#1571=LINE('',#10097,#2378);
#1572=LINE('',#10100,#2379);
#1573=LINE('',#10101,#2380);
#1574=LINE('',#10103,#2381);
#1575=LINE('',#10104,#2382);
#1576=LINE('',#10107,#2383);
#1577=LINE('',#10108,#2384);
#1578=LINE('',#10111,#2385);
#1579=LINE('',#10113,#2386);
#1580=LINE('',#10114,#2387);
#1581=LINE('',#10117,#2388);
#1582=LINE('',#10119,#2389);
#1583=LINE('',#10120,#2390);
#1584=LINE('',#10123,#2391);
#1585=LINE('',#10126,#2392);
#1586=LINE('',#10129,#2393);
#1587=LINE('',#10130,#2394);
#1588=LINE('',#10136,#2395);
#1589=LINE('',#10139,#2396);
#1590=LINE('',#10142,#2397);
#1591=LINE('',#10144,#2398);
#1592=LINE('',#10145,#2399);
#1593=LINE('',#10148,#2400);
#1594=LINE('',#10149,#2401);
#1595=LINE('',#10151,#2402);
#1596=LINE('',#10152,#2403);
#1597=LINE('',#10155,#2404);
#1598=LINE('',#10156,#2405);
#1599=LINE('',#10159,#2406);
#1600=LINE('',#10160,#2407);
#1601=LINE('',#10163,#2408);
#1602=LINE('',#10164,#2409);
#1603=LINE('',#10167,#2410);
#1604=LINE('',#10170,#2411);
#1605=LINE('',#10176,#2412);
#1606=LINE('',#10179,#2413);
#1607=LINE('',#10182,#2414);
#1608=LINE('',#10184,#2415);
#1609=LINE('',#10185,#2416);
#1610=LINE('',#10188,#2417);
#1611=LINE('',#10189,#2418);
#1612=LINE('',#10191,#2419);
#1613=LINE('',#10192,#2420);
#1614=LINE('',#10194,#2421);
#1615=LINE('',#10197,#2422);
#1616=LINE('',#10200,#2423);
#1617=LINE('',#10203,#2424);
#1618=LINE('',#10206,#2425);
#1619=LINE('',#10209,#2426);
#1620=LINE('',#10212,#2427);
#1621=LINE('',#10215,#2428);
#1622=LINE('',#10218,#2429);
#1623=LINE('',#10221,#2430);
#1624=LINE('',#10224,#2431);
#1625=LINE('',#10227,#2432);
#1626=LINE('',#10230,#2433);
#1627=LINE('',#10233,#2434);
#1628=LINE('',#10236,#2435);
#1629=LINE('',#10239,#2436);
#1630=LINE('',#10242,#2437);
#1631=LINE('',#10245,#2438);
#1632=LINE('',#10246,#2439);
#1633=LINE('',#10248,#2440);
#1634=LINE('',#10250,#2441);
#1635=LINE('',#10252,#2442);
#1636=LINE('',#10255,#2443);
#1637=LINE('',#10256,#2444);
#1638=LINE('',#10258,#2445);
#1639=LINE('',#10260,#2446);
#1640=LINE('',#10262,#2447);
#1641=LINE('',#10265,#2448);
#1642=LINE('',#10268,#2449);
#1643=LINE('',#10271,#2450);
#1644=LINE('',#10272,#2451);
#1645=LINE('',#10276,#2452);
#1646=LINE('',#10279,#2453);
#1647=LINE('',#10280,#2454);
#1648=LINE('',#10284,#2455);
#1649=LINE('',#10287,#2456);
#1650=LINE('',#10288,#2457);
#1651=LINE('',#10292,#2458);
#1652=LINE('',#10295,#2459);
#1653=LINE('',#10296,#2460);
#1654=LINE('',#10300,#2461);
#1655=LINE('',#10303,#2462);
#1656=LINE('',#10304,#2463);
#1657=LINE('',#10308,#2464);
#1658=LINE('',#10311,#2465);
#1659=LINE('',#10312,#2466);
#1660=LINE('',#10316,#2467);
#1661=LINE('',#10319,#2468);
#1662=LINE('',#10320,#2469);
#1663=LINE('',#10322,#2470);
#1664=LINE('',#10324,#2471);
#1665=LINE('',#10326,#2472);
#1666=LINE('',#10329,#2473);
#1667=LINE('',#10330,#2474);
#1668=LINE('',#10332,#2475);
#1669=LINE('',#10334,#2476);
#1670=LINE('',#10338,#2477);
#1671=LINE('',#10342,#2478);
#1672=LINE('',#10344,#2479);
#1673=LINE('',#10345,#2480);
#1674=LINE('',#10355,#2481);
#1675=LINE('',#10361,#2482);
#1676=LINE('',#10367,#2483);
#1677=LINE('',#10373,#2484);
#1678=LINE('',#10375,#2485);
#1679=LINE('',#10377,#2486);
#1680=LINE('',#10378,#2487);
#1681=LINE('',#10383,#2488);
#1682=LINE('',#10389,#2489);
#1683=LINE('',#10395,#2490);
#1684=LINE('',#10397,#2491);
#1685=LINE('',#10399,#2492);
#1686=LINE('',#10401,#2493);
#1687=LINE('',#10403,#2494);
#1688=LINE('',#10404,#2495);
#1689=LINE('',#10455,#2496);
#1690=LINE('',#10457,#2497);
#1691=LINE('',#10459,#2498);
#1692=LINE('',#10460,#2499);
#1693=LINE('',#10463,#2500);
#1694=LINE('',#10465,#2501);
#1695=LINE('',#10467,#2502);
#1696=LINE('',#10469,#2503);
#1697=LINE('',#10471,#2504);
#1698=LINE('',#10473,#2505);
#1699=LINE('',#10475,#2506);
#1700=LINE('',#10476,#2507);
#1701=LINE('',#10539,#2508);
#1702=LINE('',#10541,#2509);
#1703=LINE('',#10543,#2510);
#1704=LINE('',#10557,#2511);
#1705=LINE('',#10559,#2512);
#1706=LINE('',#10561,#2513);
#1707=LINE('',#10563,#2514);
#1708=LINE('',#10565,#2515);
#1709=LINE('',#10573,#2516);
#1710=LINE('',#10575,#2517);
#1711=LINE('',#10577,#2518);
#1712=LINE('',#10579,#2519);
#1713=LINE('',#10581,#2520);
#1714=LINE('',#10582,#2521);
#1715=LINE('',#10597,#2522);
#1716=LINE('',#10599,#2523);
#1717=LINE('',#10601,#2524);
#1718=LINE('',#10615,#2525);
#1719=LINE('',#10617,#2526);
#1720=LINE('',#10619,#2527);
#1721=LINE('',#10621,#2528);
#1722=LINE('',#10623,#2529);
#1723=LINE('',#10631,#2530);
#1724=LINE('',#10633,#2531);
#1725=LINE('',#10635,#2532);
#1726=LINE('',#10637,#2533);
#1727=LINE('',#10639,#2534);
#1728=LINE('',#10640,#2535);
#1729=LINE('',#10643,#2536);
#1730=LINE('',#10645,#2537);
#1731=LINE('',#10647,#2538);
#1732=LINE('',#10649,#2539);
#1733=LINE('',#10651,#2540);
#1734=LINE('',#10653,#2541);
#1735=LINE('',#10655,#2542);
#1736=LINE('',#10656,#2543);
#1737=LINE('',#10665,#2544);
#1738=LINE('',#10685,#2545);
#1739=LINE('',#10687,#2546);
#1740=LINE('',#10689,#2547);
#1741=LINE('',#10691,#2548);
#1742=LINE('',#10693,#2549);
#1743=LINE('',#10755,#2550);
#1744=LINE('',#10757,#2551);
#1745=LINE('',#10759,#2552);
#1746=LINE('',#10761,#2553);
#1747=LINE('',#10763,#2554);
#1748=LINE('',#10765,#2555);
#1749=LINE('',#10767,#2556);
#1750=LINE('',#10769,#2557);
#1751=LINE('',#10771,#2558);
#1752=LINE('',#10773,#2559);
#1753=LINE('',#10775,#2560);
#1754=LINE('',#10776,#2561);
#1755=LINE('',#10785,#2562);
#1756=LINE('',#10805,#2563);
#1757=LINE('',#10837,#2564);
#1758=LINE('',#10869,#2565);
#1759=LINE('',#10901,#2566);
#1760=LINE('',#10915,#2567);
#1761=LINE('',#10977,#2568);
#1762=LINE('',#11003,#2569);
#1763=LINE('',#11005,#2570);
#1764=LINE('',#11013,#2571);
#1765=LINE('',#11027,#2572);
#1766=LINE('',#11028,#2573);
#1767=LINE('',#11031,#2574);
#1768=LINE('',#11033,#2575);
#1769=LINE('',#11077,#2576);
#1770=LINE('',#11079,#2577);
#1771=LINE('',#11081,#2578);
#1772=LINE('',#11101,#2579);
#1773=LINE('',#11103,#2580);
#1774=LINE('',#11104,#2581);
#1775=LINE('',#11108,#2582);
#1776=LINE('',#11110,#2583);
#1777=LINE('',#11112,#2584);
#1778=LINE('',#11113,#2585);
#1779=LINE('',#11116,#2586);
#1780=LINE('',#11118,#2587);
#1781=LINE('',#11119,#2588);
#1782=LINE('',#11122,#2589);
#1783=LINE('',#11124,#2590);
#1784=LINE('',#11125,#2591);
#1785=LINE('',#11127,#2592);
#1786=LINE('',#11128,#2593);
#1787=LINE('',#11132,#2594);
#1788=LINE('',#11134,#2595);
#1789=LINE('',#11136,#2596);
#1790=LINE('',#11137,#2597);
#1791=LINE('',#11140,#2598);
#1792=LINE('',#11142,#2599);
#1793=LINE('',#11143,#2600);
#1794=LINE('',#11146,#2601);
#1795=LINE('',#11148,#2602);
#1796=LINE('',#11149,#2603);
#1797=LINE('',#11152,#2604);
#1798=LINE('',#11154,#2605);
#1799=LINE('',#11155,#2606);
#1800=LINE('',#11158,#2607);
#1801=LINE('',#11160,#2608);
#1802=LINE('',#11161,#2609);
#1803=LINE('',#11164,#2610);
#1804=LINE('',#11166,#2611);
#1805=LINE('',#11167,#2612);
#1806=LINE('',#11169,#2613);
#1807=LINE('',#11170,#2614);
#1808=LINE('',#11175,#2615);
#1809=LINE('',#11177,#2616);
#1810=LINE('',#11179,#2617);
#1811=LINE('',#11180,#2618);
#1812=LINE('',#11183,#2619);
#1813=LINE('',#11185,#2620);
#1814=LINE('',#11187,#2621);
#1815=LINE('',#11188,#2622);
#1816=LINE('',#11191,#2623);
#1817=LINE('',#11193,#2624);
#1818=LINE('',#11194,#2625);
#1819=LINE('',#11197,#2626);
#1820=LINE('',#11198,#2627);
#1821=LINE('',#11201,#2628);
#1822=LINE('',#11202,#2629);
#1823=LINE('',#11204,#2630);
#1824=LINE('',#11208,#2631);
#1825=LINE('',#11210,#2632);
#1826=LINE('',#11211,#2633);
#1827=LINE('',#11214,#2634);
#1828=LINE('',#11215,#2635);
#1829=LINE('',#11218,#2636);
#1830=LINE('',#11219,#2637);
#1831=LINE('',#11221,#2638);
#1832=LINE('',#11226,#2639);
#1833=LINE('',#11228,#2640);
#1834=LINE('',#11230,#2641);
#1835=LINE('',#11231,#2642);
#1836=LINE('',#11254,#2643);
#1837=LINE('',#11277,#2644);
#1838=LINE('',#11300,#2645);
#1839=LINE('',#11323,#2646);
#1840=LINE('',#11346,#2647);
#1841=LINE('',#11369,#2648);
#1842=LINE('',#11372,#2649);
#1843=LINE('',#11374,#2650);
#1844=LINE('',#11375,#2651);
#1845=LINE('',#11377,#2652);
#1846=LINE('',#11378,#2653);
#1847=LINE('',#11381,#2654);
#1848=LINE('',#11383,#2655);
#1849=LINE('',#11384,#2656);
#1850=LINE('',#11387,#2657);
#1851=LINE('',#11388,#2658);
#1852=LINE('',#11405,#2659);
#1853=LINE('',#11422,#2660);
#1854=LINE('',#11439,#2661);
#1855=LINE('',#11456,#2662);
#1856=LINE('',#11473,#2663);
#1857=LINE('',#11490,#2664);
#1858=LINE('',#11507,#2665);
#1859=LINE('',#11510,#2666);
#1860=LINE('',#11511,#2667);
#1861=LINE('',#11514,#2668);
#1862=LINE('',#11515,#2669);
#1863=LINE('',#11518,#2670);
#1864=LINE('',#11519,#2671);
#1865=LINE('',#11536,#2672);
#1866=LINE('',#11553,#2673);
#1867=LINE('',#11570,#2674);
#1868=LINE('',#11573,#2675);
#1869=LINE('',#11574,#2676);
#1870=LINE('',#11577,#2677);
#1871=LINE('',#11578,#2678);
#1872=LINE('',#11580,#2679);
#1873=LINE('',#11585,#2680);
#1874=LINE('',#11587,#2681);
#1875=LINE('',#11588,#2682);
#1876=LINE('',#11591,#2683);
#1877=LINE('',#11592,#2684);
#1878=LINE('',#11609,#2685);
#1879=LINE('',#11612,#2686);
#1880=LINE('',#11613,#2687);
#1881=LINE('',#11630,#2688);
#1882=LINE('',#11647,#2689);
#1883=LINE('',#11650,#2690);
#1884=LINE('',#11651,#2691);
#1885=LINE('',#11653,#2692);
#1886=LINE('',#11673,#2693);
#1887=LINE('',#11680,#2694);
#1888=LINE('',#11703,#2695);
#1889=LINE('',#11726,#2696);
#1890=LINE('',#11749,#2697);
#1891=LINE('',#11772,#2698);
#1892=LINE('',#11795,#2699);
#1893=LINE('',#11818,#2700);
#1894=LINE('',#11841,#2701);
#1895=LINE('',#11864,#2702);
#1896=LINE('',#11887,#2703);
#1897=LINE('',#11910,#2704);
#1898=LINE('',#11942,#2705);
#1899=LINE('',#11949,#2706);
#1900=LINE('',#11966,#2707);
#1901=LINE('',#11983,#2708);
#1902=LINE('',#12000,#2709);
#1903=LINE('',#12017,#2710);
#1904=LINE('',#12034,#2711);
#1905=LINE('',#12051,#2712);
#1906=LINE('',#12071,#2713);
#1907=LINE('',#12073,#2714);
#1908=LINE('',#12074,#2715);
#1909=LINE('',#12077,#2716);
#1910=LINE('',#12078,#2717);
#1911=LINE('',#12081,#2718);
#1912=LINE('',#12082,#2719);
#1913=LINE('',#12084,#2720);
#1914=LINE('',#12104,#2721);
#1915=LINE('',#12111,#2722);
#1916=LINE('',#12134,#2723);
#1917=LINE('',#12157,#2724);
#1918=LINE('',#12180,#2725);
#1919=LINE('',#12203,#2726);
#1920=LINE('',#12226,#2727);
#1921=LINE('',#12249,#2728);
#1922=LINE('',#12272,#2729);
#1923=LINE('',#12274,#2730);
#1924=LINE('',#12275,#2731);
#1925=LINE('',#12278,#2732);
#1926=LINE('',#12280,#2733);
#1927=LINE('',#12281,#2734);
#1928=LINE('',#12298,#2735);
#1929=LINE('',#12315,#2736);
#1930=LINE('',#12332,#2737);
#1931=LINE('',#12349,#2738);
#1932=LINE('',#12366,#2739);
#1933=LINE('',#12369,#2740);
#1934=LINE('',#12370,#2741);
#1935=LINE('',#12387,#2742);
#1936=LINE('',#12404,#2743);
#1937=LINE('',#12407,#2744);
#1938=LINE('',#12408,#2745);
#1939=LINE('',#12425,#2746);
#1940=LINE('',#12442,#2747);
#1941=LINE('',#12459,#2748);
#1942=LINE('',#12476,#2749);
#1943=LINE('',#12493,#2750);
#1944=LINE('',#12510,#2751);
#1945=LINE('',#12527,#2752);
#1946=LINE('',#12544,#2753);
#1947=LINE('',#12561,#2754);
#1948=LINE('',#12578,#2755);
#1949=LINE('',#12581,#2756);
#1950=LINE('',#12582,#2757);
#1951=LINE('',#12599,#2758);
#1952=LINE('',#12616,#2759);
#1953=LINE('',#12633,#2760);
#1954=LINE('',#12654,#2761);
#1955=LINE('',#12656,#2762);
#1956=LINE('',#12658,#2763);
#1957=LINE('',#12659,#2764);
#1958=LINE('',#12662,#2765);
#1959=LINE('',#12664,#2766);
#1960=LINE('',#12665,#2767);
#1961=LINE('',#12667,#2768);
#1962=LINE('',#12668,#2769);
#1963=LINE('',#12671,#2770);
#1964=LINE('',#12673,#2771);
#1965=LINE('',#12674,#2772);
#1966=LINE('',#12677,#2773);
#1967=LINE('',#12678,#2774);
#1968=LINE('',#12681,#2775);
#1969=LINE('',#12682,#2776);
#1970=LINE('',#12685,#2777);
#1971=LINE('',#12686,#2778);
#1972=LINE('',#12689,#2779);
#1973=LINE('',#12690,#2780);
#1974=LINE('',#12693,#2781);
#1975=LINE('',#12694,#2782);
#1976=LINE('',#12697,#2783);
#1977=LINE('',#12698,#2784);
#1978=LINE('',#12700,#2785);
#1979=LINE('',#12714,#2786);
#1980=LINE('',#12721,#2787);
#1981=LINE('',#12738,#2788);
#1982=LINE('',#12755,#2789);
#1983=LINE('',#12772,#2790);
#1984=LINE('',#12789,#2791);
#1985=LINE('',#12806,#2792);
#1986=LINE('',#12823,#2793);
#1987=LINE('',#12851,#2794);
#1988=LINE('',#12858,#2795);
#1989=LINE('',#12875,#2796);
#1990=LINE('',#12878,#2797);
#1991=LINE('',#12879,#2798);
#1992=LINE('',#12882,#2799);
#1993=LINE('',#12883,#2800);
#1994=LINE('',#12886,#2801);
#1995=LINE('',#12887,#2802);
#1996=LINE('',#12904,#2803);
#1997=LINE('',#12921,#2804);
#1998=LINE('',#12924,#2805);
#1999=LINE('',#12925,#2806);
#2000=LINE('',#12928,#2807);
#2001=LINE('',#12929,#2808);
#2002=LINE('',#12932,#2809);
#2003=LINE('',#12933,#2810);
#2004=LINE('',#12936,#2811);
#2005=LINE('',#12937,#2812);
#2006=LINE('',#12940,#2813);
#2007=LINE('',#12941,#2814);
#2008=LINE('',#12960,#2815);
#2009=LINE('',#12962,#2816);
#2010=LINE('',#12963,#2817);
#2011=LINE('',#12966,#2818);
#2012=LINE('',#12967,#2819);
#2013=LINE('',#12970,#2820);
#2014=LINE('',#12971,#2821);
#2015=LINE('',#12974,#2822);
#2016=LINE('',#12975,#2823);
#2017=LINE('',#12978,#2824);
#2018=LINE('',#12979,#2825);
#2019=LINE('',#12981,#2826);
#2020=LINE('',#12994,#2827);
#2021=LINE('',#13001,#2828);
#2022=LINE('',#13018,#2829);
#2023=LINE('',#13021,#2830);
#2024=LINE('',#13022,#2831);
#2025=LINE('',#13025,#2832);
#2026=LINE('',#13026,#2833);
#2027=LINE('',#13029,#2834);
#2028=LINE('',#13030,#2835);
#2029=LINE('',#13047,#2836);
#2030=LINE('',#13064,#2837);
#2031=LINE('',#13067,#2838);
#2032=LINE('',#13068,#2839);
#2033=LINE('',#13071,#2840);
#2034=LINE('',#13072,#2841);
#2035=LINE('',#13075,#2842);
#2036=LINE('',#13076,#2843);
#2037=LINE('',#13079,#2844);
#2038=LINE('',#13080,#2845);
#2039=LINE('',#13083,#2846);
#2040=LINE('',#13084,#2847);
#2041=LINE('',#13119,#2848);
#2042=LINE('',#13126,#2849);
#2043=LINE('',#13149,#2850);
#2044=LINE('',#13172,#2851);
#2045=LINE('',#13195,#2852);
#2046=LINE('',#13198,#2853);
#2047=LINE('',#13200,#2854);
#2048=LINE('',#13201,#2855);
#2049=LINE('',#13203,#2856);
#2050=LINE('',#13204,#2857);
#2051=LINE('',#13216,#2858);
#2052=LINE('',#13223,#2859);
#2053=LINE('',#13226,#2860);
#2054=LINE('',#13227,#2861);
#2055=LINE('',#13244,#2862);
#2056=LINE('',#13261,#2863);
#2057=LINE('',#13278,#2864);
#2058=LINE('',#13281,#2865);
#2059=LINE('',#13282,#2866);
#2060=LINE('',#13299,#2867);
#2061=LINE('',#13316,#2868);
#2062=LINE('',#13333,#2869);
#2063=LINE('',#13350,#2870);
#2064=LINE('',#13367,#2871);
#2065=LINE('',#13370,#2872);
#2066=LINE('',#13371,#2873);
#2067=LINE('',#13388,#2874);
#2068=LINE('',#13405,#2875);
#2069=LINE('',#13422,#2876);
#2070=LINE('',#13439,#2877);
#2071=LINE('',#13459,#2878);
#2072=LINE('',#13461,#2879);
#2073=LINE('',#13462,#2880);
#2074=LINE('',#13465,#2881);
#2075=LINE('',#13466,#2882);
#2076=LINE('',#13469,#2883);
#2077=LINE('',#13470,#2884);
#2078=LINE('',#13473,#2885);
#2079=LINE('',#13474,#2886);
#2080=LINE('',#13477,#2887);
#2081=LINE('',#13478,#2888);
#2082=LINE('',#13481,#2889);
#2083=LINE('',#13482,#2890);
#2084=LINE('',#13485,#2891);
#2085=LINE('',#13486,#2892);
#2086=LINE('',#13489,#2893);
#2087=LINE('',#13490,#2894);
#2088=LINE('',#13493,#2895);
#2089=LINE('',#13494,#2896);
#2090=LINE('',#13497,#2897);
#2091=LINE('',#13498,#2898);
#2092=LINE('',#13501,#2899);
#2093=LINE('',#13502,#2900);
#2094=LINE('',#13504,#2901);
#2095=LINE('',#13517,#2902);
#2096=LINE('',#13524,#2903);
#2097=LINE('',#13541,#2904);
#2098=LINE('',#13558,#2905);
#2099=LINE('',#13575,#2906);
#2100=LINE('',#13592,#2907);
#2101=LINE('',#13609,#2908);
#2102=LINE('',#13626,#2909);
#2103=LINE('',#13654,#2910);
#2104=LINE('',#13661,#2911);
#2105=LINE('',#13664,#2912);
#2106=LINE('',#13665,#2913);
#2107=LINE('',#13682,#2914);
#2108=LINE('',#13699,#2915);
#2109=LINE('',#13716,#2916);
#2110=LINE('',#13719,#2917);
#2111=LINE('',#13720,#2918);
#2112=LINE('',#13723,#2919);
#2113=LINE('',#13724,#2920);
#2114=LINE('',#13727,#2921);
#2115=LINE('',#13728,#2922);
#2116=LINE('',#13731,#2923);
#2117=LINE('',#13732,#2924);
#2118=LINE('',#13735,#2925);
#2119=LINE('',#13736,#2926);
#2120=LINE('',#13753,#2927);
#2121=LINE('',#13772,#2928);
#2122=LINE('',#13774,#2929);
#2123=LINE('',#13775,#2930);
#2124=LINE('',#13778,#2931);
#2125=LINE('',#13779,#2932);
#2126=LINE('',#13782,#2933);
#2127=LINE('',#13783,#2934);
#2128=LINE('',#13786,#2935);
#2129=LINE('',#13787,#2936);
#2130=LINE('',#13790,#2937);
#2131=LINE('',#13791,#2938);
#2132=LINE('',#13794,#2939);
#2133=LINE('',#13795,#2940);
#2134=LINE('',#13798,#2941);
#2135=LINE('',#13799,#2942);
#2136=LINE('',#13801,#2943);
#2137=LINE('',#13805,#2944);
#2138=LINE('',#13807,#2945);
#2139=LINE('',#13808,#2946);
#2140=LINE('',#13811,#2947);
#2141=LINE('',#13812,#2948);
#2142=LINE('',#13815,#2949);
#2143=LINE('',#13816,#2950);
#2144=LINE('',#13819,#2951);
#2145=LINE('',#13820,#2952);
#2146=LINE('',#13823,#2953);
#2147=LINE('',#13824,#2954);
#2148=LINE('',#13826,#2955);
#2149=LINE('',#13834,#2956);
#2150=LINE('',#13840,#2957);
#2151=LINE('',#13850,#2958);
#2152=LINE('',#13855,#2959);
#2153=LINE('',#13858,#2960);
#2154=LINE('',#13861,#2961);
#2155=LINE('',#13864,#2962);
#2156=LINE('',#13869,#2963);
#2157=LINE('',#13874,#2964);
#2158=LINE('',#13876,#2965);
#2159=LINE('',#13878,#2966);
#2160=LINE('',#13879,#2967);
#2161=LINE('',#13885,#2968);
#2162=LINE('',#13888,#2969);
#2163=LINE('',#13890,#2970);
#2164=LINE('',#13891,#2971);
#2165=LINE('',#13894,#2972);
#2166=LINE('',#13896,#2973);
#2167=LINE('',#13897,#2974);
#2168=LINE('',#13900,#2975);
#2169=LINE('',#13902,#2976);
#2170=LINE('',#13903,#2977);
#2171=LINE('',#13905,#2978);
#2172=LINE('',#13906,#2979);
#2173=LINE('',#13912,#2980);
#2174=LINE('',#13914,#2981);
#2175=LINE('',#13916,#2982);
#2176=LINE('',#13917,#2983);
#2177=LINE('',#13920,#2984);
#2178=LINE('',#13922,#2985);
#2179=LINE('',#13923,#2986);
#2180=LINE('',#13929,#2987);
#2181=LINE('',#13932,#2988);
#2182=LINE('',#13934,#2989);
#2183=LINE('',#13935,#2990);
#2184=LINE('',#13938,#2991);
#2185=LINE('',#13940,#2992);
#2186=LINE('',#13941,#2993);
#2187=LINE('',#13943,#2994);
#2188=LINE('',#13944,#2995);
#2189=LINE('',#13950,#2996);
#2190=LINE('',#13952,#2997);
#2191=LINE('',#13954,#2998);
#2192=LINE('',#13955,#2999);
#2193=LINE('',#13958,#3000);
#2194=LINE('',#13960,#3001);
#2195=LINE('',#13961,#3002);
#2196=LINE('',#13967,#3003);
#2197=LINE('',#13970,#3004);
#2198=LINE('',#13972,#3005);
#2199=LINE('',#13973,#3006);
#2200=LINE('',#13976,#3007);
#2201=LINE('',#13978,#3008);
#2202=LINE('',#13979,#3009);
#2203=LINE('',#13981,#3010);
#2204=LINE('',#13982,#3011);
#2205=LINE('',#13988,#3012);
#2206=LINE('',#13990,#3013);
#2207=LINE('',#13992,#3014);
#2208=LINE('',#13993,#3015);
#2209=LINE('',#13999,#3016);
#2210=LINE('',#14002,#3017);
#2211=LINE('',#14004,#3018);
#2212=LINE('',#14005,#3019);
#2213=LINE('',#14008,#3020);
#2214=LINE('',#14010,#3021);
#2215=LINE('',#14011,#3022);
#2216=LINE('',#14014,#3023);
#2217=LINE('',#14016,#3024);
#2218=LINE('',#14017,#3025);
#2219=LINE('',#14019,#3026);
#2220=LINE('',#14020,#3027);
#2221=LINE('',#14026,#3028);
#2222=LINE('',#14028,#3029);
#2223=LINE('',#14030,#3030);
#2224=LINE('',#14031,#3031);
#2225=LINE('',#14034,#3032);
#2226=LINE('',#14036,#3033);
#2227=LINE('',#14037,#3034);
#2228=LINE('',#14043,#3035);
#2229=LINE('',#14046,#3036);
#2230=LINE('',#14048,#3037);
#2231=LINE('',#14049,#3038);
#2232=LINE('',#14052,#3039);
#2233=LINE('',#14054,#3040);
#2234=LINE('',#14055,#3041);
#2235=LINE('',#14057,#3042);
#2236=LINE('',#14058,#3043);
#2237=LINE('',#14064,#3044);
#2238=LINE('',#14066,#3045);
#2239=LINE('',#14068,#3046);
#2240=LINE('',#14069,#3047);
#2241=LINE('',#14075,#3048);
#2242=LINE('',#14078,#3049);
#2243=LINE('',#14080,#3050);
#2244=LINE('',#14081,#3051);
#2245=LINE('',#14084,#3052);
#2246=LINE('',#14086,#3053);
#2247=LINE('',#14087,#3054);
#2248=LINE('',#14090,#3055);
#2249=LINE('',#14092,#3056);
#2250=LINE('',#14093,#3057);
#2251=LINE('',#14095,#3058);
#2252=LINE('',#14096,#3059);
#2253=LINE('',#14102,#3060);
#2254=LINE('',#14104,#3061);
#2255=LINE('',#14106,#3062);
#2256=LINE('',#14107,#3063);
#2257=LINE('',#14110,#3064);
#2258=LINE('',#14112,#3065);
#2259=LINE('',#14113,#3066);
#2260=LINE('',#14119,#3067);
#2261=LINE('',#14122,#3068);
#2262=LINE('',#14124,#3069);
#2263=LINE('',#14125,#3070);
#2264=LINE('',#14128,#3071);
#2265=LINE('',#14130,#3072);
#2266=LINE('',#14131,#3073);
#2267=LINE('',#14133,#3074);
#2268=LINE('',#14134,#3075);
#2269=LINE('',#14140,#3076);
#2270=LINE('',#14142,#3077);
#2271=LINE('',#14144,#3078);
#2272=LINE('',#14145,#3079);
#2273=LINE('',#14151,#3080);
#2274=LINE('',#14154,#3081);
#2275=LINE('',#14156,#3082);
#2276=LINE('',#14157,#3083);
#2277=LINE('',#14160,#3084);
#2278=LINE('',#14162,#3085);
#2279=LINE('',#14163,#3086);
#2280=LINE('',#14166,#3087);
#2281=LINE('',#14168,#3088);
#2282=LINE('',#14169,#3089);
#2283=LINE('',#14171,#3090);
#2284=LINE('',#14172,#3091);
#2285=VECTOR('',#8299,10.);
#2286=VECTOR('',#8300,10.);
#2287=VECTOR('',#8301,10.);
#2288=VECTOR('',#8302,10.);
#2289=VECTOR('',#8305,10.);
#2290=VECTOR('',#8306,10.);
#2291=VECTOR('',#8307,10.);
#2292=VECTOR('',#8308,10.);
#2293=VECTOR('',#8311,10.);
#2294=VECTOR('',#8312,10.);
#2295=VECTOR('',#8315,10.);
#2296=VECTOR('',#8318,10.);
#2297=VECTOR('',#8319,10.);
#2298=VECTOR('',#8320,10.);
#2299=VECTOR('',#8321,10.);
#2300=VECTOR('',#8322,10.);
#2301=VECTOR('',#8323,10.);
#2302=VECTOR('',#8324,10.);
#2303=VECTOR('',#8325,10.);
#2304=VECTOR('',#8326,10.);
#2305=VECTOR('',#8327,10.);
#2306=VECTOR('',#8328,10.);
#2307=VECTOR('',#8329,10.);
#2308=VECTOR('',#8330,10.);
#2309=VECTOR('',#8331,10.);
#2310=VECTOR('',#8332,10.);
#2311=VECTOR('',#8333,10.);
#2312=VECTOR('',#8334,10.);
#2313=VECTOR('',#8335,10.);
#2314=VECTOR('',#8336,10.);
#2315=VECTOR('',#8337,10.);
#2316=VECTOR('',#8338,10.);
#2317=VECTOR('',#8339,9.);
#2318=VECTOR('',#8340,9.);
#2319=VECTOR('',#8341,9.);
#2320=VECTOR('',#8342,10.);
#2321=VECTOR('',#8345,10.);
#2322=VECTOR('',#8346,10.);
#2323=VECTOR('',#8349,9.);
#2324=VECTOR('',#8350,10.);
#2325=VECTOR('',#8351,10.);
#2326=VECTOR('',#8356,10.);
#2327=VECTOR('',#8359,10.);
#2328=VECTOR('',#8362,10.);
#2329=VECTOR('',#8363,10.);
#2330=VECTOR('',#8364,10.);
#2331=VECTOR('',#8365,10.);
#2332=VECTOR('',#8368,9.);
#2333=VECTOR('',#8369,10.);
#2334=VECTOR('',#8370,10.);
#2335=VECTOR('',#8373,10.);
#2336=VECTOR('',#8374,10.);
#2337=VECTOR('',#8377,10.);
#2338=VECTOR('',#8378,10.);
#2339=VECTOR('',#8381,9.);
#2340=VECTOR('',#8382,10.);
#2341=VECTOR('',#8383,10.);
#2342=VECTOR('',#8388,10.);
#2343=VECTOR('',#8391,10.);
#2344=VECTOR('',#8394,10.);
#2345=VECTOR('',#8395,10.);
#2346=VECTOR('',#8396,10.);
#2347=VECTOR('',#8397,10.);
#2348=VECTOR('',#8400,9.);
#2349=VECTOR('',#8401,10.);
#2350=VECTOR('',#8402,10.);
#2351=VECTOR('',#8405,10.);
#2352=VECTOR('',#8406,10.);
#2353=VECTOR('',#8409,10.);
#2354=VECTOR('',#8410,10.);
#2355=VECTOR('',#8413,9.);
#2356=VECTOR('',#8414,9.);
#2357=VECTOR('',#8415,10.);
#2358=VECTOR('',#8416,10.);
#2359=VECTOR('',#8417,10.);
#2360=VECTOR('',#8418,10.);
#2361=VECTOR('',#8419,10.);
#2362=VECTOR('',#8420,10.);
#2363=VECTOR('',#8421,10.);
#2364=VECTOR('',#8424,10.);
#2365=VECTOR('',#8427,10.);
#2366=VECTOR('',#8430,10.);
#2367=VECTOR('',#8433,10.);
#2368=VECTOR('',#8436,10.);
#2369=VECTOR('',#8439,10.);
#2370=VECTOR('',#8442,10.);
#2371=VECTOR('',#8445,10.);
#2372=VECTOR('',#8446,10.);
#2373=VECTOR('',#8447,10.);
#2374=VECTOR('',#8452,10.);
#2375=VECTOR('',#8455,10.);
#2376=VECTOR('',#8458,10.);
#2377=VECTOR('',#8459,10.);
#2378=VECTOR('',#8460,10.);
#2379=VECTOR('',#8463,10.);
#2380=VECTOR('',#8464,10.);
#2381=VECTOR('',#8467,10.);
#2382=VECTOR('',#8468,10.);
#2383=VECTOR('',#8471,10.);
#2384=VECTOR('',#8472,10.);
#2385=VECTOR('',#8475,10.);
#2386=VECTOR('',#8476,10.);
#2387=VECTOR('',#8477,10.);
#2388=VECTOR('',#8480,10.);
#2389=VECTOR('',#8481,10.);
#2390=VECTOR('',#8482,10.);
#2391=VECTOR('',#8485,10.);
#2392=VECTOR('',#8488,10.);
#2393=VECTOR('',#8491,10.);
#2394=VECTOR('',#8492,10.);
#2395=VECTOR('',#8497,10.);
#2396=VECTOR('',#8500,10.);
#2397=VECTOR('',#8503,10.);
#2398=VECTOR('',#8504,10.);
#2399=VECTOR('',#8505,10.);
#2400=VECTOR('',#8508,10.);
#2401=VECTOR('',#8509,10.);
#2402=VECTOR('',#8512,10.);
#2403=VECTOR('',#8513,10.);
#2404=VECTOR('',#8516,10.);
#2405=VECTOR('',#8517,10.);
#2406=VECTOR('',#8520,10.);
#2407=VECTOR('',#8521,10.);
#2408=VECTOR('',#8524,10.);
#2409=VECTOR('',#8525,10.);
#2410=VECTOR('',#8528,10.);
#2411=VECTOR('',#8531,10.);
#2412=VECTOR('',#8536,10.);
#2413=VECTOR('',#8539,10.);
#2414=VECTOR('',#8542,10.);
#2415=VECTOR('',#8543,10.);
#2416=VECTOR('',#8544,10.);
#2417=VECTOR('',#8547,10.);
#2418=VECTOR('',#8548,10.);
#2419=VECTOR('',#8551,10.);
#2420=VECTOR('',#8552,10.);
#2421=VECTOR('',#8555,10.);
#2422=VECTOR('',#8558,10.);
#2423=VECTOR('',#8561,10.);
#2424=VECTOR('',#8564,10.);
#2425=VECTOR('',#8567,10.);
#2426=VECTOR('',#8570,10.);
#2427=VECTOR('',#8573,10.);
#2428=VECTOR('',#8576,10.);
#2429=VECTOR('',#8579,10.);
#2430=VECTOR('',#8582,10.);
#2431=VECTOR('',#8585,10.);
#2432=VECTOR('',#8588,10.);
#2433=VECTOR('',#8591,10.);
#2434=VECTOR('',#8594,10.);
#2435=VECTOR('',#8597,10.);
#2436=VECTOR('',#8600,10.);
#2437=VECTOR('',#8603,10.);
#2438=VECTOR('',#8606,10.);
#2439=VECTOR('',#8607,10.);
#2440=VECTOR('',#8610,10.);
#2441=VECTOR('',#8613,10.);
#2442=VECTOR('',#8616,10.);
#2443=VECTOR('',#8619,10.);
#2444=VECTOR('',#8620,10.);
#2445=VECTOR('',#8623,10.);
#2446=VECTOR('',#8626,10.);
#2447=VECTOR('',#8629,10.);
#2448=VECTOR('',#8632,10.);
#2449=VECTOR('',#8635,10.);
#2450=VECTOR('',#8638,10.);
#2451=VECTOR('',#8639,10.);
#2452=VECTOR('',#8644,10.);
#2453=VECTOR('',#8647,10.);
#2454=VECTOR('',#8648,10.);
#2455=VECTOR('',#8653,10.);
#2456=VECTOR('',#8656,10.);
#2457=VECTOR('',#8657,10.);
#2458=VECTOR('',#8662,10.);
#2459=VECTOR('',#8665,10.);
#2460=VECTOR('',#8666,10.);
#2461=VECTOR('',#8671,10.);
#2462=VECTOR('',#8674,10.);
#2463=VECTOR('',#8675,10.);
#2464=VECTOR('',#8680,10.);
#2465=VECTOR('',#8683,10.);
#2466=VECTOR('',#8684,10.);
#2467=VECTOR('',#8689,10.);
#2468=VECTOR('',#8692,10.);
#2469=VECTOR('',#8693,10.);
#2470=VECTOR('',#8696,10.);
#2471=VECTOR('',#8697,10.);
#2472=VECTOR('',#8698,10.);
#2473=VECTOR('',#8701,10.);
#2474=VECTOR('',#8702,10.);
#2475=VECTOR('',#8705,10.);
#2476=VECTOR('',#8708,10.);
#2477=VECTOR('',#8715,10.);
#2478=VECTOR('',#8720,9.);
#2479=VECTOR('',#8721,9.);
#2480=VECTOR('',#8722,9.);
#2481=VECTOR('',#8733,0.225);
#2482=VECTOR('',#8740,1.25);
#2483=VECTOR('',#8747,1.335);
#2484=VECTOR('',#8754,9.);
#2485=VECTOR('',#8755,9.);
#2486=VECTOR('',#8756,9.);
#2487=VECTOR('',#8757,9.);
#2488=VECTOR('',#8762,2.00000002980232);
#2489=VECTOR('',#8769,2.2);
#2490=VECTOR('',#8776,9.);
#2491=VECTOR('',#8777,9.);
#2492=VECTOR('',#8778,9.);
#2493=VECTOR('',#8779,9.);
#2494=VECTOR('',#8780,9.);
#2495=VECTOR('',#8781,9.);
#2496=VECTOR('',#8782,10.);
#2497=VECTOR('',#8783,10.);
#2498=VECTOR('',#8784,10.);
#2499=VECTOR('',#8785,10.);
#2500=VECTOR('',#8786,10.);
#2501=VECTOR('',#8787,10.);
#2502=VECTOR('',#8788,10.);
#2503=VECTOR('',#8789,10.);
#2504=VECTOR('',#8790,10.);
#2505=VECTOR('',#8791,10.);
#2506=VECTOR('',#8792,10.);
#2507=VECTOR('',#8793,10.);
#2508=VECTOR('',#8794,10.);
#2509=VECTOR('',#8795,10.);
#2510=VECTOR('',#8796,10.);
#2511=VECTOR('',#8797,10.);
#2512=VECTOR('',#8798,10.);
#2513=VECTOR('',#8799,10.);
#2514=VECTOR('',#8800,10.);
#2515=VECTOR('',#8801,10.);
#2516=VECTOR('',#8802,10.);
#2517=VECTOR('',#8803,10.);
#2518=VECTOR('',#8804,10.);
#2519=VECTOR('',#8805,10.);
#2520=VECTOR('',#8806,10.);
#2521=VECTOR('',#8807,10.);
#2522=VECTOR('',#8808,10.);
#2523=VECTOR('',#8809,10.);
#2524=VECTOR('',#8810,10.);
#2525=VECTOR('',#8811,10.);
#2526=VECTOR('',#8812,10.);
#2527=VECTOR('',#8813,10.);
#2528=VECTOR('',#8814,10.);
#2529=VECTOR('',#8815,10.);
#2530=VECTOR('',#8816,10.);
#2531=VECTOR('',#8817,10.);
#2532=VECTOR('',#8818,10.);
#2533=VECTOR('',#8819,10.);
#2534=VECTOR('',#8820,10.);
#2535=VECTOR('',#8821,10.);
#2536=VECTOR('',#8822,10.);
#2537=VECTOR('',#8823,10.);
#2538=VECTOR('',#8824,10.);
#2539=VECTOR('',#8825,10.);
#2540=VECTOR('',#8826,10.);
#2541=VECTOR('',#8827,10.);
#2542=VECTOR('',#8828,10.);
#2543=VECTOR('',#8829,10.);
#2544=VECTOR('',#8830,10.);
#2545=VECTOR('',#8831,10.);
#2546=VECTOR('',#8832,10.);
#2547=VECTOR('',#8833,10.);
#2548=VECTOR('',#8834,10.);
#2549=VECTOR('',#8835,10.);
#2550=VECTOR('',#8836,10.);
#2551=VECTOR('',#8837,10.);
#2552=VECTOR('',#8838,10.);
#2553=VECTOR('',#8839,10.);
#2554=VECTOR('',#8840,10.);
#2555=VECTOR('',#8841,10.);
#2556=VECTOR('',#8842,10.);
#2557=VECTOR('',#8843,10.);
#2558=VECTOR('',#8844,10.);
#2559=VECTOR('',#8845,10.);
#2560=VECTOR('',#8846,10.);
#2561=VECTOR('',#8847,10.);
#2562=VECTOR('',#8848,10.);
#2563=VECTOR('',#8849,10.);
#2564=VECTOR('',#8850,10.);
#2565=VECTOR('',#8851,10.);
#2566=VECTOR('',#8852,10.);
#2567=VECTOR('',#8853,10.);
#2568=VECTOR('',#8854,10.);
#2569=VECTOR('',#8855,10.);
#2570=VECTOR('',#8856,10.);
#2571=VECTOR('',#8857,10.);
#2572=VECTOR('',#8858,10.);
#2573=VECTOR('',#8859,10.);
#2574=VECTOR('',#8860,10.);
#2575=VECTOR('',#8861,10.);
#2576=VECTOR('',#8862,10.);
#2577=VECTOR('',#8863,10.);
#2578=VECTOR('',#8864,10.);
#2579=VECTOR('',#8865,10.);
#2580=VECTOR('',#8866,10.);
#2581=VECTOR('',#8867,10.);
#2582=VECTOR('',#8870,10.);
#2583=VECTOR('',#8871,10.);
#2584=VECTOR('',#8872,10.);
#2585=VECTOR('',#8873,10.);
#2586=VECTOR('',#8876,10.);
#2587=VECTOR('',#8877,10.);
#2588=VECTOR('',#8878,10.);
#2589=VECTOR('',#8881,10.);
#2590=VECTOR('',#8882,10.);
#2591=VECTOR('',#8883,10.);
#2592=VECTOR('',#8886,10.);
#2593=VECTOR('',#8887,10.);
#2594=VECTOR('',#8890,10.);
#2595=VECTOR('',#8891,10.);
#2596=VECTOR('',#8892,10.);
#2597=VECTOR('',#8893,10.);
#2598=VECTOR('',#8896,10.);
#2599=VECTOR('',#8897,10.);
#2600=VECTOR('',#8898,10.);
#2601=VECTOR('',#8901,10.);
#2602=VECTOR('',#8902,10.);
#2603=VECTOR('',#8903,10.);
#2604=VECTOR('',#8906,10.);
#2605=VECTOR('',#8907,10.);
#2606=VECTOR('',#8908,10.);
#2607=VECTOR('',#8911,10.);
#2608=VECTOR('',#8912,10.);
#2609=VECTOR('',#8913,10.);
#2610=VECTOR('',#8916,10.);
#2611=VECTOR('',#8917,10.);
#2612=VECTOR('',#8918,10.);
#2613=VECTOR('',#8921,10.);
#2614=VECTOR('',#8922,10.);
#2615=VECTOR('',#8927,10.);
#2616=VECTOR('',#8928,10.);
#2617=VECTOR('',#8929,10.);
#2618=VECTOR('',#8930,10.);
#2619=VECTOR('',#8931,10.);
#2620=VECTOR('',#8932,10.);
#2621=VECTOR('',#8933,10.);
#2622=VECTOR('',#8934,10.);
#2623=VECTOR('',#8937,10.);
#2624=VECTOR('',#8938,10.);
#2625=VECTOR('',#8939,10.);
#2626=VECTOR('',#8942,10.);
#2627=VECTOR('',#8943,10.);
#2628=VECTOR('',#8946,10.);
#2629=VECTOR('',#8947,10.);
#2630=VECTOR('',#8950,10.);
#2631=VECTOR('',#8955,10.);
#2632=VECTOR('',#8956,10.);
#2633=VECTOR('',#8957,10.);
#2634=VECTOR('',#8960,10.);
#2635=VECTOR('',#8961,10.);
#2636=VECTOR('',#8964,10.);
#2637=VECTOR('',#8965,10.);
#2638=VECTOR('',#8968,10.);
#2639=VECTOR('',#8973,10.);
#2640=VECTOR('',#8974,10.);
#2641=VECTOR('',#8975,10.);
#2642=VECTOR('',#8976,10.);
#2643=VECTOR('',#8977,10.);
#2644=VECTOR('',#8978,10.);
#2645=VECTOR('',#8979,10.);
#2646=VECTOR('',#8980,10.);
#2647=VECTOR('',#8981,10.);
#2648=VECTOR('',#8982,10.);
#2649=VECTOR('',#8985,10.);
#2650=VECTOR('',#8986,10.);
#2651=VECTOR('',#8987,10.);
#2652=VECTOR('',#8990,10.);
#2653=VECTOR('',#8991,10.);
#2654=VECTOR('',#8994,10.);
#2655=VECTOR('',#8995,10.);
#2656=VECTOR('',#8996,10.);
#2657=VECTOR('',#8999,10.);
#2658=VECTOR('',#9000,10.);
#2659=VECTOR('',#9001,10.);
#2660=VECTOR('',#9002,10.);
#2661=VECTOR('',#9003,10.);
#2662=VECTOR('',#9004,10.);
#2663=VECTOR('',#9005,10.);
#2664=VECTOR('',#9006,10.);
#2665=VECTOR('',#9007,10.);
#2666=VECTOR('',#9010,10.);
#2667=VECTOR('',#9011,10.);
#2668=VECTOR('',#9014,10.);
#2669=VECTOR('',#9015,10.);
#2670=VECTOR('',#9018,10.);
#2671=VECTOR('',#9019,10.);
#2672=VECTOR('',#9020,10.);
#2673=VECTOR('',#9021,10.);
#2674=VECTOR('',#9022,10.);
#2675=VECTOR('',#9025,10.);
#2676=VECTOR('',#9026,10.);
#2677=VECTOR('',#9029,10.);
#2678=VECTOR('',#9030,10.);
#2679=VECTOR('',#9033,10.);
#2680=VECTOR('',#9040,10.);
#2681=VECTOR('',#9041,10.);
#2682=VECTOR('',#9042,10.);
#2683=VECTOR('',#9045,10.);
#2684=VECTOR('',#9046,10.);
#2685=VECTOR('',#9047,10.);
#2686=VECTOR('',#9050,10.);
#2687=VECTOR('',#9051,10.);
#2688=VECTOR('',#9052,10.);
#2689=VECTOR('',#9053,10.);
#2690=VECTOR('',#9056,10.);
#2691=VECTOR('',#9057,10.);
#2692=VECTOR('',#9060,10.);
#2693=VECTOR('',#9063,10.);
#2694=VECTOR('',#9064,10.);
#2695=VECTOR('',#9065,10.);
#2696=VECTOR('',#9066,10.);
#2697=VECTOR('',#9067,10.);
#2698=VECTOR('',#9068,10.);
#2699=VECTOR('',#9069,10.);
#2700=VECTOR('',#9070,10.);
#2701=VECTOR('',#9071,10.);
#2702=VECTOR('',#9072,10.);
#2703=VECTOR('',#9073,10.);
#2704=VECTOR('',#9074,10.);
#2705=VECTOR('',#9075,10.);
#2706=VECTOR('',#9076,10.);
#2707=VECTOR('',#9077,10.);
#2708=VECTOR('',#9078,10.);
#2709=VECTOR('',#9079,10.);
#2710=VECTOR('',#9080,10.);
#2711=VECTOR('',#9081,10.);
#2712=VECTOR('',#9082,10.);
#2713=VECTOR('',#9089,10.);
#2714=VECTOR('',#9090,10.);
#2715=VECTOR('',#9091,10.);
#2716=VECTOR('',#9094,10.);
#2717=VECTOR('',#9095,10.);
#2718=VECTOR('',#9098,10.);
#2719=VECTOR('',#9099,10.);
#2720=VECTOR('',#9102,10.);
#2721=VECTOR('',#9105,10.);
#2722=VECTOR('',#9106,10.);
#2723=VECTOR('',#9107,10.);
#2724=VECTOR('',#9108,10.);
#2725=VECTOR('',#9109,10.);
#2726=VECTOR('',#9110,10.);
#2727=VECTOR('',#9111,10.);
#2728=VECTOR('',#9112,10.);
#2729=VECTOR('',#9113,10.);
#2730=VECTOR('',#9116,10.);
#2731=VECTOR('',#9117,10.);
#2732=VECTOR('',#9120,10.);
#2733=VECTOR('',#9121,10.);
#2734=VECTOR('',#9122,10.);
#2735=VECTOR('',#9123,10.);
#2736=VECTOR('',#9124,10.);
#2737=VECTOR('',#9125,10.);
#2738=VECTOR('',#9126,10.);
#2739=VECTOR('',#9127,10.);
#2740=VECTOR('',#9130,10.);
#2741=VECTOR('',#9131,10.);
#2742=VECTOR('',#9132,10.);
#2743=VECTOR('',#9133,10.);
#2744=VECTOR('',#9136,10.);
#2745=VECTOR('',#9137,10.);
#2746=VECTOR('',#9138,10.);
#2747=VECTOR('',#9139,10.);
#2748=VECTOR('',#9140,10.);
#2749=VECTOR('',#9141,10.);
#2750=VECTOR('',#9142,10.);
#2751=VECTOR('',#9143,10.);
#2752=VECTOR('',#9144,10.);
#2753=VECTOR('',#9145,10.);
#2754=VECTOR('',#9146,10.);
#2755=VECTOR('',#9147,10.);
#2756=VECTOR('',#9150,10.);
#2757=VECTOR('',#9151,10.);
#2758=VECTOR('',#9152,10.);
#2759=VECTOR('',#9153,10.);
#2760=VECTOR('',#9154,10.);
#2761=VECTOR('',#9161,10.);
#2762=VECTOR('',#9162,10.);
#2763=VECTOR('',#9163,10.);
#2764=VECTOR('',#9164,10.);
#2765=VECTOR('',#9167,10.);
#2766=VECTOR('',#9168,10.);
#2767=VECTOR('',#9169,10.);
#2768=VECTOR('',#9172,10.);
#2769=VECTOR('',#9173,10.);
#2770=VECTOR('',#9176,10.);
#2771=VECTOR('',#9177,10.);
#2772=VECTOR('',#9178,10.);
#2773=VECTOR('',#9181,10.);
#2774=VECTOR('',#9182,10.);
#2775=VECTOR('',#9185,10.);
#2776=VECTOR('',#9186,10.);
#2777=VECTOR('',#9189,10.);
#2778=VECTOR('',#9190,10.);
#2779=VECTOR('',#9193,10.);
#2780=VECTOR('',#9194,10.);
#2781=VECTOR('',#9197,10.);
#2782=VECTOR('',#9198,10.);
#2783=VECTOR('',#9201,10.);
#2784=VECTOR('',#9202,10.);
#2785=VECTOR('',#9205,10.);
#2786=VECTOR('',#9210,10.);
#2787=VECTOR('',#9211,10.);
#2788=VECTOR('',#9212,10.);
#2789=VECTOR('',#9213,10.);
#2790=VECTOR('',#9214,10.);
#2791=VECTOR('',#9215,10.);
#2792=VECTOR('',#9216,10.);
#2793=VECTOR('',#9217,10.);
#2794=VECTOR('',#9220,10.);
#2795=VECTOR('',#9221,10.);
#2796=VECTOR('',#9222,10.);
#2797=VECTOR('',#9225,10.);
#2798=VECTOR('',#9226,10.);
#2799=VECTOR('',#9229,10.);
#2800=VECTOR('',#9230,10.);
#2801=VECTOR('',#9233,10.);
#2802=VECTOR('',#9234,10.);
#2803=VECTOR('',#9235,10.);
#2804=VECTOR('',#9236,10.);
#2805=VECTOR('',#9239,10.);
#2806=VECTOR('',#9240,10.);
#2807=VECTOR('',#9243,10.);
#2808=VECTOR('',#9244,10.);
#2809=VECTOR('',#9247,10.);
#2810=VECTOR('',#9248,10.);
#2811=VECTOR('',#9251,10.);
#2812=VECTOR('',#9252,10.);
#2813=VECTOR('',#9255,10.);
#2814=VECTOR('',#9256,10.);
#2815=VECTOR('',#9261,10.);
#2816=VECTOR('',#9262,10.);
#2817=VECTOR('',#9263,10.);
#2818=VECTOR('',#9266,10.);
#2819=VECTOR('',#9267,10.);
#2820=VECTOR('',#9270,10.);
#2821=VECTOR('',#9271,10.);
#2822=VECTOR('',#9274,10.);
#2823=VECTOR('',#9275,10.);
#2824=VECTOR('',#9278,10.);
#2825=VECTOR('',#9279,10.);
#2826=VECTOR('',#9282,10.);
#2827=VECTOR('',#9285,10.);
#2828=VECTOR('',#9286,10.);
#2829=VECTOR('',#9287,10.);
#2830=VECTOR('',#9290,10.);
#2831=VECTOR('',#9291,10.);
#2832=VECTOR('',#9294,10.);
#2833=VECTOR('',#9295,10.);
#2834=VECTOR('',#9298,10.);
#2835=VECTOR('',#9299,10.);
#2836=VECTOR('',#9300,10.);
#2837=VECTOR('',#9301,10.);
#2838=VECTOR('',#9304,10.);
#2839=VECTOR('',#9305,10.);
#2840=VECTOR('',#9308,10.);
#2841=VECTOR('',#9309,10.);
#2842=VECTOR('',#9312,10.);
#2843=VECTOR('',#9313,10.);
#2844=VECTOR('',#9316,10.);
#2845=VECTOR('',#9317,10.);
#2846=VECTOR('',#9320,10.);
#2847=VECTOR('',#9321,10.);
#2848=VECTOR('',#9324,10.);
#2849=VECTOR('',#9325,10.);
#2850=VECTOR('',#9326,10.);
#2851=VECTOR('',#9327,10.);
#2852=VECTOR('',#9328,10.);
#2853=VECTOR('',#9331,10.);
#2854=VECTOR('',#9332,10.);
#2855=VECTOR('',#9333,10.);
#2856=VECTOR('',#9336,10.);
#2857=VECTOR('',#9337,10.);
#2858=VECTOR('',#9338,10.);
#2859=VECTOR('',#9339,10.);
#2860=VECTOR('',#9342,10.);
#2861=VECTOR('',#9343,10.);
#2862=VECTOR('',#9344,10.);
#2863=VECTOR('',#9345,10.);
#2864=VECTOR('',#9346,10.);
#2865=VECTOR('',#9349,10.);
#2866=VECTOR('',#9350,10.);
#2867=VECTOR('',#9351,10.);
#2868=VECTOR('',#9352,10.);
#2869=VECTOR('',#9353,10.);
#2870=VECTOR('',#9354,10.);
#2871=VECTOR('',#9355,10.);
#2872=VECTOR('',#9358,10.);
#2873=VECTOR('',#9359,10.);
#2874=VECTOR('',#9360,10.);
#2875=VECTOR('',#9361,10.);
#2876=VECTOR('',#9362,10.);
#2877=VECTOR('',#9363,10.);
#2878=VECTOR('',#9370,10.);
#2879=VECTOR('',#9371,10.);
#2880=VECTOR('',#9372,10.);
#2881=VECTOR('',#9375,10.);
#2882=VECTOR('',#9376,10.);
#2883=VECTOR('',#9379,10.);
#2884=VECTOR('',#9380,10.);
#2885=VECTOR('',#9383,10.);
#2886=VECTOR('',#9384,10.);
#2887=VECTOR('',#9387,10.);
#2888=VECTOR('',#9388,10.);
#2889=VECTOR('',#9391,10.);
#2890=VECTOR('',#9392,10.);
#2891=VECTOR('',#9395,10.);
#2892=VECTOR('',#9396,10.);
#2893=VECTOR('',#9399,10.);
#2894=VECTOR('',#9400,10.);
#2895=VECTOR('',#9403,10.);
#2896=VECTOR('',#9404,10.);
#2897=VECTOR('',#9407,10.);
#2898=VECTOR('',#9408,10.);
#2899=VECTOR('',#9411,10.);
#2900=VECTOR('',#9412,10.);
#2901=VECTOR('',#9415,10.);
#2902=VECTOR('',#9418,10.);
#2903=VECTOR('',#9419,10.);
#2904=VECTOR('',#9420,10.);
#2905=VECTOR('',#9421,10.);
#2906=VECTOR('',#9422,10.);
#2907=VECTOR('',#9423,10.);
#2908=VECTOR('',#9424,10.);
#2909=VECTOR('',#9425,10.);
#2910=VECTOR('',#9428,10.);
#2911=VECTOR('',#9429,10.);
#2912=VECTOR('',#9432,10.);
#2913=VECTOR('',#9433,10.);
#2914=VECTOR('',#9434,10.);
#2915=VECTOR('',#9435,10.);
#2916=VECTOR('',#9436,10.);
#2917=VECTOR('',#9439,10.);
#2918=VECTOR('',#9440,10.);
#2919=VECTOR('',#9443,10.);
#2920=VECTOR('',#9444,10.);
#2921=VECTOR('',#9447,10.);
#2922=VECTOR('',#9448,10.);
#2923=VECTOR('',#9451,10.);
#2924=VECTOR('',#9452,10.);
#2925=VECTOR('',#9455,10.);
#2926=VECTOR('',#9456,10.);
#2927=VECTOR('',#9457,10.);
#2928=VECTOR('',#9462,10.);
#2929=VECTOR('',#9463,10.);
#2930=VECTOR('',#9464,10.);
#2931=VECTOR('',#9467,10.);
#2932=VECTOR('',#9468,10.);
#2933=VECTOR('',#9471,10.);
#2934=VECTOR('',#9472,10.);
#2935=VECTOR('',#9475,10.);
#2936=VECTOR('',#9476,10.);
#2937=VECTOR('',#9479,10.);
#2938=VECTOR('',#9480,10.);
#2939=VECTOR('',#9483,10.);
#2940=VECTOR('',#9484,10.);
#2941=VECTOR('',#9487,10.);
#2942=VECTOR('',#9488,10.);
#2943=VECTOR('',#9491,10.);
#2944=VECTOR('',#9496,10.);
#2945=VECTOR('',#9497,10.);
#2946=VECTOR('',#9498,10.);
#2947=VECTOR('',#9501,10.);
#2948=VECTOR('',#9502,10.);
#2949=VECTOR('',#9505,10.);
#2950=VECTOR('',#9506,10.);
#2951=VECTOR('',#9509,10.);
#2952=VECTOR('',#9510,10.);
#2953=VECTOR('',#9513,10.);
#2954=VECTOR('',#9514,10.);
#2955=VECTOR('',#9517,10.);
#2956=VECTOR('',#9530,9.);
#2957=VECTOR('',#9539,9.);
#2958=VECTOR('',#9556,9.);
#2959=VECTOR('',#9563,9.);
#2960=VECTOR('',#9568,9.);
#2961=VECTOR('',#9573,9.);
#2962=VECTOR('',#9578,9.);
#2963=VECTOR('',#9587,9.);
#2964=VECTOR('',#9592,10.);
#2965=VECTOR('',#9593,10.);
#2966=VECTOR('',#9594,10.);
#2967=VECTOR('',#9595,10.);
#2968=VECTOR('',#9602,10.);
#2969=VECTOR('',#9605,10.);
#2970=VECTOR('',#9606,10.);
#2971=VECTOR('',#9607,10.);
#2972=VECTOR('',#9610,10.);
#2973=VECTOR('',#9611,10.);
#2974=VECTOR('',#9612,10.);
#2975=VECTOR('',#9615,10.);
#2976=VECTOR('',#9616,10.);
#2977=VECTOR('',#9617,10.);
#2978=VECTOR('',#9620,10.);
#2979=VECTOR('',#9621,10.);
#2980=VECTOR('',#9628,10.);
#2981=VECTOR('',#9629,10.);
#2982=VECTOR('',#9630,10.);
#2983=VECTOR('',#9631,10.);
#2984=VECTOR('',#9634,10.);
#2985=VECTOR('',#9635,10.);
#2986=VECTOR('',#9636,10.);
#2987=VECTOR('',#9643,10.);
#2988=VECTOR('',#9646,10.);
#2989=VECTOR('',#9647,10.);
#2990=VECTOR('',#9648,10.);
#2991=VECTOR('',#9651,10.);
#2992=VECTOR('',#9652,10.);
#2993=VECTOR('',#9653,10.);
#2994=VECTOR('',#9656,10.);
#2995=VECTOR('',#9657,10.);
#2996=VECTOR('',#9664,10.);
#2997=VECTOR('',#9665,10.);
#2998=VECTOR('',#9666,10.);
#2999=VECTOR('',#9667,10.);
#3000=VECTOR('',#9670,10.);
#3001=VECTOR('',#9671,10.);
#3002=VECTOR('',#9672,10.);
#3003=VECTOR('',#9679,10.);
#3004=VECTOR('',#9682,10.);
#3005=VECTOR('',#9683,10.);
#3006=VECTOR('',#9684,10.);
#3007=VECTOR('',#9687,10.);
#3008=VECTOR('',#9688,10.);
#3009=VECTOR('',#9689,10.);
#3010=VECTOR('',#9692,10.);
#3011=VECTOR('',#9693,10.);
#3012=VECTOR('',#9700,10.);
#3013=VECTOR('',#9701,10.);
#3014=VECTOR('',#9702,10.);
#3015=VECTOR('',#9703,10.);
#3016=VECTOR('',#9710,10.);
#3017=VECTOR('',#9713,10.);
#3018=VECTOR('',#9714,10.);
#3019=VECTOR('',#9715,10.);
#3020=VECTOR('',#9718,10.);
#3021=VECTOR('',#9719,10.);
#3022=VECTOR('',#9720,10.);
#3023=VECTOR('',#9723,10.);
#3024=VECTOR('',#9724,10.);
#3025=VECTOR('',#9725,10.);
#3026=VECTOR('',#9728,10.);
#3027=VECTOR('',#9729,10.);
#3028=VECTOR('',#9736,10.);
#3029=VECTOR('',#9737,10.);
#3030=VECTOR('',#9738,10.);
#3031=VECTOR('',#9739,10.);
#3032=VECTOR('',#9742,10.);
#3033=VECTOR('',#9743,10.);
#3034=VECTOR('',#9744,10.);
#3035=VECTOR('',#9751,10.);
#3036=VECTOR('',#9754,10.);
#3037=VECTOR('',#9755,10.);
#3038=VECTOR('',#9756,10.);
#3039=VECTOR('',#9759,10.);
#3040=VECTOR('',#9760,10.);
#3041=VECTOR('',#9761,10.);
#3042=VECTOR('',#9764,10.);
#3043=VECTOR('',#9765,10.);
#3044=VECTOR('',#9772,10.);
#3045=VECTOR('',#9773,10.);
#3046=VECTOR('',#9774,10.);
#3047=VECTOR('',#9775,10.);
#3048=VECTOR('',#9782,10.);
#3049=VECTOR('',#9785,10.);
#3050=VECTOR('',#9786,10.);
#3051=VECTOR('',#9787,10.);
#3052=VECTOR('',#9790,10.);
#3053=VECTOR('',#9791,10.);
#3054=VECTOR('',#9792,10.);
#3055=VECTOR('',#9795,10.);
#3056=VECTOR('',#9796,10.);
#3057=VECTOR('',#9797,10.);
#3058=VECTOR('',#9800,10.);
#3059=VECTOR('',#9801,10.);
#3060=VECTOR('',#9808,10.);
#3061=VECTOR('',#9809,10.);
#3062=VECTOR('',#9810,10.);
#3063=VECTOR('',#9811,10.);
#3064=VECTOR('',#9814,10.);
#3065=VECTOR('',#9815,10.);
#3066=VECTOR('',#9816,10.);
#3067=VECTOR('',#9823,10.);
#3068=VECTOR('',#9826,10.);
#3069=VECTOR('',#9827,10.);
#3070=VECTOR('',#9828,10.);
#3071=VECTOR('',#9831,10.);
#3072=VECTOR('',#9832,10.);
#3073=VECTOR('',#9833,10.);
#3074=VECTOR('',#9836,10.);
#3075=VECTOR('',#9837,10.);
#3076=VECTOR('',#9844,10.);
#3077=VECTOR('',#9845,10.);
#3078=VECTOR('',#9846,10.);
#3079=VECTOR('',#9847,10.);
#3080=VECTOR('',#9854,10.);
#3081=VECTOR('',#9857,10.);
#3082=VECTOR('',#9858,10.);
#3083=VECTOR('',#9859,10.);
#3084=VECTOR('',#9862,10.);
#3085=VECTOR('',#9863,10.);
#3086=VECTOR('',#9864,10.);
#3087=VECTOR('',#9867,10.);
#3088=VECTOR('',#9868,10.);
#3089=VECTOR('',#9869,10.);
#3090=VECTOR('',#9872,10.);
#3091=VECTOR('',#9873,10.);
#3092=VERTEX_POINT('',#9880);
#3093=VERTEX_POINT('',#9881);
#3094=VERTEX_POINT('',#9883);
#3095=VERTEX_POINT('',#9885);
#3096=VERTEX_POINT('',#9889);
#3097=VERTEX_POINT('',#9890);
#3098=VERTEX_POINT('',#9892);
#3099=VERTEX_POINT('',#9894);
#3100=VERTEX_POINT('',#9899);
#3101=VERTEX_POINT('',#9901);
#3102=VERTEX_POINT('',#9905);
#3103=VERTEX_POINT('',#9907);
#3104=VERTEX_POINT('',#9909);
#3105=VERTEX_POINT('',#9911);
#3106=VERTEX_POINT('',#9913);
#3107=VERTEX_POINT('',#9915);
#3108=VERTEX_POINT('',#9917);
#3109=VERTEX_POINT('',#9919);
#3110=VERTEX_POINT('',#9921);
#3111=VERTEX_POINT('',#9923);
#3112=VERTEX_POINT('',#9925);
#3113=VERTEX_POINT('',#9927);
#3114=VERTEX_POINT('',#9929);
#3115=VERTEX_POINT('',#9931);
#3116=VERTEX_POINT('',#9933);
#3117=VERTEX_POINT('',#9935);
#3118=VERTEX_POINT('',#9937);
#3119=VERTEX_POINT('',#9939);
#3120=VERTEX_POINT('',#9941);
#3121=VERTEX_POINT('',#9943);
#3122=VERTEX_POINT('',#9945);
#3123=VERTEX_POINT('',#9947);
#3124=VERTEX_POINT('',#9949);
#3125=VERTEX_POINT('',#9951);
#3126=VERTEX_POINT('',#9955);
#3127=VERTEX_POINT('',#9959);
#3128=VERTEX_POINT('',#9961);
#3129=VERTEX_POINT('',#9965);
#3130=VERTEX_POINT('',#9966);
#3131=VERTEX_POINT('',#9968);
#3132=VERTEX_POINT('',#9970);
#3133=VERTEX_POINT('',#9974);
#3134=VERTEX_POINT('',#9975);
#3135=VERTEX_POINT('',#9977);
#3136=VERTEX_POINT('',#9979);
#3137=VERTEX_POINT('',#9984);
#3138=VERTEX_POINT('',#9988);
#3139=VERTEX_POINT('',#9995);
#3140=VERTEX_POINT('',#9997);
#3141=VERTEX_POINT('',#10001);
#3142=VERTEX_POINT('',#10002);
#3143=VERTEX_POINT('',#10004);
#3144=VERTEX_POINT('',#10006);
#3145=VERTEX_POINT('',#10010);
#3146=VERTEX_POINT('',#10011);
#3147=VERTEX_POINT('',#10013);
#3148=VERTEX_POINT('',#10015);
#3149=VERTEX_POINT('',#10020);
#3150=VERTEX_POINT('',#10024);
#3151=VERTEX_POINT('',#10031);
#3152=VERTEX_POINT('',#10033);
#3153=VERTEX_POINT('',#10035);
#3154=VERTEX_POINT('',#10037);
#3155=VERTEX_POINT('',#10040);
#3156=VERTEX_POINT('',#10042);
#3157=VERTEX_POINT('',#10044);
#3158=VERTEX_POINT('',#10046);
#3159=VERTEX_POINT('',#10048);
#3160=VERTEX_POINT('',#10050);
#3161=VERTEX_POINT('',#10052);
#3162=VERTEX_POINT('',#10054);
#3163=VERTEX_POINT('',#10056);
#3164=VERTEX_POINT('',#10058);
#3165=VERTEX_POINT('',#10060);
#3166=VERTEX_POINT('',#10062);
#3167=VERTEX_POINT('',#10064);
#3168=VERTEX_POINT('',#10066);
#3169=VERTEX_POINT('',#10068);
#3170=VERTEX_POINT('',#10070);
#3171=VERTEX_POINT('',#10072);
#3172=VERTEX_POINT('',#10074);
#3173=VERTEX_POINT('',#10076);
#3174=VERTEX_POINT('',#10078);
#3175=VERTEX_POINT('',#10080);
#3176=VERTEX_POINT('',#10084);
#3177=VERTEX_POINT('',#10085);
#3178=VERTEX_POINT('',#10087);
#3179=VERTEX_POINT('',#10089);
#3180=VERTEX_POINT('',#10093);
#3181=VERTEX_POINT('',#10095);
#3182=VERTEX_POINT('',#10099);
#3183=VERTEX_POINT('',#10106);
#3184=VERTEX_POINT('',#10110);
#3185=VERTEX_POINT('',#10112);
#3186=VERTEX_POINT('',#10116);
#3187=VERTEX_POINT('',#10118);
#3188=VERTEX_POINT('',#10122);
#3189=VERTEX_POINT('',#10124);
#3190=VERTEX_POINT('',#10128);
#3191=VERTEX_POINT('',#10132);
#3192=VERTEX_POINT('',#10133);
#3193=VERTEX_POINT('',#10135);
#3194=VERTEX_POINT('',#10137);
#3195=VERTEX_POINT('',#10141);
#3196=VERTEX_POINT('',#10143);
#3197=VERTEX_POINT('',#10147);
#3198=VERTEX_POINT('',#10154);
#3199=VERTEX_POINT('',#10158);
#3200=VERTEX_POINT('',#10162);
#3201=VERTEX_POINT('',#10166);
#3202=VERTEX_POINT('',#10168);
#3203=VERTEX_POINT('',#10172);
#3204=VERTEX_POINT('',#10173);
#3205=VERTEX_POINT('',#10175);
#3206=VERTEX_POINT('',#10177);
#3207=VERTEX_POINT('',#10181);
#3208=VERTEX_POINT('',#10183);
#3209=VERTEX_POINT('',#10187);
#3210=VERTEX_POINT('',#10196);
#3211=VERTEX_POINT('',#10198);
#3212=VERTEX_POINT('',#10202);
#3213=VERTEX_POINT('',#10204);
#3214=VERTEX_POINT('',#10208);
#3215=VERTEX_POINT('',#10210);
#3216=VERTEX_POINT('',#10214);
#3217=VERTEX_POINT('',#10216);
#3218=VERTEX_POINT('',#10220);
#3219=VERTEX_POINT('',#10222);
#3220=VERTEX_POINT('',#10226);
#3221=VERTEX_POINT('',#10228);
#3222=VERTEX_POINT('',#10232);
#3223=VERTEX_POINT('',#10234);
#3224=VERTEX_POINT('',#10238);
#3225=VERTEX_POINT('',#10240);
#3226=VERTEX_POINT('',#10244);
#3227=VERTEX_POINT('',#10254);
#3228=VERTEX_POINT('',#10264);
#3229=VERTEX_POINT('',#10266);
#3230=VERTEX_POINT('',#10270);
#3231=VERTEX_POINT('',#10274);
#3232=VERTEX_POINT('',#10278);
#3233=VERTEX_POINT('',#10282);
#3234=VERTEX_POINT('',#10286);
#3235=VERTEX_POINT('',#10290);
#3236=VERTEX_POINT('',#10294);
#3237=VERTEX_POINT('',#10298);
#3238=VERTEX_POINT('',#10302);
#3239=VERTEX_POINT('',#10306);
#3240=VERTEX_POINT('',#10310);
#3241=VERTEX_POINT('',#10314);
#3242=VERTEX_POINT('',#10318);
#3243=VERTEX_POINT('',#10323);
#3244=VERTEX_POINT('',#10325);
#3245=VERTEX_POINT('',#10328);
#3246=VERTEX_POINT('',#10341);
#3247=VERTEX_POINT('',#10343);
#3248=VERTEX_POINT('',#10347);
#3249=VERTEX_POINT('',#10348);
#3250=VERTEX_POINT('',#10350);
#3251=VERTEX_POINT('',#10354);
#3252=VERTEX_POINT('',#10358);
#3253=VERTEX_POINT('',#10360);
#3254=VERTEX_POINT('',#10364);
#3255=VERTEX_POINT('',#10366);
#3256=VERTEX_POINT('',#10371);
#3257=VERTEX_POINT('',#10372);
#3258=VERTEX_POINT('',#10374);
#3259=VERTEX_POINT('',#10376);
#3260=VERTEX_POINT('',#10380);
#3261=VERTEX_POINT('',#10382);
#3262=VERTEX_POINT('',#10386);
#3263=VERTEX_POINT('',#10388);
#3264=VERTEX_POINT('',#10393);
#3265=VERTEX_POINT('',#10394);
#3266=VERTEX_POINT('',#10396);
#3267=VERTEX_POINT('',#10398);
#3268=VERTEX_POINT('',#10400);
#3269=VERTEX_POINT('',#10402);
#3270=VERTEX_POINT('',#10405);
#3271=VERTEX_POINT('',#10406);
#3272=VERTEX_POINT('',#10412);
#3273=VERTEX_POINT('',#10418);
#3274=VERTEX_POINT('',#10424);
#3275=VERTEX_POINT('',#10430);
#3276=VERTEX_POINT('',#10436);
#3277=VERTEX_POINT('',#10442);
#3278=VERTEX_POINT('',#10453);
#3279=VERTEX_POINT('',#10454);
#3280=VERTEX_POINT('',#10456);
#3281=VERTEX_POINT('',#10458);
#3282=VERTEX_POINT('',#10461);
#3283=VERTEX_POINT('',#10462);
#3284=VERTEX_POINT('',#10464);
#3285=VERTEX_POINT('',#10466);
#3286=VERTEX_POINT('',#10468);
#3287=VERTEX_POINT('',#10470);
#3288=VERTEX_POINT('',#10472);
#3289=VERTEX_POINT('',#10474);
#3290=VERTEX_POINT('',#10477);
#3291=VERTEX_POINT('',#10478);
#3292=VERTEX_POINT('',#10484);
#3293=VERTEX_POINT('',#10490);
#3294=VERTEX_POINT('',#10496);
#3295=VERTEX_POINT('',#10502);
#3296=VERTEX_POINT('',#10508);
#3297=VERTEX_POINT('',#10514);
#3298=VERTEX_POINT('',#10525);
#3299=VERTEX_POINT('',#10526);
#3300=VERTEX_POINT('',#10532);
#3301=VERTEX_POINT('',#10538);
#3302=VERTEX_POINT('',#10540);
#3303=VERTEX_POINT('',#10542);
#3304=VERTEX_POINT('',#10544);
#3305=VERTEX_POINT('',#10550);
#3306=VERTEX_POINT('',#10556);
#3307=VERTEX_POINT('',#10558);
#3308=VERTEX_POINT('',#10560);
#3309=VERTEX_POINT('',#10562);
#3310=VERTEX_POINT('',#10564);
#3311=VERTEX_POINT('',#10571);
#3312=VERTEX_POINT('',#10572);
#3313=VERTEX_POINT('',#10574);
#3314=VERTEX_POINT('',#10576);
#3315=VERTEX_POINT('',#10578);
#3316=VERTEX_POINT('',#10580);
#3317=VERTEX_POINT('',#10583);
#3318=VERTEX_POINT('',#10584);
#3319=VERTEX_POINT('',#10590);
#3320=VERTEX_POINT('',#10596);
#3321=VERTEX_POINT('',#10598);
#3322=VERTEX_POINT('',#10600);
#3323=VERTEX_POINT('',#10602);
#3324=VERTEX_POINT('',#10608);
#3325=VERTEX_POINT('',#10614);
#3326=VERTEX_POINT('',#10616);
#3327=VERTEX_POINT('',#10618);
#3328=VERTEX_POINT('',#10620);
#3329=VERTEX_POINT('',#10622);
#3330=VERTEX_POINT('',#10629);
#3331=VERTEX_POINT('',#10630);
#3332=VERTEX_POINT('',#10632);
#3333=VERTEX_POINT('',#10634);
#3334=VERTEX_POINT('',#10636);
#3335=VERTEX_POINT('',#10638);
#3336=VERTEX_POINT('',#10641);
#3337=VERTEX_POINT('',#10642);
#3338=VERTEX_POINT('',#10644);
#3339=VERTEX_POINT('',#10646);
#3340=VERTEX_POINT('',#10648);
#3341=VERTEX_POINT('',#10650);
#3342=VERTEX_POINT('',#10652);
#3343=VERTEX_POINT('',#10654);
#3344=VERTEX_POINT('',#10657);
#3345=VERTEX_POINT('',#10658);
#3346=VERTEX_POINT('',#10664);
#3347=VERTEX_POINT('',#10666);
#3348=VERTEX_POINT('',#10672);
#3349=VERTEX_POINT('',#10678);
#3350=VERTEX_POINT('',#10684);
#3351=VERTEX_POINT('',#10686);
#3352=VERTEX_POINT('',#10688);
#3353=VERTEX_POINT('',#10690);
#3354=VERTEX_POINT('',#10692);
#3355=VERTEX_POINT('',#10694);
#3356=VERTEX_POINT('',#10705);
#3357=VERTEX_POINT('',#10706);
#3358=VERTEX_POINT('',#10712);
#3359=VERTEX_POINT('',#10718);
#3360=VERTEX_POINT('',#10724);
#3361=VERTEX_POINT('',#10730);
#3362=VERTEX_POINT('',#10736);
#3363=VERTEX_POINT('',#10742);
#3364=VERTEX_POINT('',#10753);
#3365=VERTEX_POINT('',#10754);
#3366=VERTEX_POINT('',#10756);
#3367=VERTEX_POINT('',#10758);
#3368=VERTEX_POINT('',#10760);
#3369=VERTEX_POINT('',#10762);
#3370=VERTEX_POINT('',#10764);
#3371=VERTEX_POINT('',#10766);
#3372=VERTEX_POINT('',#10768);
#3373=VERTEX_POINT('',#10770);
#3374=VERTEX_POINT('',#10772);
#3375=VERTEX_POINT('',#10774);
#3376=VERTEX_POINT('',#10777);
#3377=VERTEX_POINT('',#10778);
#3378=VERTEX_POINT('',#10784);
#3379=VERTEX_POINT('',#10786);
#3380=VERTEX_POINT('',#10792);
#3381=VERTEX_POINT('',#10798);
#3382=VERTEX_POINT('',#10804);
#3383=VERTEX_POINT('',#10806);
#3384=VERTEX_POINT('',#10812);
#3385=VERTEX_POINT('',#10818);
#3386=VERTEX_POINT('',#10824);
#3387=VERTEX_POINT('',#10830);
#3388=VERTEX_POINT('',#10836);
#3389=VERTEX_POINT('',#10838);
#3390=VERTEX_POINT('',#10844);
#3391=VERTEX_POINT('',#10850);
#3392=VERTEX_POINT('',#10856);
#3393=VERTEX_POINT('',#10867);
#3394=VERTEX_POINT('',#10868);
#3395=VERTEX_POINT('',#10870);
#3396=VERTEX_POINT('',#10876);
#3397=VERTEX_POINT('',#10882);
#3398=VERTEX_POINT('',#10888);
#3399=VERTEX_POINT('',#10894);
#3400=VERTEX_POINT('',#10900);
#3401=VERTEX_POINT('',#10902);
#3402=VERTEX_POINT('',#10908);
#3403=VERTEX_POINT('',#10914);
#3404=VERTEX_POINT('',#10916);
#3405=VERTEX_POINT('',#10922);
#3406=VERTEX_POINT('',#10928);
#3407=VERTEX_POINT('',#10934);
#3408=VERTEX_POINT('',#10940);
#3409=VERTEX_POINT('',#10946);
#3410=VERTEX_POINT('',#10952);
#3411=VERTEX_POINT('',#10958);
#3412=VERTEX_POINT('',#10964);
#3413=VERTEX_POINT('',#10970);
#3414=VERTEX_POINT('',#10976);
#3415=VERTEX_POINT('',#10978);
#3416=VERTEX_POINT('',#10984);
#3417=VERTEX_POINT('',#10990);
#3418=VERTEX_POINT('',#11001);
#3419=VERTEX_POINT('',#11002);
#3420=VERTEX_POINT('',#11004);
#3421=VERTEX_POINT('',#11006);
#3422=VERTEX_POINT('',#11012);
#3423=VERTEX_POINT('',#11014);
#3424=VERTEX_POINT('',#11020);
#3425=VERTEX_POINT('',#11026);
#3426=VERTEX_POINT('',#11029);
#3427=VERTEX_POINT('',#11030);
#3428=VERTEX_POINT('',#11032);
#3429=VERTEX_POINT('',#11034);
#3430=VERTEX_POINT('',#11040);
#3431=VERTEX_POINT('',#11046);
#3432=VERTEX_POINT('',#11052);
#3433=VERTEX_POINT('',#11058);
#3434=VERTEX_POINT('',#11064);
#3435=VERTEX_POINT('',#11070);
#3436=VERTEX_POINT('',#11076);
#3437=VERTEX_POINT('',#11078);
#3438=VERTEX_POINT('',#11080);
#3439=VERTEX_POINT('',#11082);
#3440=VERTEX_POINT('',#11088);
#3441=VERTEX_POINT('',#11094);
#3442=VERTEX_POINT('',#11100);
#3443=VERTEX_POINT('',#11102);
#3444=VERTEX_POINT('',#11106);
#3445=VERTEX_POINT('',#11107);
#3446=VERTEX_POINT('',#11109);
#3447=VERTEX_POINT('',#11111);
#3448=VERTEX_POINT('',#11115);
#3449=VERTEX_POINT('',#11117);
#3450=VERTEX_POINT('',#11121);
#3451=VERTEX_POINT('',#11123);
#3452=VERTEX_POINT('',#11130);
#3453=VERTEX_POINT('',#11131);
#3454=VERTEX_POINT('',#11133);
#3455=VERTEX_POINT('',#11135);
#3456=VERTEX_POINT('',#11139);
#3457=VERTEX_POINT('',#11141);
#3458=VERTEX_POINT('',#11145);
#3459=VERTEX_POINT('',#11147);
#3460=VERTEX_POINT('',#11151);
#3461=VERTEX_POINT('',#11153);
#3462=VERTEX_POINT('',#11157);
#3463=VERTEX_POINT('',#11159);
#3464=VERTEX_POINT('',#11163);
#3465=VERTEX_POINT('',#11165);
#3466=VERTEX_POINT('',#11173);
#3467=VERTEX_POINT('',#11174);
#3468=VERTEX_POINT('',#11176);
#3469=VERTEX_POINT('',#11178);
#3470=VERTEX_POINT('',#11181);
#3471=VERTEX_POINT('',#11182);
#3472=VERTEX_POINT('',#11184);
#3473=VERTEX_POINT('',#11186);
#3474=VERTEX_POINT('',#11190);
#3475=VERTEX_POINT('',#11192);
#3476=VERTEX_POINT('',#11196);
#3477=VERTEX_POINT('',#11200);
#3478=VERTEX_POINT('',#11207);
#3479=VERTEX_POINT('',#11209);
#3480=VERTEX_POINT('',#11213);
#3481=VERTEX_POINT('',#11217);
#3482=VERTEX_POINT('',#11224);
#3483=VERTEX_POINT('',#11225);
#3484=VERTEX_POINT('',#11227);
#3485=VERTEX_POINT('',#11229);
#3486=VERTEX_POINT('',#11242);
#3487=VERTEX_POINT('',#11248);
#3488=VERTEX_POINT('',#11265);
#3489=VERTEX_POINT('',#11271);
#3490=VERTEX_POINT('',#11288);
#3491=VERTEX_POINT('',#11294);
#3492=VERTEX_POINT('',#11311);
#3493=VERTEX_POINT('',#11317);
#3494=VERTEX_POINT('',#11334);
#3495=VERTEX_POINT('',#11340);
#3496=VERTEX_POINT('',#11357);
#3497=VERTEX_POINT('',#11363);
#3498=VERTEX_POINT('',#11371);
#3499=VERTEX_POINT('',#11373);
#3500=VERTEX_POINT('',#11380);
#3501=VERTEX_POINT('',#11382);
#3502=VERTEX_POINT('',#11386);
#3503=VERTEX_POINT('',#11399);
#3504=VERTEX_POINT('',#11416);
#3505=VERTEX_POINT('',#11433);
#3506=VERTEX_POINT('',#11450);
#3507=VERTEX_POINT('',#11467);
#3508=VERTEX_POINT('',#11484);
#3509=VERTEX_POINT('',#11501);
#3510=VERTEX_POINT('',#11509);
#3511=VERTEX_POINT('',#11513);
#3512=VERTEX_POINT('',#11517);
#3513=VERTEX_POINT('',#11530);
#3514=VERTEX_POINT('',#11547);
#3515=VERTEX_POINT('',#11564);
#3516=VERTEX_POINT('',#11572);
#3517=VERTEX_POINT('',#11576);
#3518=VERTEX_POINT('',#11584);
#3519=VERTEX_POINT('',#11586);
#3520=VERTEX_POINT('',#11590);
#3521=VERTEX_POINT('',#11603);
#3522=VERTEX_POINT('',#11611);
#3523=VERTEX_POINT('',#11624);
#3524=VERTEX_POINT('',#11641);
#3525=VERTEX_POINT('',#11649);
#3526=VERTEX_POINT('',#11665);
#3527=VERTEX_POINT('',#11666);
#3528=VERTEX_POINT('',#11672);
#3529=VERTEX_POINT('',#11674);
#3530=VERTEX_POINT('',#11691);
#3531=VERTEX_POINT('',#11697);
#3532=VERTEX_POINT('',#11714);
#3533=VERTEX_POINT('',#11720);
#3534=VERTEX_POINT('',#11737);
#3535=VERTEX_POINT('',#11743);
#3536=VERTEX_POINT('',#11760);
#3537=VERTEX_POINT('',#11766);
#3538=VERTEX_POINT('',#11783);
#3539=VERTEX_POINT('',#11789);
#3540=VERTEX_POINT('',#11806);
#3541=VERTEX_POINT('',#11812);
#3542=VERTEX_POINT('',#11829);
#3543=VERTEX_POINT('',#11835);
#3544=VERTEX_POINT('',#11852);
#3545=VERTEX_POINT('',#11858);
#3546=VERTEX_POINT('',#11875);
#3547=VERTEX_POINT('',#11881);
#3548=VERTEX_POINT('',#11898);
#3549=VERTEX_POINT('',#11904);
#3550=VERTEX_POINT('',#11941);
#3551=VERTEX_POINT('',#11943);
#3552=VERTEX_POINT('',#11960);
#3553=VERTEX_POINT('',#11977);
#3554=VERTEX_POINT('',#11994);
#3555=VERTEX_POINT('',#12011);
#3556=VERTEX_POINT('',#12028);
#3557=VERTEX_POINT('',#12045);
#3558=VERTEX_POINT('',#12070);
#3559=VERTEX_POINT('',#12072);
#3560=VERTEX_POINT('',#12076);
#3561=VERTEX_POINT('',#12080);
#3562=VERTEX_POINT('',#12096);
#3563=VERTEX_POINT('',#12097);
#3564=VERTEX_POINT('',#12103);
#3565=VERTEX_POINT('',#12105);
#3566=VERTEX_POINT('',#12122);
#3567=VERTEX_POINT('',#12128);
#3568=VERTEX_POINT('',#12145);
#3569=VERTEX_POINT('',#12151);
#3570=VERTEX_POINT('',#12168);
#3571=VERTEX_POINT('',#12174);
#3572=VERTEX_POINT('',#12191);
#3573=VERTEX_POINT('',#12197);
#3574=VERTEX_POINT('',#12214);
#3575=VERTEX_POINT('',#12220);
#3576=VERTEX_POINT('',#12237);
#3577=VERTEX_POINT('',#12243);
#3578=VERTEX_POINT('',#12260);
#3579=VERTEX_POINT('',#12266);
#3580=VERTEX_POINT('',#12277);
#3581=VERTEX_POINT('',#12279);
#3582=VERTEX_POINT('',#12292);
#3583=VERTEX_POINT('',#12309);
#3584=VERTEX_POINT('',#12326);
#3585=VERTEX_POINT('',#12343);
#3586=VERTEX_POINT('',#12360);
#3587=VERTEX_POINT('',#12368);
#3588=VERTEX_POINT('',#12381);
#3589=VERTEX_POINT('',#12398);
#3590=VERTEX_POINT('',#12406);
#3591=VERTEX_POINT('',#12419);
#3592=VERTEX_POINT('',#12436);
#3593=VERTEX_POINT('',#12453);
#3594=VERTEX_POINT('',#12470);
#3595=VERTEX_POINT('',#12487);
#3596=VERTEX_POINT('',#12504);
#3597=VERTEX_POINT('',#12521);
#3598=VERTEX_POINT('',#12538);
#3599=VERTEX_POINT('',#12555);
#3600=VERTEX_POINT('',#12572);
#3601=VERTEX_POINT('',#12580);
#3602=VERTEX_POINT('',#12593);
#3603=VERTEX_POINT('',#12610);
#3604=VERTEX_POINT('',#12627);
#3605=VERTEX_POINT('',#12652);
#3606=VERTEX_POINT('',#12653);
#3607=VERTEX_POINT('',#12655);
#3608=VERTEX_POINT('',#12657);
#3609=VERTEX_POINT('',#12661);
#3610=VERTEX_POINT('',#12663);
#3611=VERTEX_POINT('',#12670);
#3612=VERTEX_POINT('',#12672);
#3613=VERTEX_POINT('',#12676);
#3614=VERTEX_POINT('',#12680);
#3615=VERTEX_POINT('',#12684);
#3616=VERTEX_POINT('',#12688);
#3617=VERTEX_POINT('',#12692);
#3618=VERTEX_POINT('',#12696);
#3619=VERTEX_POINT('',#12713);
#3620=VERTEX_POINT('',#12715);
#3621=VERTEX_POINT('',#12732);
#3622=VERTEX_POINT('',#12749);
#3623=VERTEX_POINT('',#12766);
#3624=VERTEX_POINT('',#12783);
#3625=VERTEX_POINT('',#12800);
#3626=VERTEX_POINT('',#12817);
#3627=VERTEX_POINT('',#12850);
#3628=VERTEX_POINT('',#12852);
#3629=VERTEX_POINT('',#12869);
#3630=VERTEX_POINT('',#12877);
#3631=VERTEX_POINT('',#12881);
#3632=VERTEX_POINT('',#12885);
#3633=VERTEX_POINT('',#12898);
#3634=VERTEX_POINT('',#12915);
#3635=VERTEX_POINT('',#12923);
#3636=VERTEX_POINT('',#12927);
#3637=VERTEX_POINT('',#12931);
#3638=VERTEX_POINT('',#12935);
#3639=VERTEX_POINT('',#12939);
#3640=VERTEX_POINT('',#12959);
#3641=VERTEX_POINT('',#12961);
#3642=VERTEX_POINT('',#12965);
#3643=VERTEX_POINT('',#12969);
#3644=VERTEX_POINT('',#12973);
#3645=VERTEX_POINT('',#12977);
#3646=VERTEX_POINT('',#12993);
#3647=VERTEX_POINT('',#12995);
#3648=VERTEX_POINT('',#13012);
#3649=VERTEX_POINT('',#13020);
#3650=VERTEX_POINT('',#13024);
#3651=VERTEX_POINT('',#13028);
#3652=VERTEX_POINT('',#13041);
#3653=VERTEX_POINT('',#13058);
#3654=VERTEX_POINT('',#13066);
#3655=VERTEX_POINT('',#13070);
#3656=VERTEX_POINT('',#13074);
#3657=VERTEX_POINT('',#13078);
#3658=VERTEX_POINT('',#13082);
#3659=VERTEX_POINT('',#13111);
#3660=VERTEX_POINT('',#13112);
#3661=VERTEX_POINT('',#13118);
#3662=VERTEX_POINT('',#13120);
#3663=VERTEX_POINT('',#13137);
#3664=VERTEX_POINT('',#13143);
#3665=VERTEX_POINT('',#13160);
#3666=VERTEX_POINT('',#13166);
#3667=VERTEX_POINT('',#13183);
#3668=VERTEX_POINT('',#13189);
#3669=VERTEX_POINT('',#13197);
#3670=VERTEX_POINT('',#13199);
#3671=VERTEX_POINT('',#13215);
#3672=VERTEX_POINT('',#13217);
#3673=VERTEX_POINT('',#13225);
#3674=VERTEX_POINT('',#13238);
#3675=VERTEX_POINT('',#13255);
#3676=VERTEX_POINT('',#13272);
#3677=VERTEX_POINT('',#13280);
#3678=VERTEX_POINT('',#13293);
#3679=VERTEX_POINT('',#13310);
#3680=VERTEX_POINT('',#13327);
#3681=VERTEX_POINT('',#13344);
#3682=VERTEX_POINT('',#13361);
#3683=VERTEX_POINT('',#13369);
#3684=VERTEX_POINT('',#13382);
#3685=VERTEX_POINT('',#13399);
#3686=VERTEX_POINT('',#13416);
#3687=VERTEX_POINT('',#13433);
#3688=VERTEX_POINT('',#13458);
#3689=VERTEX_POINT('',#13460);
#3690=VERTEX_POINT('',#13464);
#3691=VERTEX_POINT('',#13468);
#3692=VERTEX_POINT('',#13472);
#3693=VERTEX_POINT('',#13476);
#3694=VERTEX_POINT('',#13480);
#3695=VERTEX_POINT('',#13484);
#3696=VERTEX_POINT('',#13488);
#3697=VERTEX_POINT('',#13492);
#3698=VERTEX_POINT('',#13496);
#3699=VERTEX_POINT('',#13500);
#3700=VERTEX_POINT('',#13516);
#3701=VERTEX_POINT('',#13518);
#3702=VERTEX_POINT('',#13535);
#3703=VERTEX_POINT('',#13552);
#3704=VERTEX_POINT('',#13569);
#3705=VERTEX_POINT('',#13586);
#3706=VERTEX_POINT('',#13603);
#3707=VERTEX_POINT('',#13620);
#3708=VERTEX_POINT('',#13653);
#3709=VERTEX_POINT('',#13655);
#3710=VERTEX_POINT('',#13663);
#3711=VERTEX_POINT('',#13676);
#3712=VERTEX_POINT('',#13693);
#3713=VERTEX_POINT('',#13710);
#3714=VERTEX_POINT('',#13718);
#3715=VERTEX_POINT('',#13722);
#3716=VERTEX_POINT('',#13726);
#3717=VERTEX_POINT('',#13730);
#3718=VERTEX_POINT('',#13734);
#3719=VERTEX_POINT('',#13747);
#3720=VERTEX_POINT('',#13771);
#3721=VERTEX_POINT('',#13773);
#3722=VERTEX_POINT('',#13777);
#3723=VERTEX_POINT('',#13781);
#3724=VERTEX_POINT('',#13785);
#3725=VERTEX_POINT('',#13789);
#3726=VERTEX_POINT('',#13793);
#3727=VERTEX_POINT('',#13797);
#3728=VERTEX_POINT('',#13804);
#3729=VERTEX_POINT('',#13806);
#3730=VERTEX_POINT('',#13810);
#3731=VERTEX_POINT('',#13814);
#3732=VERTEX_POINT('',#13818);
#3733=VERTEX_POINT('',#13822);
#3734=VERTEX_POINT('',#13829);
#3735=VERTEX_POINT('',#13839);
#3736=VERTEX_POINT('',#13848);
#3737=VERTEX_POINT('',#13854);
#3738=VERTEX_POINT('',#13872);
#3739=VERTEX_POINT('',#13873);
#3740=VERTEX_POINT('',#13875);
#3741=VERTEX_POINT('',#13877);
#3742=VERTEX_POINT('',#13881);
#3743=VERTEX_POINT('',#13883);
#3744=VERTEX_POINT('',#13887);
#3745=VERTEX_POINT('',#13889);
#3746=VERTEX_POINT('',#13893);
#3747=VERTEX_POINT('',#13895);
#3748=VERTEX_POINT('',#13899);
#3749=VERTEX_POINT('',#13901);
#3750=VERTEX_POINT('',#13910);
#3751=VERTEX_POINT('',#13911);
#3752=VERTEX_POINT('',#13913);
#3753=VERTEX_POINT('',#13915);
#3754=VERTEX_POINT('',#13919);
#3755=VERTEX_POINT('',#13921);
#3756=VERTEX_POINT('',#13925);
#3757=VERTEX_POINT('',#13927);
#3758=VERTEX_POINT('',#13931);
#3759=VERTEX_POINT('',#13933);
#3760=VERTEX_POINT('',#13937);
#3761=VERTEX_POINT('',#13939);
#3762=VERTEX_POINT('',#13948);
#3763=VERTEX_POINT('',#13949);
#3764=VERTEX_POINT('',#13951);
#3765=VERTEX_POINT('',#13953);
#3766=VERTEX_POINT('',#13957);
#3767=VERTEX_POINT('',#13959);
#3768=VERTEX_POINT('',#13963);
#3769=VERTEX_POINT('',#13965);
#3770=VERTEX_POINT('',#13969);
#3771=VERTEX_POINT('',#13971);
#3772=VERTEX_POINT('',#13975);
#3773=VERTEX_POINT('',#13977);
#3774=VERTEX_POINT('',#13986);
#3775=VERTEX_POINT('',#13987);
#3776=VERTEX_POINT('',#13989);
#3777=VERTEX_POINT('',#13991);
#3778=VERTEX_POINT('',#13995);
#3779=VERTEX_POINT('',#13997);
#3780=VERTEX_POINT('',#14001);
#3781=VERTEX_POINT('',#14003);
#3782=VERTEX_POINT('',#14007);
#3783=VERTEX_POINT('',#14009);
#3784=VERTEX_POINT('',#14013);
#3785=VERTEX_POINT('',#14015);
#3786=VERTEX_POINT('',#14024);
#3787=VERTEX_POINT('',#14025);
#3788=VERTEX_POINT('',#14027);
#3789=VERTEX_POINT('',#14029);
#3790=VERTEX_POINT('',#14033);
#3791=VERTEX_POINT('',#14035);
#3792=VERTEX_POINT('',#14039);
#3793=VERTEX_POINT('',#14041);
#3794=VERTEX_POINT('',#14045);
#3795=VERTEX_POINT('',#14047);
#3796=VERTEX_POINT('',#14051);
#3797=VERTEX_POINT('',#14053);
#3798=VERTEX_POINT('',#14062);
#3799=VERTEX_POINT('',#14063);
#3800=VERTEX_POINT('',#14065);
#3801=VERTEX_POINT('',#14067);
#3802=VERTEX_POINT('',#14071);
#3803=VERTEX_POINT('',#14073);
#3804=VERTEX_POINT('',#14077);
#3805=VERTEX_POINT('',#14079);
#3806=VERTEX_POINT('',#14083);
#3807=VERTEX_POINT('',#14085);
#3808=VERTEX_POINT('',#14089);
#3809=VERTEX_POINT('',#14091);
#3810=VERTEX_POINT('',#14100);
#3811=VERTEX_POINT('',#14101);
#3812=VERTEX_POINT('',#14103);
#3813=VERTEX_POINT('',#14105);
#3814=VERTEX_POINT('',#14109);
#3815=VERTEX_POINT('',#14111);
#3816=VERTEX_POINT('',#14115);
#3817=VERTEX_POINT('',#14117);
#3818=VERTEX_POINT('',#14121);
#3819=VERTEX_POINT('',#14123);
#3820=VERTEX_POINT('',#14127);
#3821=VERTEX_POINT('',#14129);
#3822=VERTEX_POINT('',#14138);
#3823=VERTEX_POINT('',#14139);
#3824=VERTEX_POINT('',#14141);
#3825=VERTEX_POINT('',#14143);
#3826=VERTEX_POINT('',#14147);
#3827=VERTEX_POINT('',#14149);
#3828=VERTEX_POINT('',#14153);
#3829=VERTEX_POINT('',#14155);
#3830=VERTEX_POINT('',#14159);
#3831=VERTEX_POINT('',#14161);
#3832=VERTEX_POINT('',#14165);
#3833=VERTEX_POINT('',#14167);
#3834=EDGE_CURVE('',#3092,#3093,#1478,.T.);
#3835=EDGE_CURVE('',#3092,#3094,#1479,.T.);
#3836=EDGE_CURVE('',#3095,#3094,#1480,.T.);
#3837=EDGE_CURVE('',#3093,#3095,#1481,.T.);
#3838=EDGE_CURVE('',#3096,#3097,#1482,.T.);
#3839=EDGE_CURVE('',#3098,#3096,#1483,.T.);
#3840=EDGE_CURVE('',#3099,#3098,#1484,.T.);
#3841=EDGE_CURVE('',#3097,#3099,#1485,.T.);
#3842=EDGE_CURVE('',#3095,#3098,#1486,.T.);
#3843=EDGE_CURVE('',#3094,#3100,#1487,.T.);
#3844=EDGE_CURVE('',#3100,#3101,#460,.T.);
#3845=EDGE_CURVE('',#3101,#3099,#1488,.T.);
#3846=EDGE_CURVE('',#3096,#3102,#1489,.T.);
#3847=EDGE_CURVE('',#3102,#3103,#1490,.T.);
#3848=EDGE_CURVE('',#3103,#3104,#1491,.T.);
#3849=EDGE_CURVE('',#3104,#3105,#1492,.T.);
#3850=EDGE_CURVE('',#3105,#3106,#1493,.T.);
#3851=EDGE_CURVE('',#3106,#3107,#1494,.T.);
#3852=EDGE_CURVE('',#3107,#3108,#1495,.T.);
#3853=EDGE_CURVE('',#3108,#3109,#1496,.T.);
#3854=EDGE_CURVE('',#3109,#3110,#1497,.T.);
#3855=EDGE_CURVE('',#3110,#3111,#1498,.T.);
#3856=EDGE_CURVE('',#3111,#3112,#1499,.T.);
#3857=EDGE_CURVE('',#3112,#3113,#1500,.T.);
#3858=EDGE_CURVE('',#3113,#3114,#1501,.T.);
#3859=EDGE_CURVE('',#3114,#3115,#1502,.T.);
#3860=EDGE_CURVE('',#3115,#3116,#1503,.T.);
#3861=EDGE_CURVE('',#3116,#3117,#1504,.T.);
#3862=EDGE_CURVE('',#3117,#3118,#1505,.T.);
#3863=EDGE_CURVE('',#3118,#3119,#1506,.T.);
#3864=EDGE_CURVE('',#3119,#3120,#1507,.T.);
#3865=EDGE_CURVE('',#3120,#3121,#1508,.T.);
#3866=EDGE_CURVE('',#3121,#3122,#1509,.T.);
#3867=EDGE_CURVE('',#3123,#3122,#1510,.T.);
#3868=EDGE_CURVE('',#3124,#3123,#1511,.T.);
#3869=EDGE_CURVE('',#3125,#3124,#1512,.T.);
#3870=EDGE_CURVE('',#3125,#3093,#1513,.T.);
#3871=EDGE_CURVE('',#3097,#3126,#1514,.T.);
#3872=EDGE_CURVE('',#3126,#3102,#1515,.T.);
#3873=EDGE_CURVE('',#3127,#3125,#1516,.T.);
#3874=EDGE_CURVE('',#3127,#3128,#1517,.T.);
#3875=EDGE_CURVE('',#3128,#3092,#1518,.T.);
#3876=EDGE_CURVE('',#3129,#3130,#461,.T.);
#3877=EDGE_CURVE('',#3130,#3131,#1519,.T.);
#3878=EDGE_CURVE('',#3132,#3131,#462,.T.);
#3879=EDGE_CURVE('',#3129,#3132,#1520,.T.);
#3880=EDGE_CURVE('',#3133,#3134,#1521,.T.);
#3881=EDGE_CURVE('',#3133,#3135,#1522,.T.);
#3882=EDGE_CURVE('',#3136,#3135,#1523,.T.);
#3883=EDGE_CURVE('',#3134,#3136,#1524,.T.);
#3884=EDGE_CURVE('',#3134,#3127,#1525,.T.);
#3885=EDGE_CURVE('',#3137,#3136,#1526,.T.);
#3886=EDGE_CURVE('',#3127,#3137,#1527,.T.);
#3887=EDGE_CURVE('',#3138,#3137,#1528,.T.);
#3888=EDGE_CURVE('',#3128,#3138,#1529,.T.);
#3889=EDGE_CURVE('',#3135,#3132,#1530,.T.);
#3890=EDGE_CURVE('',#3131,#3138,#1531,.T.);
#3891=EDGE_CURVE('',#3139,#3134,#1532,.T.);
#3892=EDGE_CURVE('',#3139,#3140,#1533,.T.);
#3893=EDGE_CURVE('',#3140,#3133,#1534,.T.);
#3894=EDGE_CURVE('',#3141,#3142,#463,.T.);
#3895=EDGE_CURVE('',#3142,#3143,#1535,.T.);
#3896=EDGE_CURVE('',#3144,#3143,#464,.T.);
#3897=EDGE_CURVE('',#3141,#3144,#1536,.T.);
#3898=EDGE_CURVE('',#3145,#3146,#1537,.T.);
#3899=EDGE_CURVE('',#3145,#3147,#1538,.T.);
#3900=EDGE_CURVE('',#3148,#3147,#1539,.T.);
#3901=EDGE_CURVE('',#3146,#3148,#1540,.T.);
#3902=EDGE_CURVE('',#3146,#3139,#1541,.T.);
#3903=EDGE_CURVE('',#3149,#3148,#1542,.T.);
#3904=EDGE_CURVE('',#3139,#3149,#1543,.T.);
#3905=EDGE_CURVE('',#3150,#3149,#1544,.T.);
#3906=EDGE_CURVE('',#3140,#3150,#1545,.T.);
#3907=EDGE_CURVE('',#3147,#3144,#1546,.T.);
#3908=EDGE_CURVE('',#3143,#3150,#1547,.T.);
#3909=EDGE_CURVE('',#3151,#3146,#1548,.T.);
#3910=EDGE_CURVE('',#3152,#3151,#1549,.T.);
#3911=EDGE_CURVE('',#3153,#3152,#1550,.T.);
#3912=EDGE_CURVE('',#3154,#3153,#1551,.T.);
#3913=EDGE_CURVE('',#3122,#3154,#1552,.T.);
#3914=EDGE_CURVE('',#3121,#3155,#1553,.T.);
#3915=EDGE_CURVE('',#3155,#3156,#1554,.T.);
#3916=EDGE_CURVE('',#3156,#3157,#1555,.T.);
#3917=EDGE_CURVE('',#3157,#3158,#1556,.T.);
#3918=EDGE_CURVE('',#3158,#3159,#465,.T.);
#3919=EDGE_CURVE('',#3159,#3160,#1557,.T.);
#3920=EDGE_CURVE('',#3160,#3161,#466,.T.);
#3921=EDGE_CURVE('',#3161,#3162,#1558,.T.);
#3922=EDGE_CURVE('',#3162,#3163,#467,.T.);
#3923=EDGE_CURVE('',#3163,#3164,#1559,.T.);
#3924=EDGE_CURVE('',#3164,#3165,#468,.T.);
#3925=EDGE_CURVE('',#3165,#3166,#1560,.T.);
#3926=EDGE_CURVE('',#3166,#3167,#469,.T.);
#3927=EDGE_CURVE('',#3167,#3168,#1561,.T.);
#3928=EDGE_CURVE('',#3168,#3169,#470,.T.);
#3929=EDGE_CURVE('',#3169,#3170,#1562,.T.);
#3930=EDGE_CURVE('',#3170,#3171,#471,.T.);
#3931=EDGE_CURVE('',#3171,#3172,#1563,.T.);
#3932=EDGE_CURVE('',#3172,#3173,#472,.T.);
#3933=EDGE_CURVE('',#3173,#3174,#1564,.T.);
#3934=EDGE_CURVE('',#3174,#3175,#1565,.T.);
#3935=EDGE_CURVE('',#3175,#3145,#1566,.T.);
#3936=EDGE_CURVE('',#3176,#3177,#473,.T.);
#3937=EDGE_CURVE('',#3177,#3178,#1567,.T.);
#3938=EDGE_CURVE('',#3179,#3178,#474,.T.);
#3939=EDGE_CURVE('',#3176,#3179,#1568,.T.);
#3940=EDGE_CURVE('',#3180,#3118,#1569,.T.);
#3941=EDGE_CURVE('',#3180,#3181,#1570,.T.);
#3942=EDGE_CURVE('',#3119,#3181,#1571,.T.);
#3943=EDGE_CURVE('',#3182,#3120,#1572,.T.);
#3944=EDGE_CURVE('',#3155,#3182,#1573,.T.);
#3945=EDGE_CURVE('',#3181,#3179,#1574,.T.);
#3946=EDGE_CURVE('',#3178,#3182,#1575,.T.);
#3947=EDGE_CURVE('',#3117,#3183,#1576,.T.);
#3948=EDGE_CURVE('',#3183,#3180,#1577,.T.);
#3949=EDGE_CURVE('',#3184,#3106,#1578,.T.);
#3950=EDGE_CURVE('',#3184,#3185,#1579,.T.);
#3951=EDGE_CURVE('',#3107,#3185,#1580,.T.);
#3952=EDGE_CURVE('',#3109,#3186,#1581,.T.);
#3953=EDGE_CURVE('',#3187,#3108,#1582,.T.);
#3954=EDGE_CURVE('',#3186,#3187,#1583,.T.);
#3955=EDGE_CURVE('',#3185,#3188,#1584,.T.);
#3956=EDGE_CURVE('',#3188,#3189,#475,.T.);
#3957=EDGE_CURVE('',#3189,#3187,#1585,.T.);
#3958=EDGE_CURVE('',#3105,#3190,#1586,.T.);
#3959=EDGE_CURVE('',#3190,#3184,#1587,.T.);
#3960=EDGE_CURVE('',#3191,#3192,#476,.T.);
#3961=EDGE_CURVE('',#3192,#3193,#1588,.T.);
#3962=EDGE_CURVE('',#3194,#3193,#477,.T.);
#3963=EDGE_CURVE('',#3191,#3194,#1589,.T.);
#3964=EDGE_CURVE('',#3195,#3114,#1590,.T.);
#3965=EDGE_CURVE('',#3195,#3196,#1591,.T.);
#3966=EDGE_CURVE('',#3115,#3196,#1592,.T.);
#3967=EDGE_CURVE('',#3197,#3116,#1593,.T.);
#3968=EDGE_CURVE('',#3183,#3197,#1594,.T.);
#3969=EDGE_CURVE('',#3196,#3194,#1595,.T.);
#3970=EDGE_CURVE('',#3193,#3197,#1596,.T.);
#3971=EDGE_CURVE('',#3113,#3198,#1597,.T.);
#3972=EDGE_CURVE('',#3198,#3195,#1598,.T.);
#3973=EDGE_CURVE('',#3126,#3199,#1599,.T.);
#3974=EDGE_CURVE('',#3103,#3199,#1600,.T.);
#3975=EDGE_CURVE('',#3200,#3104,#1601,.T.);
#3976=EDGE_CURVE('',#3190,#3200,#1602,.T.);
#3977=EDGE_CURVE('',#3199,#3201,#1603,.T.);
#3978=EDGE_CURVE('',#3201,#3202,#478,.T.);
#3979=EDGE_CURVE('',#3202,#3200,#1604,.T.);
#3980=EDGE_CURVE('',#3203,#3204,#479,.T.);
#3981=EDGE_CURVE('',#3204,#3205,#1605,.T.);
#3982=EDGE_CURVE('',#3206,#3205,#480,.T.);
#3983=EDGE_CURVE('',#3203,#3206,#1606,.T.);
#3984=EDGE_CURVE('',#3207,#3110,#1607,.T.);
#3985=EDGE_CURVE('',#3207,#3208,#1608,.T.);
#3986=EDGE_CURVE('',#3111,#3208,#1609,.T.);
#3987=EDGE_CURVE('',#3209,#3112,#1610,.T.);
#3988=EDGE_CURVE('',#3198,#3209,#1611,.T.);
#3989=EDGE_CURVE('',#3208,#3206,#1612,.T.);
#3990=EDGE_CURVE('',#3205,#3209,#1613,.T.);
#3991=EDGE_CURVE('',#3186,#3207,#1614,.T.);
#3992=EDGE_CURVE('',#3210,#3203,#1615,.T.);
#3993=EDGE_CURVE('',#3211,#3210,#481,.T.);
#3994=EDGE_CURVE('',#3204,#3211,#1616,.T.);
#3995=EDGE_CURVE('',#3212,#3201,#1617,.T.);
#3996=EDGE_CURVE('',#3213,#3212,#482,.T.);
#3997=EDGE_CURVE('',#3202,#3213,#1618,.T.);
#3998=EDGE_CURVE('',#3214,#3129,#1619,.T.);
#3999=EDGE_CURVE('',#3215,#3214,#483,.T.);
#4000=EDGE_CURVE('',#3130,#3215,#1620,.T.);
#4001=EDGE_CURVE('',#3216,#3188,#1621,.T.);
#4002=EDGE_CURVE('',#3217,#3216,#484,.T.);
#4003=EDGE_CURVE('',#3189,#3217,#1622,.T.);
#4004=EDGE_CURVE('',#3218,#3141,#1623,.T.);
#4005=EDGE_CURVE('',#3219,#3218,#485,.T.);
#4006=EDGE_CURVE('',#3142,#3219,#1624,.T.);
#4007=EDGE_CURVE('',#3220,#3100,#1625,.T.);
#4008=EDGE_CURVE('',#3221,#3220,#486,.T.);
#4009=EDGE_CURVE('',#3101,#3221,#1626,.T.);
#4010=EDGE_CURVE('',#3222,#3191,#1627,.T.);
#4011=EDGE_CURVE('',#3223,#3222,#487,.T.);
#4012=EDGE_CURVE('',#3192,#3223,#1628,.T.);
#4013=EDGE_CURVE('',#3224,#3176,#1629,.T.);
#4014=EDGE_CURVE('',#3225,#3224,#488,.T.);
#4015=EDGE_CURVE('',#3177,#3225,#1630,.T.);
#4016=EDGE_CURVE('',#3226,#3225,#1631,.T.);
#4017=EDGE_CURVE('',#3156,#3226,#1632,.T.);
#4018=EDGE_CURVE('',#3224,#3223,#1633,.T.);
#4019=EDGE_CURVE('',#3222,#3211,#1634,.T.);
#4020=EDGE_CURVE('',#3220,#3215,#1635,.T.);
#4021=EDGE_CURVE('',#3175,#3227,#1636,.T.);
#4022=EDGE_CURVE('',#3218,#3227,#1637,.T.);
#4023=EDGE_CURVE('',#3216,#3213,#1638,.T.);
#4024=EDGE_CURVE('',#3214,#3219,#1639,.T.);
#4025=EDGE_CURVE('',#3212,#3221,#1640,.T.);
#4026=EDGE_CURVE('',#3228,#3158,#1641,.T.);
#4027=EDGE_CURVE('',#3229,#3228,#489,.T.);
#4028=EDGE_CURVE('',#3159,#3229,#1642,.T.);
#4029=EDGE_CURVE('',#3230,#3229,#1643,.T.);
#4030=EDGE_CURVE('',#3230,#3160,#1644,.T.);
#4031=EDGE_CURVE('',#3231,#3230,#490,.T.);
#4032=EDGE_CURVE('',#3161,#3231,#1645,.T.);
#4033=EDGE_CURVE('',#3232,#3231,#1646,.T.);
#4034=EDGE_CURVE('',#3232,#3162,#1647,.T.);
#4035=EDGE_CURVE('',#3233,#3232,#491,.T.);
#4036=EDGE_CURVE('',#3163,#3233,#1648,.T.);
#4037=EDGE_CURVE('',#3234,#3233,#1649,.T.);
#4038=EDGE_CURVE('',#3234,#3164,#1650,.T.);
#4039=EDGE_CURVE('',#3235,#3234,#492,.T.);
#4040=EDGE_CURVE('',#3165,#3235,#1651,.T.);
#4041=EDGE_CURVE('',#3236,#3235,#1652,.T.);
#4042=EDGE_CURVE('',#3236,#3166,#1653,.T.);
#4043=EDGE_CURVE('',#3237,#3236,#493,.T.);
#4044=EDGE_CURVE('',#3167,#3237,#1654,.T.);
#4045=EDGE_CURVE('',#3238,#3237,#1655,.T.);
#4046=EDGE_CURVE('',#3238,#3168,#1656,.T.);
#4047=EDGE_CURVE('',#3239,#3238,#494,.T.);
#4048=EDGE_CURVE('',#3169,#3239,#1657,.T.);
#4049=EDGE_CURVE('',#3240,#3239,#1658,.T.);
#4050=EDGE_CURVE('',#3240,#3170,#1659,.T.);
#4051=EDGE_CURVE('',#3241,#3240,#495,.T.);
#4052=EDGE_CURVE('',#3171,#3241,#1660,.T.);
#4053=EDGE_CURVE('',#3242,#3241,#1661,.T.);
#4054=EDGE_CURVE('',#3242,#3172,#1662,.T.);
#4055=EDGE_CURVE('',#3210,#3217,#1663,.T.);
#4056=EDGE_CURVE('',#3227,#3243,#1664,.T.);
#4057=EDGE_CURVE('',#3243,#3244,#1665,.T.);
#4058=EDGE_CURVE('',#3244,#3242,#496,.T.);
#4059=EDGE_CURVE('',#3228,#3245,#1666,.T.);
#4060=EDGE_CURVE('',#3245,#3226,#1667,.T.);
#4061=EDGE_CURVE('',#3173,#3244,#1668,.T.);
#4062=EDGE_CURVE('',#3174,#3243,#1669,.T.);
#4063=EDGE_CURVE('',#3157,#3245,#1670,.T.);
#4064=EDGE_CURVE('',#3246,#3152,#1671,.T.);
#4065=EDGE_CURVE('',#3247,#3246,#1672,.T.);
#4066=EDGE_CURVE('',#3247,#3153,#1673,.T.);
#4067=EDGE_CURVE('',#3248,#3249,#497,.T.);
#4068=EDGE_CURVE('',#3250,#3249,#498,.T.);
#4069=EDGE_CURVE('',#3249,#3248,#499,.T.);
#4070=EDGE_CURVE('',#3248,#3251,#1674,.T.);
#4071=EDGE_CURVE('',#3251,#3251,#500,.T.);
#4072=EDGE_CURVE('',#3252,#3252,#501,.T.);
#4073=EDGE_CURVE('',#3252,#3253,#1675,.T.);
#4074=EDGE_CURVE('',#3253,#3253,#502,.T.);
#4075=EDGE_CURVE('',#3254,#3254,#503,.T.);
#4076=EDGE_CURVE('',#3254,#3255,#1676,.T.);
#4077=EDGE_CURVE('',#3255,#3255,#504,.T.);
#4078=EDGE_CURVE('',#3256,#3257,#1677,.T.);
#4079=EDGE_CURVE('',#3258,#3256,#1678,.T.);
#4080=EDGE_CURVE('',#3259,#3258,#1679,.T.);
#4081=EDGE_CURVE('',#3257,#3259,#1680,.T.);
#4082=EDGE_CURVE('',#3260,#3260,#505,.T.);
#4083=EDGE_CURVE('',#3260,#3261,#1681,.T.);
#4084=EDGE_CURVE('',#3261,#3261,#506,.T.);
#4085=EDGE_CURVE('',#3262,#3262,#507,.T.);
#4086=EDGE_CURVE('',#3262,#3263,#1682,.T.);
#4087=EDGE_CURVE('',#3263,#3263,#508,.T.);
#4088=EDGE_CURVE('',#3264,#3265,#1683,.T.);
#4089=EDGE_CURVE('',#3266,#3264,#1684,.T.);
#4090=EDGE_CURVE('',#3267,#3266,#1685,.T.);
#4091=EDGE_CURVE('',#3268,#3267,#1686,.T.);
#4092=EDGE_CURVE('',#3269,#3268,#1687,.T.);
#4093=EDGE_CURVE('',#3265,#3269,#1688,.T.);
#4094=EDGE_CURVE('',#3270,#3271,#147,.T.);
#4095=EDGE_CURVE('',#3271,#3272,#148,.T.);
#4096=EDGE_CURVE('',#3272,#3273,#149,.T.);
#4097=EDGE_CURVE('',#3273,#3274,#150,.T.);
#4098=EDGE_CURVE('',#3274,#3275,#151,.T.);
#4099=EDGE_CURVE('',#3275,#3276,#152,.T.);
#4100=EDGE_CURVE('',#3276,#3277,#153,.T.);
#4101=EDGE_CURVE('',#3277,#3270,#154,.T.);
#4102=EDGE_CURVE('',#3278,#3279,#1689,.T.);
#4103=EDGE_CURVE('',#3279,#3280,#1690,.T.);
#4104=EDGE_CURVE('',#3280,#3281,#1691,.T.);
#4105=EDGE_CURVE('',#3281,#3278,#1692,.T.);
#4106=EDGE_CURVE('',#3282,#3283,#1693,.T.);
#4107=EDGE_CURVE('',#3283,#3284,#1694,.T.);
#4108=EDGE_CURVE('',#3284,#3285,#1695,.T.);
#4109=EDGE_CURVE('',#3285,#3286,#1696,.T.);
#4110=EDGE_CURVE('',#3286,#3287,#1697,.T.);
#4111=EDGE_CURVE('',#3287,#3288,#1698,.T.);
#4112=EDGE_CURVE('',#3288,#3289,#1699,.T.);
#4113=EDGE_CURVE('',#3289,#3282,#1700,.T.);
#4114=EDGE_CURVE('',#3290,#3291,#155,.T.);
#4115=EDGE_CURVE('',#3291,#3292,#156,.T.);
#4116=EDGE_CURVE('',#3292,#3293,#157,.T.);
#4117=EDGE_CURVE('',#3293,#3294,#158,.T.);
#4118=EDGE_CURVE('',#3294,#3295,#159,.T.);
#4119=EDGE_CURVE('',#3295,#3296,#160,.T.);
#4120=EDGE_CURVE('',#3296,#3297,#161,.T.);
#4121=EDGE_CURVE('',#3297,#3290,#162,.T.);
#4122=EDGE_CURVE('',#3298,#3299,#163,.T.);
#4123=EDGE_CURVE('',#3299,#3300,#164,.T.);
#4124=EDGE_CURVE('',#3300,#3301,#1701,.T.);
#4125=EDGE_CURVE('',#3301,#3302,#1702,.T.);
#4126=EDGE_CURVE('',#3302,#3303,#1703,.T.);
#4127=EDGE_CURVE('',#3303,#3304,#165,.T.);
#4128=EDGE_CURVE('',#3304,#3305,#166,.T.);
#4129=EDGE_CURVE('',#3305,#3306,#1704,.T.);
#4130=EDGE_CURVE('',#3306,#3307,#1705,.T.);
#4131=EDGE_CURVE('',#3307,#3308,#1706,.T.);
#4132=EDGE_CURVE('',#3308,#3309,#1707,.T.);
#4133=EDGE_CURVE('',#3309,#3310,#1708,.T.);
#4134=EDGE_CURVE('',#3310,#3298,#167,.T.);
#4135=EDGE_CURVE('',#3311,#3312,#1709,.T.);
#4136=EDGE_CURVE('',#3312,#3313,#1710,.T.);
#4137=EDGE_CURVE('',#3313,#3314,#1711,.T.);
#4138=EDGE_CURVE('',#3314,#3315,#1712,.T.);
#4139=EDGE_CURVE('',#3315,#3316,#1713,.T.);
#4140=EDGE_CURVE('',#3316,#3311,#1714,.T.);
#4141=EDGE_CURVE('',#3317,#3318,#168,.T.);
#4142=EDGE_CURVE('',#3318,#3319,#169,.T.);
#4143=EDGE_CURVE('',#3319,#3320,#1715,.T.);
#4144=EDGE_CURVE('',#3320,#3321,#1716,.T.);
#4145=EDGE_CURVE('',#3321,#3322,#1717,.T.);
#4146=EDGE_CURVE('',#3322,#3323,#170,.T.);
#4147=EDGE_CURVE('',#3323,#3324,#171,.T.);
#4148=EDGE_CURVE('',#3324,#3325,#1718,.T.);
#4149=EDGE_CURVE('',#3325,#3326,#1719,.T.);
#4150=EDGE_CURVE('',#3326,#3327,#1720,.T.);
#4151=EDGE_CURVE('',#3327,#3328,#1721,.T.);
#4152=EDGE_CURVE('',#3328,#3329,#1722,.T.);
#4153=EDGE_CURVE('',#3329,#3317,#172,.T.);
#4154=EDGE_CURVE('',#3330,#3331,#1723,.T.);
#4155=EDGE_CURVE('',#3331,#3332,#1724,.T.);
#4156=EDGE_CURVE('',#3332,#3333,#1725,.T.);
#4157=EDGE_CURVE('',#3333,#3334,#1726,.T.);
#4158=EDGE_CURVE('',#3334,#3335,#1727,.T.);
#4159=EDGE_CURVE('',#3335,#3330,#1728,.T.);
#4160=EDGE_CURVE('',#3336,#3337,#1729,.T.);
#4161=EDGE_CURVE('',#3337,#3338,#1730,.T.);
#4162=EDGE_CURVE('',#3338,#3339,#1731,.T.);
#4163=EDGE_CURVE('',#3339,#3340,#1732,.T.);
#4164=EDGE_CURVE('',#3340,#3341,#1733,.T.);
#4165=EDGE_CURVE('',#3341,#3342,#1734,.T.);
#4166=EDGE_CURVE('',#3342,#3343,#1735,.T.);
#4167=EDGE_CURVE('',#3343,#3336,#1736,.T.);
#4168=EDGE_CURVE('',#3344,#3345,#173,.T.);
#4169=EDGE_CURVE('',#3345,#3346,#1737,.T.);
#4170=EDGE_CURVE('',#3346,#3347,#174,.T.);
#4171=EDGE_CURVE('',#3347,#3348,#175,.T.);
#4172=EDGE_CURVE('',#3348,#3349,#176,.T.);
#4173=EDGE_CURVE('',#3349,#3350,#1738,.T.);
#4174=EDGE_CURVE('',#3350,#3351,#1739,.T.);
#4175=EDGE_CURVE('',#3351,#3352,#1740,.T.);
#4176=EDGE_CURVE('',#3352,#3353,#1741,.T.);
#4177=EDGE_CURVE('',#3353,#3354,#1742,.T.);
#4178=EDGE_CURVE('',#3354,#3355,#177,.T.);
#4179=EDGE_CURVE('',#3355,#3344,#178,.T.);
#4180=EDGE_CURVE('',#3356,#3357,#179,.T.);
#4181=EDGE_CURVE('',#3357,#3358,#180,.T.);
#4182=EDGE_CURVE('',#3358,#3359,#181,.T.);
#4183=EDGE_CURVE('',#3359,#3360,#182,.T.);
#4184=EDGE_CURVE('',#3360,#3361,#183,.T.);
#4185=EDGE_CURVE('',#3361,#3362,#184,.T.);
#4186=EDGE_CURVE('',#3362,#3363,#185,.T.);
#4187=EDGE_CURVE('',#3363,#3356,#186,.T.);
#4188=EDGE_CURVE('',#3364,#3365,#1743,.T.);
#4189=EDGE_CURVE('',#3365,#3366,#1744,.T.);
#4190=EDGE_CURVE('',#3366,#3367,#1745,.T.);
#4191=EDGE_CURVE('',#3367,#3368,#1746,.T.);
#4192=EDGE_CURVE('',#3368,#3369,#1747,.T.);
#4193=EDGE_CURVE('',#3369,#3370,#1748,.T.);
#4194=EDGE_CURVE('',#3370,#3371,#1749,.T.);
#4195=EDGE_CURVE('',#3371,#3372,#1750,.T.);
#4196=EDGE_CURVE('',#3372,#3373,#1751,.T.);
#4197=EDGE_CURVE('',#3373,#3374,#1752,.T.);
#4198=EDGE_CURVE('',#3374,#3375,#1753,.T.);
#4199=EDGE_CURVE('',#3375,#3364,#1754,.T.);
#4200=EDGE_CURVE('',#3376,#3377,#187,.T.);
#4201=EDGE_CURVE('',#3377,#3378,#1755,.T.);
#4202=EDGE_CURVE('',#3378,#3379,#188,.T.);
#4203=EDGE_CURVE('',#3379,#3380,#189,.T.);
#4204=EDGE_CURVE('',#3380,#3381,#190,.T.);
#4205=EDGE_CURVE('',#3381,#3382,#1756,.T.);
#4206=EDGE_CURVE('',#3382,#3383,#191,.T.);
#4207=EDGE_CURVE('',#3383,#3384,#192,.T.);
#4208=EDGE_CURVE('',#3384,#3385,#193,.T.);
#4209=EDGE_CURVE('',#3385,#3386,#194,.T.);
#4210=EDGE_CURVE('',#3386,#3387,#195,.T.);
#4211=EDGE_CURVE('',#3387,#3388,#1757,.T.);
#4212=EDGE_CURVE('',#3388,#3389,#196,.T.);
#4213=EDGE_CURVE('',#3389,#3390,#197,.T.);
#4214=EDGE_CURVE('',#3390,#3391,#198,.T.);
#4215=EDGE_CURVE('',#3391,#3392,#199,.T.);
#4216=EDGE_CURVE('',#3392,#3376,#200,.T.);
#4217=EDGE_CURVE('',#3393,#3394,#1758,.T.);
#4218=EDGE_CURVE('',#3394,#3395,#201,.T.);
#4219=EDGE_CURVE('',#3395,#3396,#202,.T.);
#4220=EDGE_CURVE('',#3396,#3397,#203,.T.);
#4221=EDGE_CURVE('',#3397,#3398,#204,.T.);
#4222=EDGE_CURVE('',#3398,#3399,#205,.T.);
#4223=EDGE_CURVE('',#3399,#3400,#1759,.T.);
#4224=EDGE_CURVE('',#3400,#3401,#206,.T.);
#4225=EDGE_CURVE('',#3401,#3402,#207,.T.);
#4226=EDGE_CURVE('',#3402,#3403,#1760,.T.);
#4227=EDGE_CURVE('',#3403,#3404,#208,.T.);
#4228=EDGE_CURVE('',#3404,#3405,#209,.T.);
#4229=EDGE_CURVE('',#3405,#3406,#210,.T.);
#4230=EDGE_CURVE('',#3406,#3407,#211,.T.);
#4231=EDGE_CURVE('',#3407,#3408,#212,.T.);
#4232=EDGE_CURVE('',#3408,#3409,#213,.T.);
#4233=EDGE_CURVE('',#3409,#3410,#214,.T.);
#4234=EDGE_CURVE('',#3410,#3411,#215,.T.);
#4235=EDGE_CURVE('',#3411,#3412,#216,.T.);
#4236=EDGE_CURVE('',#3412,#3413,#217,.T.);
#4237=EDGE_CURVE('',#3413,#3414,#1761,.T.);
#4238=EDGE_CURVE('',#3414,#3415,#218,.T.);
#4239=EDGE_CURVE('',#3415,#3416,#219,.T.);
#4240=EDGE_CURVE('',#3416,#3417,#220,.T.);
#4241=EDGE_CURVE('',#3417,#3393,#221,.T.);
#4242=EDGE_CURVE('',#3418,#3419,#1762,.T.);
#4243=EDGE_CURVE('',#3419,#3420,#1763,.T.);
#4244=EDGE_CURVE('',#3420,#3421,#222,.T.);
#4245=EDGE_CURVE('',#3421,#3422,#1764,.T.);
#4246=EDGE_CURVE('',#3422,#3423,#223,.T.);
#4247=EDGE_CURVE('',#3423,#3424,#224,.T.);
#4248=EDGE_CURVE('',#3424,#3425,#1765,.T.);
#4249=EDGE_CURVE('',#3425,#3418,#1766,.T.);
#4250=EDGE_CURVE('',#3426,#3427,#1767,.T.);
#4251=EDGE_CURVE('',#3427,#3428,#1768,.T.);
#4252=EDGE_CURVE('',#3428,#3429,#225,.T.);
#4253=EDGE_CURVE('',#3429,#3430,#226,.T.);
#4254=EDGE_CURVE('',#3430,#3431,#227,.T.);
#4255=EDGE_CURVE('',#3431,#3432,#228,.T.);
#4256=EDGE_CURVE('',#3432,#3433,#229,.T.);
#4257=EDGE_CURVE('',#3433,#3434,#230,.T.);
#4258=EDGE_CURVE('',#3434,#3435,#231,.T.);
#4259=EDGE_CURVE('',#3435,#3436,#1769,.T.);
#4260=EDGE_CURVE('',#3436,#3437,#1770,.T.);
#4261=EDGE_CURVE('',#3437,#3438,#1771,.T.);
#4262=EDGE_CURVE('',#3438,#3439,#232,.T.);
#4263=EDGE_CURVE('',#3439,#3440,#233,.T.);
#4264=EDGE_CURVE('',#3440,#3441,#234,.T.);
#4265=EDGE_CURVE('',#3441,#3442,#1772,.T.);
#4266=EDGE_CURVE('',#3442,#3443,#1773,.T.);
#4267=EDGE_CURVE('',#3443,#3426,#1774,.T.);
#4268=EDGE_CURVE('',#3444,#3445,#1775,.T.);
#4269=EDGE_CURVE('',#3444,#3446,#1776,.T.);
#4270=EDGE_CURVE('',#3447,#3446,#1777,.T.);
#4271=EDGE_CURVE('',#3445,#3447,#1778,.T.);
#4272=EDGE_CURVE('',#3445,#3448,#1779,.T.);
#4273=EDGE_CURVE('',#3449,#3447,#1780,.T.);
#4274=EDGE_CURVE('',#3448,#3449,#1781,.T.);
#4275=EDGE_CURVE('',#3448,#3450,#1782,.T.);
#4276=EDGE_CURVE('',#3451,#3449,#1783,.T.);
#4277=EDGE_CURVE('',#3450,#3451,#1784,.T.);
#4278=EDGE_CURVE('',#3450,#3444,#1785,.T.);
#4279=EDGE_CURVE('',#3446,#3451,#1786,.T.);
#4280=EDGE_CURVE('',#3452,#3453,#1787,.T.);
#4281=EDGE_CURVE('',#3452,#3454,#1788,.T.);
#4282=EDGE_CURVE('',#3455,#3454,#1789,.T.);
#4283=EDGE_CURVE('',#3453,#3455,#1790,.T.);
#4284=EDGE_CURVE('',#3453,#3456,#1791,.T.);
#4285=EDGE_CURVE('',#3457,#3455,#1792,.T.);
#4286=EDGE_CURVE('',#3456,#3457,#1793,.T.);
#4287=EDGE_CURVE('',#3456,#3458,#1794,.T.);
#4288=EDGE_CURVE('',#3459,#3457,#1795,.T.);
#4289=EDGE_CURVE('',#3458,#3459,#1796,.T.);
#4290=EDGE_CURVE('',#3458,#3460,#1797,.T.);
#4291=EDGE_CURVE('',#3461,#3459,#1798,.T.);
#4292=EDGE_CURVE('',#3460,#3461,#1799,.T.);
#4293=EDGE_CURVE('',#3460,#3462,#1800,.T.);
#4294=EDGE_CURVE('',#3463,#3461,#1801,.T.);
#4295=EDGE_CURVE('',#3462,#3463,#1802,.T.);
#4296=EDGE_CURVE('',#3462,#3464,#1803,.T.);
#4297=EDGE_CURVE('',#3465,#3463,#1804,.T.);
#4298=EDGE_CURVE('',#3464,#3465,#1805,.T.);
#4299=EDGE_CURVE('',#3464,#3452,#1806,.T.);
#4300=EDGE_CURVE('',#3454,#3465,#1807,.T.);
#4301=EDGE_CURVE('',#3466,#3467,#1808,.T.);
#4302=EDGE_CURVE('',#3467,#3468,#1809,.T.);
#4303=EDGE_CURVE('',#3468,#3469,#1810,.T.);
#4304=EDGE_CURVE('',#3469,#3466,#1811,.T.);
#4305=EDGE_CURVE('',#3470,#3471,#1812,.T.);
#4306=EDGE_CURVE('',#3471,#3472,#1813,.T.);
#4307=EDGE_CURVE('',#3472,#3473,#1814,.T.);
#4308=EDGE_CURVE('',#3473,#3470,#1815,.T.);
#4309=EDGE_CURVE('',#3470,#3474,#1816,.T.);
#4310=EDGE_CURVE('',#3475,#3474,#1817,.T.);
#4311=EDGE_CURVE('',#3471,#3475,#1818,.T.);
#4312=EDGE_CURVE('',#3476,#3475,#1819,.T.);
#4313=EDGE_CURVE('',#3472,#3476,#1820,.T.);
#4314=EDGE_CURVE('',#3477,#3476,#1821,.T.);
#4315=EDGE_CURVE('',#3473,#3477,#1822,.T.);
#4316=EDGE_CURVE('',#3474,#3477,#1823,.T.);
#4317=EDGE_CURVE('',#3466,#3478,#1824,.T.);
#4318=EDGE_CURVE('',#3479,#3478,#1825,.T.);
#4319=EDGE_CURVE('',#3467,#3479,#1826,.T.);
#4320=EDGE_CURVE('',#3480,#3479,#1827,.T.);
#4321=EDGE_CURVE('',#3468,#3480,#1828,.T.);
#4322=EDGE_CURVE('',#3481,#3480,#1829,.T.);
#4323=EDGE_CURVE('',#3469,#3481,#1830,.T.);
#4324=EDGE_CURVE('',#3478,#3481,#1831,.T.);
#4325=EDGE_CURVE('',#3482,#3483,#1832,.T.);
#4326=EDGE_CURVE('',#3482,#3484,#1833,.T.);
#4327=EDGE_CURVE('',#3485,#3484,#1834,.T.);
#4328=EDGE_CURVE('',#3483,#3485,#1835,.T.);
#4329=EDGE_CURVE('',#3483,#3486,#235,.T.);
#4330=EDGE_CURVE('',#3487,#3485,#236,.T.);
#4331=EDGE_CURVE('',#3486,#3487,#1836,.T.);
#4332=EDGE_CURVE('',#3486,#3488,#237,.T.);
#4333=EDGE_CURVE('',#3489,#3487,#238,.T.);
#4334=EDGE_CURVE('',#3488,#3489,#1837,.T.);
#4335=EDGE_CURVE('',#3488,#3490,#239,.T.);
#4336=EDGE_CURVE('',#3491,#3489,#240,.T.);
#4337=EDGE_CURVE('',#3490,#3491,#1838,.T.);
#4338=EDGE_CURVE('',#3490,#3492,#241,.T.);
#4339=EDGE_CURVE('',#3493,#3491,#242,.T.);
#4340=EDGE_CURVE('',#3492,#3493,#1839,.T.);
#4341=EDGE_CURVE('',#3492,#3494,#243,.T.);
#4342=EDGE_CURVE('',#3495,#3493,#244,.T.);
#4343=EDGE_CURVE('',#3494,#3495,#1840,.T.);
#4344=EDGE_CURVE('',#3494,#3496,#245,.T.);
#4345=EDGE_CURVE('',#3497,#3495,#246,.T.);
#4346=EDGE_CURVE('',#3496,#3497,#1841,.T.);
#4347=EDGE_CURVE('',#3496,#3498,#1842,.T.);
#4348=EDGE_CURVE('',#3499,#3497,#1843,.T.);
#4349=EDGE_CURVE('',#3498,#3499,#1844,.T.);
#4350=EDGE_CURVE('',#3498,#3482,#1845,.T.);
#4351=EDGE_CURVE('',#3484,#3499,#1846,.T.);
#4352=EDGE_CURVE('',#3426,#3500,#1847,.T.);
#4353=EDGE_CURVE('',#3501,#3500,#1848,.T.);
#4354=EDGE_CURVE('',#3427,#3501,#1849,.T.);
#4355=EDGE_CURVE('',#3502,#3501,#1850,.T.);
#4356=EDGE_CURVE('',#3428,#3502,#1851,.T.);
#4357=EDGE_CURVE('',#3503,#3502,#247,.T.);
#4358=EDGE_CURVE('',#3429,#3503,#1852,.T.);
#4359=EDGE_CURVE('',#3504,#3503,#248,.T.);
#4360=EDGE_CURVE('',#3430,#3504,#1853,.T.);
#4361=EDGE_CURVE('',#3505,#3504,#249,.T.);
#4362=EDGE_CURVE('',#3431,#3505,#1854,.T.);
#4363=EDGE_CURVE('',#3506,#3505,#250,.T.);
#4364=EDGE_CURVE('',#3432,#3506,#1855,.T.);
#4365=EDGE_CURVE('',#3507,#3506,#251,.T.);
#4366=EDGE_CURVE('',#3433,#3507,#1856,.T.);
#4367=EDGE_CURVE('',#3508,#3507,#252,.T.);
#4368=EDGE_CURVE('',#3434,#3508,#1857,.T.);
#4369=EDGE_CURVE('',#3509,#3508,#253,.T.);
#4370=EDGE_CURVE('',#3435,#3509,#1858,.T.);
#4371=EDGE_CURVE('',#3510,#3509,#1859,.T.);
#4372=EDGE_CURVE('',#3436,#3510,#1860,.T.);
#4373=EDGE_CURVE('',#3511,#3510,#1861,.T.);
#4374=EDGE_CURVE('',#3437,#3511,#1862,.T.);
#4375=EDGE_CURVE('',#3512,#3511,#1863,.T.);
#4376=EDGE_CURVE('',#3438,#3512,#1864,.T.);
#4377=EDGE_CURVE('',#3513,#3512,#254,.T.);
#4378=EDGE_CURVE('',#3439,#3513,#1865,.T.);
#4379=EDGE_CURVE('',#3514,#3513,#255,.T.);
#4380=EDGE_CURVE('',#3440,#3514,#1866,.T.);
#4381=EDGE_CURVE('',#3515,#3514,#256,.T.);
#4382=EDGE_CURVE('',#3441,#3515,#1867,.T.);
#4383=EDGE_CURVE('',#3516,#3515,#1868,.T.);
#4384=EDGE_CURVE('',#3442,#3516,#1869,.T.);
#4385=EDGE_CURVE('',#3517,#3516,#1870,.T.);
#4386=EDGE_CURVE('',#3443,#3517,#1871,.T.);
#4387=EDGE_CURVE('',#3500,#3517,#1872,.T.);
#4388=EDGE_CURVE('',#3418,#3518,#1873,.T.);
#4389=EDGE_CURVE('',#3519,#3518,#1874,.T.);
#4390=EDGE_CURVE('',#3419,#3519,#1875,.T.);
#4391=EDGE_CURVE('',#3520,#3519,#1876,.T.);
#4392=EDGE_CURVE('',#3420,#3520,#1877,.T.);
#4393=EDGE_CURVE('',#3521,#3520,#257,.T.);
#4394=EDGE_CURVE('',#3421,#3521,#1878,.T.);
#4395=EDGE_CURVE('',#3522,#3521,#1879,.T.);
#4396=EDGE_CURVE('',#3422,#3522,#1880,.T.);
#4397=EDGE_CURVE('',#3523,#3522,#258,.T.);
#4398=EDGE_CURVE('',#3423,#3523,#1881,.T.);
#4399=EDGE_CURVE('',#3524,#3523,#259,.T.);
#4400=EDGE_CURVE('',#3424,#3524,#1882,.T.);
#4401=EDGE_CURVE('',#3525,#3524,#1883,.T.);
#4402=EDGE_CURVE('',#3425,#3525,#1884,.T.);
#4403=EDGE_CURVE('',#3518,#3525,#1885,.T.);
#4404=EDGE_CURVE('',#3526,#3527,#260,.T.);
#4405=EDGE_CURVE('',#3526,#3528,#1886,.T.);
#4406=EDGE_CURVE('',#3529,#3528,#261,.T.);
#4407=EDGE_CURVE('',#3527,#3529,#1887,.T.);
#4408=EDGE_CURVE('',#3527,#3530,#262,.T.);
#4409=EDGE_CURVE('',#3531,#3529,#263,.T.);
#4410=EDGE_CURVE('',#3530,#3531,#1888,.T.);
#4411=EDGE_CURVE('',#3530,#3532,#264,.T.);
#4412=EDGE_CURVE('',#3533,#3531,#265,.T.);
#4413=EDGE_CURVE('',#3532,#3533,#1889,.T.);
#4414=EDGE_CURVE('',#3532,#3534,#266,.T.);
#4415=EDGE_CURVE('',#3535,#3533,#267,.T.);
#4416=EDGE_CURVE('',#3534,#3535,#1890,.T.);
#4417=EDGE_CURVE('',#3534,#3536,#268,.T.);
#4418=EDGE_CURVE('',#3537,#3535,#269,.T.);
#4419=EDGE_CURVE('',#3536,#3537,#1891,.T.);
#4420=EDGE_CURVE('',#3536,#3538,#270,.T.);
#4421=EDGE_CURVE('',#3539,#3537,#271,.T.);
#4422=EDGE_CURVE('',#3538,#3539,#1892,.T.);
#4423=EDGE_CURVE('',#3538,#3540,#272,.T.);
#4424=EDGE_CURVE('',#3541,#3539,#273,.T.);
#4425=EDGE_CURVE('',#3540,#3541,#1893,.T.);
#4426=EDGE_CURVE('',#3540,#3542,#274,.T.);
#4427=EDGE_CURVE('',#3543,#3541,#275,.T.);
#4428=EDGE_CURVE('',#3542,#3543,#1894,.T.);
#4429=EDGE_CURVE('',#3542,#3544,#276,.T.);
#4430=EDGE_CURVE('',#3545,#3543,#277,.T.);
#4431=EDGE_CURVE('',#3544,#3545,#1895,.T.);
#4432=EDGE_CURVE('',#3544,#3546,#278,.T.);
#4433=EDGE_CURVE('',#3547,#3545,#279,.T.);
#4434=EDGE_CURVE('',#3546,#3547,#1896,.T.);
#4435=EDGE_CURVE('',#3546,#3548,#280,.T.);
#4436=EDGE_CURVE('',#3549,#3547,#281,.T.);
#4437=EDGE_CURVE('',#3548,#3549,#1897,.T.);
#4438=EDGE_CURVE('',#3548,#3526,#282,.T.);
#4439=EDGE_CURVE('',#3528,#3549,#283,.T.);
#4440=EDGE_CURVE('',#3270,#3550,#1898,.T.);
#4441=EDGE_CURVE('',#3551,#3550,#284,.T.);
#4442=EDGE_CURVE('',#3271,#3551,#1899,.T.);
#4443=EDGE_CURVE('',#3552,#3551,#285,.T.);
#4444=EDGE_CURVE('',#3272,#3552,#1900,.T.);
#4445=EDGE_CURVE('',#3553,#3552,#286,.T.);
#4446=EDGE_CURVE('',#3273,#3553,#1901,.T.);
#4447=EDGE_CURVE('',#3554,#3553,#287,.T.);
#4448=EDGE_CURVE('',#3274,#3554,#1902,.T.);
#4449=EDGE_CURVE('',#3555,#3554,#288,.T.);
#4450=EDGE_CURVE('',#3275,#3555,#1903,.T.);
#4451=EDGE_CURVE('',#3556,#3555,#289,.T.);
#4452=EDGE_CURVE('',#3276,#3556,#1904,.T.);
#4453=EDGE_CURVE('',#3557,#3556,#290,.T.);
#4454=EDGE_CURVE('',#3277,#3557,#1905,.T.);
#4455=EDGE_CURVE('',#3550,#3557,#291,.T.);
#4456=EDGE_CURVE('',#3278,#3558,#1906,.T.);
#4457=EDGE_CURVE('',#3559,#3558,#1907,.T.);
#4458=EDGE_CURVE('',#3279,#3559,#1908,.T.);
#4459=EDGE_CURVE('',#3560,#3559,#1909,.T.);
#4460=EDGE_CURVE('',#3280,#3560,#1910,.T.);
#4461=EDGE_CURVE('',#3561,#3560,#1911,.T.);
#4462=EDGE_CURVE('',#3281,#3561,#1912,.T.);
#4463=EDGE_CURVE('',#3558,#3561,#1913,.T.);
#4464=EDGE_CURVE('',#3562,#3563,#292,.T.);
#4465=EDGE_CURVE('',#3562,#3564,#1914,.T.);
#4466=EDGE_CURVE('',#3565,#3564,#293,.T.);
#4467=EDGE_CURVE('',#3563,#3565,#1915,.T.);
#4468=EDGE_CURVE('',#3563,#3566,#294,.T.);
#4469=EDGE_CURVE('',#3567,#3565,#295,.T.);
#4470=EDGE_CURVE('',#3566,#3567,#1916,.T.);
#4471=EDGE_CURVE('',#3566,#3568,#296,.T.);
#4472=EDGE_CURVE('',#3569,#3567,#297,.T.);
#4473=EDGE_CURVE('',#3568,#3569,#1917,.T.);
#4474=EDGE_CURVE('',#3568,#3570,#298,.T.);
#4475=EDGE_CURVE('',#3571,#3569,#299,.T.);
#4476=EDGE_CURVE('',#3570,#3571,#1918,.T.);
#4477=EDGE_CURVE('',#3570,#3572,#300,.T.);
#4478=EDGE_CURVE('',#3573,#3571,#301,.T.);
#4479=EDGE_CURVE('',#3572,#3573,#1919,.T.);
#4480=EDGE_CURVE('',#3572,#3574,#302,.T.);
#4481=EDGE_CURVE('',#3575,#3573,#303,.T.);
#4482=EDGE_CURVE('',#3574,#3575,#1920,.T.);
#4483=EDGE_CURVE('',#3574,#3576,#304,.T.);
#4484=EDGE_CURVE('',#3577,#3575,#305,.T.);
#4485=EDGE_CURVE('',#3576,#3577,#1921,.T.);
#4486=EDGE_CURVE('',#3576,#3578,#306,.T.);
#4487=EDGE_CURVE('',#3579,#3577,#307,.T.);
#4488=EDGE_CURVE('',#3578,#3579,#1922,.T.);
#4489=EDGE_CURVE('',#3578,#3562,#1923,.T.);
#4490=EDGE_CURVE('',#3564,#3579,#1924,.T.);
#4491=EDGE_CURVE('',#3393,#3580,#1925,.T.);
#4492=EDGE_CURVE('',#3581,#3580,#1926,.T.);
#4493=EDGE_CURVE('',#3394,#3581,#1927,.T.);
#4494=EDGE_CURVE('',#3582,#3581,#308,.T.);
#4495=EDGE_CURVE('',#3395,#3582,#1928,.T.);
#4496=EDGE_CURVE('',#3583,#3582,#309,.T.);
#4497=EDGE_CURVE('',#3396,#3583,#1929,.T.);
#4498=EDGE_CURVE('',#3584,#3583,#310,.T.);
#4499=EDGE_CURVE('',#3397,#3584,#1930,.T.);
#4500=EDGE_CURVE('',#3585,#3584,#311,.T.);
#4501=EDGE_CURVE('',#3398,#3585,#1931,.T.);
#4502=EDGE_CURVE('',#3586,#3585,#312,.T.);
#4503=EDGE_CURVE('',#3399,#3586,#1932,.T.);
#4504=EDGE_CURVE('',#3587,#3586,#1933,.T.);
#4505=EDGE_CURVE('',#3400,#3587,#1934,.T.);
#4506=EDGE_CURVE('',#3588,#3587,#313,.T.);
#4507=EDGE_CURVE('',#3401,#3588,#1935,.T.);
#4508=EDGE_CURVE('',#3589,#3588,#314,.T.);
#4509=EDGE_CURVE('',#3402,#3589,#1936,.T.);
#4510=EDGE_CURVE('',#3590,#3589,#1937,.T.);
#4511=EDGE_CURVE('',#3403,#3590,#1938,.T.);
#4512=EDGE_CURVE('',#3591,#3590,#315,.T.);
#4513=EDGE_CURVE('',#3404,#3591,#1939,.T.);
#4514=EDGE_CURVE('',#3592,#3591,#316,.T.);
#4515=EDGE_CURVE('',#3405,#3592,#1940,.T.);
#4516=EDGE_CURVE('',#3593,#3592,#317,.T.);
#4517=EDGE_CURVE('',#3406,#3593,#1941,.T.);
#4518=EDGE_CURVE('',#3594,#3593,#318,.T.);
#4519=EDGE_CURVE('',#3407,#3594,#1942,.T.);
#4520=EDGE_CURVE('',#3595,#3594,#319,.T.);
#4521=EDGE_CURVE('',#3408,#3595,#1943,.T.);
#4522=EDGE_CURVE('',#3596,#3595,#320,.T.);
#4523=EDGE_CURVE('',#3409,#3596,#1944,.T.);
#4524=EDGE_CURVE('',#3597,#3596,#321,.T.);
#4525=EDGE_CURVE('',#3410,#3597,#1945,.T.);
#4526=EDGE_CURVE('',#3598,#3597,#322,.T.);
#4527=EDGE_CURVE('',#3411,#3598,#1946,.T.);
#4528=EDGE_CURVE('',#3599,#3598,#323,.T.);
#4529=EDGE_CURVE('',#3412,#3599,#1947,.T.);
#4530=EDGE_CURVE('',#3600,#3599,#324,.T.);
#4531=EDGE_CURVE('',#3413,#3600,#1948,.T.);
#4532=EDGE_CURVE('',#3601,#3600,#1949,.T.);
#4533=EDGE_CURVE('',#3414,#3601,#1950,.T.);
#4534=EDGE_CURVE('',#3602,#3601,#325,.T.);
#4535=EDGE_CURVE('',#3415,#3602,#1951,.T.);
#4536=EDGE_CURVE('',#3603,#3602,#326,.T.);
#4537=EDGE_CURVE('',#3416,#3603,#1952,.T.);
#4538=EDGE_CURVE('',#3604,#3603,#327,.T.);
#4539=EDGE_CURVE('',#3417,#3604,#1953,.T.);
#4540=EDGE_CURVE('',#3580,#3604,#328,.T.);
#4541=EDGE_CURVE('',#3605,#3606,#1954,.T.);
#4542=EDGE_CURVE('',#3605,#3607,#1955,.T.);
#4543=EDGE_CURVE('',#3608,#3607,#1956,.T.);
#4544=EDGE_CURVE('',#3606,#3608,#1957,.T.);
#4545=EDGE_CURVE('',#3606,#3609,#1958,.T.);
#4546=EDGE_CURVE('',#3610,#3608,#1959,.T.);
#4547=EDGE_CURVE('',#3609,#3610,#1960,.T.);
#4548=EDGE_CURVE('',#3609,#3605,#1961,.T.);
#4549=EDGE_CURVE('',#3607,#3610,#1962,.T.);
#4550=EDGE_CURVE('',#3282,#3611,#1963,.T.);
#4551=EDGE_CURVE('',#3612,#3611,#1964,.T.);
#4552=EDGE_CURVE('',#3283,#3612,#1965,.T.);
#4553=EDGE_CURVE('',#3613,#3612,#1966,.T.);
#4554=EDGE_CURVE('',#3284,#3613,#1967,.T.);
#4555=EDGE_CURVE('',#3614,#3613,#1968,.T.);
#4556=EDGE_CURVE('',#3285,#3614,#1969,.T.);
#4557=EDGE_CURVE('',#3615,#3614,#1970,.T.);
#4558=EDGE_CURVE('',#3286,#3615,#1971,.T.);
#4559=EDGE_CURVE('',#3616,#3615,#1972,.T.);
#4560=EDGE_CURVE('',#3287,#3616,#1973,.T.);
#4561=EDGE_CURVE('',#3617,#3616,#1974,.T.);
#4562=EDGE_CURVE('',#3288,#3617,#1975,.T.);
#4563=EDGE_CURVE('',#3618,#3617,#1976,.T.);
#4564=EDGE_CURVE('',#3289,#3618,#1977,.T.);
#4565=EDGE_CURVE('',#3611,#3618,#1978,.T.);
#4566=EDGE_CURVE('',#3290,#3619,#1979,.T.);
#4567=EDGE_CURVE('',#3620,#3619,#329,.T.);
#4568=EDGE_CURVE('',#3291,#3620,#1980,.T.);
#4569=EDGE_CURVE('',#3621,#3620,#330,.T.);
#4570=EDGE_CURVE('',#3292,#3621,#1981,.T.);
#4571=EDGE_CURVE('',#3622,#3621,#331,.T.);
#4572=EDGE_CURVE('',#3293,#3622,#1982,.T.);
#4573=EDGE_CURVE('',#3623,#3622,#332,.T.);
#4574=EDGE_CURVE('',#3294,#3623,#1983,.T.);
#4575=EDGE_CURVE('',#3624,#3623,#333,.T.);
#4576=EDGE_CURVE('',#3295,#3624,#1984,.T.);
#4577=EDGE_CURVE('',#3625,#3624,#334,.T.);
#4578=EDGE_CURVE('',#3296,#3625,#1985,.T.);
#4579=EDGE_CURVE('',#3626,#3625,#335,.T.);
#4580=EDGE_CURVE('',#3297,#3626,#1986,.T.);
#4581=EDGE_CURVE('',#3619,#3626,#336,.T.);
#4582=EDGE_CURVE('',#3298,#3627,#1987,.T.);
#4583=EDGE_CURVE('',#3628,#3627,#337,.T.);
#4584=EDGE_CURVE('',#3299,#3628,#1988,.T.);
#4585=EDGE_CURVE('',#3629,#3628,#338,.T.);
#4586=EDGE_CURVE('',#3300,#3629,#1989,.T.);
#4587=EDGE_CURVE('',#3630,#3629,#1990,.T.);
#4588=EDGE_CURVE('',#3301,#3630,#1991,.T.);
#4589=EDGE_CURVE('',#3631,#3630,#1992,.T.);
#4590=EDGE_CURVE('',#3302,#3631,#1993,.T.);
#4591=EDGE_CURVE('',#3632,#3631,#1994,.T.);
#4592=EDGE_CURVE('',#3303,#3632,#1995,.T.);
#4593=EDGE_CURVE('',#3633,#3632,#339,.T.);
#4594=EDGE_CURVE('',#3304,#3633,#1996,.T.);
#4595=EDGE_CURVE('',#3634,#3633,#340,.T.);
#4596=EDGE_CURVE('',#3305,#3634,#1997,.T.);
#4597=EDGE_CURVE('',#3635,#3634,#1998,.T.);
#4598=EDGE_CURVE('',#3306,#3635,#1999,.T.);
#4599=EDGE_CURVE('',#3636,#3635,#2000,.T.);
#4600=EDGE_CURVE('',#3307,#3636,#2001,.T.);
#4601=EDGE_CURVE('',#3637,#3636,#2002,.T.);
#4602=EDGE_CURVE('',#3308,#3637,#2003,.T.);
#4603=EDGE_CURVE('',#3638,#3637,#2004,.T.);
#4604=EDGE_CURVE('',#3309,#3638,#2005,.T.);
#4605=EDGE_CURVE('',#3639,#3638,#2006,.T.);
#4606=EDGE_CURVE('',#3310,#3639,#2007,.T.);
#4607=EDGE_CURVE('',#3627,#3639,#341,.T.);
#4608=EDGE_CURVE('',#3311,#3640,#2008,.T.);
#4609=EDGE_CURVE('',#3641,#3640,#2009,.T.);
#4610=EDGE_CURVE('',#3312,#3641,#2010,.T.);
#4611=EDGE_CURVE('',#3642,#3641,#2011,.T.);
#4612=EDGE_CURVE('',#3313,#3642,#2012,.T.);
#4613=EDGE_CURVE('',#3643,#3642,#2013,.T.);
#4614=EDGE_CURVE('',#3314,#3643,#2014,.T.);
#4615=EDGE_CURVE('',#3644,#3643,#2015,.T.);
#4616=EDGE_CURVE('',#3315,#3644,#2016,.T.);
#4617=EDGE_CURVE('',#3645,#3644,#2017,.T.);
#4618=EDGE_CURVE('',#3316,#3645,#2018,.T.);
#4619=EDGE_CURVE('',#3640,#3645,#2019,.T.);
#4620=EDGE_CURVE('',#3317,#3646,#2020,.T.);
#4621=EDGE_CURVE('',#3647,#3646,#342,.T.);
#4622=EDGE_CURVE('',#3318,#3647,#2021,.T.);
#4623=EDGE_CURVE('',#3648,#3647,#343,.T.);
#4624=EDGE_CURVE('',#3319,#3648,#2022,.T.);
#4625=EDGE_CURVE('',#3649,#3648,#2023,.T.);
#4626=EDGE_CURVE('',#3320,#3649,#2024,.T.);
#4627=EDGE_CURVE('',#3650,#3649,#2025,.T.);
#4628=EDGE_CURVE('',#3321,#3650,#2026,.T.);
#4629=EDGE_CURVE('',#3651,#3650,#2027,.T.);
#4630=EDGE_CURVE('',#3322,#3651,#2028,.T.);
#4631=EDGE_CURVE('',#3652,#3651,#344,.T.);
#4632=EDGE_CURVE('',#3323,#3652,#2029,.T.);
#4633=EDGE_CURVE('',#3653,#3652,#345,.T.);
#4634=EDGE_CURVE('',#3324,#3653,#2030,.T.);
#4635=EDGE_CURVE('',#3654,#3653,#2031,.T.);
#4636=EDGE_CURVE('',#3325,#3654,#2032,.T.);
#4637=EDGE_CURVE('',#3655,#3654,#2033,.T.);
#4638=EDGE_CURVE('',#3326,#3655,#2034,.T.);
#4639=EDGE_CURVE('',#3656,#3655,#2035,.T.);
#4640=EDGE_CURVE('',#3327,#3656,#2036,.T.);
#4641=EDGE_CURVE('',#3657,#3656,#2037,.T.);
#4642=EDGE_CURVE('',#3328,#3657,#2038,.T.);
#4643=EDGE_CURVE('',#3658,#3657,#2039,.T.);
#4644=EDGE_CURVE('',#3329,#3658,#2040,.T.);
#4645=EDGE_CURVE('',#3646,#3658,#346,.T.);
#4646=EDGE_CURVE('',#3659,#3660,#347,.T.);
#4647=EDGE_CURVE('',#3659,#3661,#2041,.T.);
#4648=EDGE_CURVE('',#3662,#3661,#348,.T.);
#4649=EDGE_CURVE('',#3660,#3662,#2042,.T.);
#4650=EDGE_CURVE('',#3660,#3663,#349,.T.);
#4651=EDGE_CURVE('',#3664,#3662,#350,.T.);
#4652=EDGE_CURVE('',#3663,#3664,#2043,.T.);
#4653=EDGE_CURVE('',#3663,#3665,#351,.T.);
#4654=EDGE_CURVE('',#3666,#3664,#352,.T.);
#4655=EDGE_CURVE('',#3665,#3666,#2044,.T.);
#4656=EDGE_CURVE('',#3665,#3667,#353,.T.);
#4657=EDGE_CURVE('',#3668,#3666,#354,.T.);
#4658=EDGE_CURVE('',#3667,#3668,#2045,.T.);
#4659=EDGE_CURVE('',#3667,#3669,#2046,.T.);
#4660=EDGE_CURVE('',#3670,#3668,#2047,.T.);
#4661=EDGE_CURVE('',#3669,#3670,#2048,.T.);
#4662=EDGE_CURVE('',#3669,#3659,#2049,.T.);
#4663=EDGE_CURVE('',#3661,#3670,#2050,.T.);
#4664=EDGE_CURVE('',#3376,#3671,#2051,.T.);
#4665=EDGE_CURVE('',#3672,#3671,#355,.T.);
#4666=EDGE_CURVE('',#3377,#3672,#2052,.T.);
#4667=EDGE_CURVE('',#3673,#3672,#2053,.T.);
#4668=EDGE_CURVE('',#3378,#3673,#2054,.T.);
#4669=EDGE_CURVE('',#3674,#3673,#356,.T.);
#4670=EDGE_CURVE('',#3379,#3674,#2055,.T.);
#4671=EDGE_CURVE('',#3675,#3674,#357,.T.);
#4672=EDGE_CURVE('',#3380,#3675,#2056,.T.);
#4673=EDGE_CURVE('',#3676,#3675,#358,.T.);
#4674=EDGE_CURVE('',#3381,#3676,#2057,.T.);
#4675=EDGE_CURVE('',#3677,#3676,#2058,.T.);
#4676=EDGE_CURVE('',#3382,#3677,#2059,.T.);
#4677=EDGE_CURVE('',#3678,#3677,#359,.T.);
#4678=EDGE_CURVE('',#3383,#3678,#2060,.T.);
#4679=EDGE_CURVE('',#3679,#3678,#360,.T.);
#4680=EDGE_CURVE('',#3384,#3679,#2061,.T.);
#4681=EDGE_CURVE('',#3680,#3679,#361,.T.);
#4682=EDGE_CURVE('',#3385,#3680,#2062,.T.);
#4683=EDGE_CURVE('',#3681,#3680,#362,.T.);
#4684=EDGE_CURVE('',#3386,#3681,#2063,.T.);
#4685=EDGE_CURVE('',#3682,#3681,#363,.T.);
#4686=EDGE_CURVE('',#3387,#3682,#2064,.T.);
#4687=EDGE_CURVE('',#3683,#3682,#2065,.T.);
#4688=EDGE_CURVE('',#3388,#3683,#2066,.T.);
#4689=EDGE_CURVE('',#3684,#3683,#364,.T.);
#4690=EDGE_CURVE('',#3389,#3684,#2067,.T.);
#4691=EDGE_CURVE('',#3685,#3684,#365,.T.);
#4692=EDGE_CURVE('',#3390,#3685,#2068,.T.);
#4693=EDGE_CURVE('',#3686,#3685,#366,.T.);
#4694=EDGE_CURVE('',#3391,#3686,#2069,.T.);
#4695=EDGE_CURVE('',#3687,#3686,#367,.T.);
#4696=EDGE_CURVE('',#3392,#3687,#2070,.T.);
#4697=EDGE_CURVE('',#3671,#3687,#368,.T.);
#4698=EDGE_CURVE('',#3364,#3688,#2071,.T.);
#4699=EDGE_CURVE('',#3689,#3688,#2072,.T.);
#4700=EDGE_CURVE('',#3365,#3689,#2073,.T.);
#4701=EDGE_CURVE('',#3690,#3689,#2074,.T.);
#4702=EDGE_CURVE('',#3366,#3690,#2075,.T.);
#4703=EDGE_CURVE('',#3691,#3690,#2076,.T.);
#4704=EDGE_CURVE('',#3367,#3691,#2077,.T.);
#4705=EDGE_CURVE('',#3692,#3691,#2078,.T.);
#4706=EDGE_CURVE('',#3368,#3692,#2079,.T.);
#4707=EDGE_CURVE('',#3693,#3692,#2080,.T.);
#4708=EDGE_CURVE('',#3369,#3693,#2081,.T.);
#4709=EDGE_CURVE('',#3694,#3693,#2082,.T.);
#4710=EDGE_CURVE('',#3370,#3694,#2083,.T.);
#4711=EDGE_CURVE('',#3695,#3694,#2084,.T.);
#4712=EDGE_CURVE('',#3371,#3695,#2085,.T.);
#4713=EDGE_CURVE('',#3696,#3695,#2086,.T.);
#4714=EDGE_CURVE('',#3372,#3696,#2087,.T.);
#4715=EDGE_CURVE('',#3697,#3696,#2088,.T.);
#4716=EDGE_CURVE('',#3373,#3697,#2089,.T.);
#4717=EDGE_CURVE('',#3698,#3697,#2090,.T.);
#4718=EDGE_CURVE('',#3374,#3698,#2091,.T.);
#4719=EDGE_CURVE('',#3699,#3698,#2092,.T.);
#4720=EDGE_CURVE('',#3375,#3699,#2093,.T.);
#4721=EDGE_CURVE('',#3688,#3699,#2094,.T.);
#4722=EDGE_CURVE('',#3356,#3700,#2095,.T.);
#4723=EDGE_CURVE('',#3701,#3700,#369,.T.);
#4724=EDGE_CURVE('',#3357,#3701,#2096,.T.);
#4725=EDGE_CURVE('',#3702,#3701,#370,.T.);
#4726=EDGE_CURVE('',#3358,#3702,#2097,.T.);
#4727=EDGE_CURVE('',#3703,#3702,#371,.T.);
#4728=EDGE_CURVE('',#3359,#3703,#2098,.T.);
#4729=EDGE_CURVE('',#3704,#3703,#372,.T.);
#4730=EDGE_CURVE('',#3360,#3704,#2099,.T.);
#4731=EDGE_CURVE('',#3705,#3704,#373,.T.);
#4732=EDGE_CURVE('',#3361,#3705,#2100,.T.);
#4733=EDGE_CURVE('',#3706,#3705,#374,.T.);
#4734=EDGE_CURVE('',#3362,#3706,#2101,.T.);
#4735=EDGE_CURVE('',#3707,#3706,#375,.T.);
#4736=EDGE_CURVE('',#3363,#3707,#2102,.T.);
#4737=EDGE_CURVE('',#3700,#3707,#376,.T.);
#4738=EDGE_CURVE('',#3344,#3708,#2103,.T.);
#4739=EDGE_CURVE('',#3709,#3708,#377,.T.);
#4740=EDGE_CURVE('',#3345,#3709,#2104,.T.);
#4741=EDGE_CURVE('',#3710,#3709,#2105,.T.);
#4742=EDGE_CURVE('',#3346,#3710,#2106,.T.);
#4743=EDGE_CURVE('',#3711,#3710,#378,.T.);
#4744=EDGE_CURVE('',#3347,#3711,#2107,.T.);
#4745=EDGE_CURVE('',#3712,#3711,#379,.T.);
#4746=EDGE_CURVE('',#3348,#3712,#2108,.T.);
#4747=EDGE_CURVE('',#3713,#3712,#380,.T.);
#4748=EDGE_CURVE('',#3349,#3713,#2109,.T.);
#4749=EDGE_CURVE('',#3714,#3713,#2110,.T.);
#4750=EDGE_CURVE('',#3350,#3714,#2111,.T.);
#4751=EDGE_CURVE('',#3715,#3714,#2112,.T.);
#4752=EDGE_CURVE('',#3351,#3715,#2113,.T.);
#4753=EDGE_CURVE('',#3716,#3715,#2114,.T.);
#4754=EDGE_CURVE('',#3352,#3716,#2115,.T.);
#4755=EDGE_CURVE('',#3717,#3716,#2116,.T.);
#4756=EDGE_CURVE('',#3353,#3717,#2117,.T.);
#4757=EDGE_CURVE('',#3718,#3717,#2118,.T.);
#4758=EDGE_CURVE('',#3354,#3718,#2119,.T.);
#4759=EDGE_CURVE('',#3719,#3718,#381,.T.);
#4760=EDGE_CURVE('',#3355,#3719,#2120,.T.);
#4761=EDGE_CURVE('',#3708,#3719,#382,.T.);
#4762=EDGE_CURVE('',#3336,#3720,#2121,.T.);
#4763=EDGE_CURVE('',#3721,#3720,#2122,.T.);
#4764=EDGE_CURVE('',#3337,#3721,#2123,.T.);
#4765=EDGE_CURVE('',#3722,#3721,#2124,.T.);
#4766=EDGE_CURVE('',#3338,#3722,#2125,.T.);
#4767=EDGE_CURVE('',#3723,#3722,#2126,.T.);
#4768=EDGE_CURVE('',#3339,#3723,#2127,.T.);
#4769=EDGE_CURVE('',#3724,#3723,#2128,.T.);
#4770=EDGE_CURVE('',#3340,#3724,#2129,.T.);
#4771=EDGE_CURVE('',#3725,#3724,#2130,.T.);
#4772=EDGE_CURVE('',#3341,#3725,#2131,.T.);
#4773=EDGE_CURVE('',#3726,#3725,#2132,.T.);
#4774=EDGE_CURVE('',#3342,#3726,#2133,.T.);
#4775=EDGE_CURVE('',#3727,#3726,#2134,.T.);
#4776=EDGE_CURVE('',#3343,#3727,#2135,.T.);
#4777=EDGE_CURVE('',#3720,#3727,#2136,.T.);
#4778=EDGE_CURVE('',#3330,#3728,#2137,.T.);
#4779=EDGE_CURVE('',#3729,#3728,#2138,.T.);
#4780=EDGE_CURVE('',#3331,#3729,#2139,.T.);
#4781=EDGE_CURVE('',#3730,#3729,#2140,.T.);
#4782=EDGE_CURVE('',#3332,#3730,#2141,.T.);
#4783=EDGE_CURVE('',#3731,#3730,#2142,.T.);
#4784=EDGE_CURVE('',#3333,#3731,#2143,.T.);
#4785=EDGE_CURVE('',#3732,#3731,#2144,.T.);
#4786=EDGE_CURVE('',#3334,#3732,#2145,.T.);
#4787=EDGE_CURVE('',#3733,#3732,#2146,.T.);
#4788=EDGE_CURVE('',#3335,#3733,#2147,.T.);
#4789=EDGE_CURVE('',#3728,#3733,#2148,.T.);
#4790=EDGE_CURVE('',#3734,#3124,#509,.T.);
#4791=EDGE_CURVE('',#3124,#3266,#510,.T.);
#4792=EDGE_CURVE('',#3266,#3734,#511,.T.);
#4793=EDGE_CURVE('',#3734,#3256,#2149,.T.);
#4794=EDGE_CURVE('',#3256,#3125,#22,.T.);
#4795=EDGE_CURVE('',#3257,#3151,#23,.T.);
#4796=EDGE_CURVE('',#3259,#3735,#2150,.T.);
#4797=EDGE_CURVE('',#3735,#3246,#512,.T.);
#4798=EDGE_CURVE('',#3152,#3259,#24,.T.);
#4799=EDGE_CURVE('',#3735,#3265,#513,.T.);
#4800=EDGE_CURVE('',#3265,#3246,#514,.T.);
#4801=EDGE_CURVE('',#3736,#3264,#25,.T.);
#4802=EDGE_CURVE('',#3736,#3734,#2151,.T.);
#4803=EDGE_CURVE('',#3267,#3123,#26,.T.);
#4804=EDGE_CURVE('',#3123,#3737,#2152,.T.);
#4805=EDGE_CURVE('',#3737,#3268,#27,.T.);
#4806=EDGE_CURVE('',#3737,#3247,#2153,.T.);
#4807=EDGE_CURVE('',#3247,#3269,#28,.T.);
#4808=EDGE_CURVE('',#3735,#3736,#2154,.T.);
#4809=EDGE_CURVE('',#3736,#3258,#2155,.T.);
#4810=EDGE_CURVE('',#3737,#3154,#2156,.T.);
#4811=EDGE_CURVE('',#3738,#3739,#2157,.T.);
#4812=EDGE_CURVE('',#3738,#3740,#2158,.T.);
#4813=EDGE_CURVE('',#3741,#3740,#2159,.T.);
#4814=EDGE_CURVE('',#3739,#3741,#2160,.T.);
#4815=EDGE_CURVE('',#3739,#3742,#515,.T.);
#4816=EDGE_CURVE('',#3743,#3741,#516,.T.);
#4817=EDGE_CURVE('',#3742,#3743,#2161,.T.);
#4818=EDGE_CURVE('',#3742,#3744,#2162,.T.);
#4819=EDGE_CURVE('',#3745,#3743,#2163,.T.);
#4820=EDGE_CURVE('',#3744,#3745,#2164,.T.);
#4821=EDGE_CURVE('',#3746,#3744,#2165,.T.);
#4822=EDGE_CURVE('',#3747,#3745,#2166,.T.);
#4823=EDGE_CURVE('',#3746,#3747,#2167,.T.);
#4824=EDGE_CURVE('',#3748,#3746,#2168,.T.);
#4825=EDGE_CURVE('',#3749,#3747,#2169,.T.);
#4826=EDGE_CURVE('',#3748,#3749,#2170,.T.);
#4827=EDGE_CURVE('',#3738,#3748,#2171,.T.);
#4828=EDGE_CURVE('',#3740,#3749,#2172,.T.);
#4829=EDGE_CURVE('',#3750,#3751,#2173,.T.);
#4830=EDGE_CURVE('',#3751,#3752,#2174,.T.);
#4831=EDGE_CURVE('',#3753,#3752,#2175,.T.);
#4832=EDGE_CURVE('',#3750,#3753,#2176,.T.);
#4833=EDGE_CURVE('',#3750,#3754,#2177,.T.);
#4834=EDGE_CURVE('',#3755,#3753,#2178,.T.);
#4835=EDGE_CURVE('',#3754,#3755,#2179,.T.);
#4836=EDGE_CURVE('',#3754,#3756,#517,.T.);
#4837=EDGE_CURVE('',#3757,#3755,#518,.T.);
#4838=EDGE_CURVE('',#3756,#3757,#2180,.T.);
#4839=EDGE_CURVE('',#3756,#3758,#2181,.T.);
#4840=EDGE_CURVE('',#3759,#3757,#2182,.T.);
#4841=EDGE_CURVE('',#3758,#3759,#2183,.T.);
#4842=EDGE_CURVE('',#3760,#3758,#2184,.T.);
#4843=EDGE_CURVE('',#3761,#3759,#2185,.T.);
#4844=EDGE_CURVE('',#3760,#3761,#2186,.T.);
#4845=EDGE_CURVE('',#3751,#3760,#2187,.T.);
#4846=EDGE_CURVE('',#3752,#3761,#2188,.T.);
#4847=EDGE_CURVE('',#3762,#3763,#2189,.T.);
#4848=EDGE_CURVE('',#3763,#3764,#2190,.T.);
#4849=EDGE_CURVE('',#3765,#3764,#2191,.T.);
#4850=EDGE_CURVE('',#3762,#3765,#2192,.T.);
#4851=EDGE_CURVE('',#3762,#3766,#2193,.T.);
#4852=EDGE_CURVE('',#3767,#3765,#2194,.T.);
#4853=EDGE_CURVE('',#3766,#3767,#2195,.T.);
#4854=EDGE_CURVE('',#3766,#3768,#519,.T.);
#4855=EDGE_CURVE('',#3769,#3767,#520,.T.);
#4856=EDGE_CURVE('',#3768,#3769,#2196,.T.);
#4857=EDGE_CURVE('',#3768,#3770,#2197,.T.);
#4858=EDGE_CURVE('',#3771,#3769,#2198,.T.);
#4859=EDGE_CURVE('',#3770,#3771,#2199,.T.);
#4860=EDGE_CURVE('',#3772,#3770,#2200,.T.);
#4861=EDGE_CURVE('',#3773,#3771,#2201,.T.);
#4862=EDGE_CURVE('',#3772,#3773,#2202,.T.);
#4863=EDGE_CURVE('',#3763,#3772,#2203,.T.);
#4864=EDGE_CURVE('',#3764,#3773,#2204,.T.);
#4865=EDGE_CURVE('',#3774,#3775,#2205,.T.);
#4866=EDGE_CURVE('',#3774,#3776,#2206,.T.);
#4867=EDGE_CURVE('',#3777,#3776,#2207,.T.);
#4868=EDGE_CURVE('',#3775,#3777,#2208,.T.);
#4869=EDGE_CURVE('',#3775,#3778,#521,.T.);
#4870=EDGE_CURVE('',#3779,#3777,#522,.T.);
#4871=EDGE_CURVE('',#3778,#3779,#2209,.T.);
#4872=EDGE_CURVE('',#3778,#3780,#2210,.T.);
#4873=EDGE_CURVE('',#3781,#3779,#2211,.T.);
#4874=EDGE_CURVE('',#3780,#3781,#2212,.T.);
#4875=EDGE_CURVE('',#3782,#3780,#2213,.T.);
#4876=EDGE_CURVE('',#3783,#3781,#2214,.T.);
#4877=EDGE_CURVE('',#3782,#3783,#2215,.T.);
#4878=EDGE_CURVE('',#3784,#3782,#2216,.T.);
#4879=EDGE_CURVE('',#3785,#3783,#2217,.T.);
#4880=EDGE_CURVE('',#3784,#3785,#2218,.T.);
#4881=EDGE_CURVE('',#3774,#3784,#2219,.T.);
#4882=EDGE_CURVE('',#3776,#3785,#2220,.T.);
#4883=EDGE_CURVE('',#3786,#3787,#2221,.T.);
#4884=EDGE_CURVE('',#3787,#3788,#2222,.T.);
#4885=EDGE_CURVE('',#3789,#3788,#2223,.T.);
#4886=EDGE_CURVE('',#3786,#3789,#2224,.T.);
#4887=EDGE_CURVE('',#3786,#3790,#2225,.T.);
#4888=EDGE_CURVE('',#3791,#3789,#2226,.T.);
#4889=EDGE_CURVE('',#3790,#3791,#2227,.T.);
#4890=EDGE_CURVE('',#3790,#3792,#523,.T.);
#4891=EDGE_CURVE('',#3793,#3791,#524,.T.);
#4892=EDGE_CURVE('',#3792,#3793,#2228,.T.);
#4893=EDGE_CURVE('',#3792,#3794,#2229,.T.);
#4894=EDGE_CURVE('',#3795,#3793,#2230,.T.);
#4895=EDGE_CURVE('',#3794,#3795,#2231,.T.);
#4896=EDGE_CURVE('',#3796,#3794,#2232,.T.);
#4897=EDGE_CURVE('',#3797,#3795,#2233,.T.);
#4898=EDGE_CURVE('',#3796,#3797,#2234,.T.);
#4899=EDGE_CURVE('',#3787,#3796,#2235,.T.);
#4900=EDGE_CURVE('',#3788,#3797,#2236,.T.);
#4901=EDGE_CURVE('',#3798,#3799,#2237,.T.);
#4902=EDGE_CURVE('',#3798,#3800,#2238,.T.);
#4903=EDGE_CURVE('',#3801,#3800,#2239,.T.);
#4904=EDGE_CURVE('',#3799,#3801,#2240,.T.);
#4905=EDGE_CURVE('',#3799,#3802,#525,.T.);
#4906=EDGE_CURVE('',#3803,#3801,#526,.T.);
#4907=EDGE_CURVE('',#3802,#3803,#2241,.T.);
#4908=EDGE_CURVE('',#3802,#3804,#2242,.T.);
#4909=EDGE_CURVE('',#3805,#3803,#2243,.T.);
#4910=EDGE_CURVE('',#3804,#3805,#2244,.T.);
#4911=EDGE_CURVE('',#3806,#3804,#2245,.T.);
#4912=EDGE_CURVE('',#3807,#3805,#2246,.T.);
#4913=EDGE_CURVE('',#3806,#3807,#2247,.T.);
#4914=EDGE_CURVE('',#3808,#3806,#2248,.T.);
#4915=EDGE_CURVE('',#3809,#3807,#2249,.T.);
#4916=EDGE_CURVE('',#3808,#3809,#2250,.T.);
#4917=EDGE_CURVE('',#3798,#3808,#2251,.T.);
#4918=EDGE_CURVE('',#3800,#3809,#2252,.T.);
#4919=EDGE_CURVE('',#3810,#3811,#2253,.T.);
#4920=EDGE_CURVE('',#3811,#3812,#2254,.T.);
#4921=EDGE_CURVE('',#3813,#3812,#2255,.T.);
#4922=EDGE_CURVE('',#3810,#3813,#2256,.T.);
#4923=EDGE_CURVE('',#3810,#3814,#2257,.T.);
#4924=EDGE_CURVE('',#3815,#3813,#2258,.T.);
#4925=EDGE_CURVE('',#3814,#3815,#2259,.T.);
#4926=EDGE_CURVE('',#3814,#3816,#527,.T.);
#4927=EDGE_CURVE('',#3817,#3815,#528,.T.);
#4928=EDGE_CURVE('',#3816,#3817,#2260,.T.);
#4929=EDGE_CURVE('',#3816,#3818,#2261,.T.);
#4930=EDGE_CURVE('',#3819,#3817,#2262,.T.);
#4931=EDGE_CURVE('',#3818,#3819,#2263,.T.);
#4932=EDGE_CURVE('',#3820,#3818,#2264,.T.);
#4933=EDGE_CURVE('',#3821,#3819,#2265,.T.);
#4934=EDGE_CURVE('',#3820,#3821,#2266,.T.);
#4935=EDGE_CURVE('',#3811,#3820,#2267,.T.);
#4936=EDGE_CURVE('',#3812,#3821,#2268,.T.);
#4937=EDGE_CURVE('',#3822,#3823,#2269,.T.);
#4938=EDGE_CURVE('',#3822,#3824,#2270,.T.);
#4939=EDGE_CURVE('',#3825,#3824,#2271,.T.);
#4940=EDGE_CURVE('',#3823,#3825,#2272,.T.);
#4941=EDGE_CURVE('',#3823,#3826,#529,.T.);
#4942=EDGE_CURVE('',#3827,#3825,#530,.T.);
#4943=EDGE_CURVE('',#3826,#3827,#2273,.T.);
#4944=EDGE_CURVE('',#3826,#3828,#2274,.T.);
#4945=EDGE_CURVE('',#3829,#3827,#2275,.T.);
#4946=EDGE_CURVE('',#3828,#3829,#2276,.T.);
#4947=EDGE_CURVE('',#3830,#3828,#2277,.T.);
#4948=EDGE_CURVE('',#3831,#3829,#2278,.T.);
#4949=EDGE_CURVE('',#3830,#3831,#2279,.T.);
#4950=EDGE_CURVE('',#3832,#3830,#2280,.T.);
#4951=EDGE_CURVE('',#3833,#3831,#2281,.T.);
#4952=EDGE_CURVE('',#3832,#3833,#2282,.T.);
#4953=EDGE_CURVE('',#3822,#3832,#2283,.T.);
#4954=EDGE_CURVE('',#3824,#3833,#2284,.T.);
#4955=ORIENTED_EDGE('',*,*,#3834,.F.);
#4956=ORIENTED_EDGE('',*,*,#3835,.T.);
#4957=ORIENTED_EDGE('',*,*,#3836,.F.);
#4958=ORIENTED_EDGE('',*,*,#3837,.F.);
#4959=ORIENTED_EDGE('',*,*,#3838,.F.);
#4960=ORIENTED_EDGE('',*,*,#3839,.F.);
#4961=ORIENTED_EDGE('',*,*,#3840,.F.);
#4962=ORIENTED_EDGE('',*,*,#3841,.F.);
#4963=ORIENTED_EDGE('',*,*,#3840,.T.);
#4964=ORIENTED_EDGE('',*,*,#3842,.F.);
#4965=ORIENTED_EDGE('',*,*,#3836,.T.);
#4966=ORIENTED_EDGE('',*,*,#3843,.T.);
#4967=ORIENTED_EDGE('',*,*,#3844,.T.);
#4968=ORIENTED_EDGE('',*,*,#3845,.T.);
#4969=ORIENTED_EDGE('',*,*,#3837,.T.);
#4970=ORIENTED_EDGE('',*,*,#3842,.T.);
#4971=ORIENTED_EDGE('',*,*,#3839,.T.);
#4972=ORIENTED_EDGE('',*,*,#3846,.T.);
#4973=ORIENTED_EDGE('',*,*,#3847,.T.);
#4974=ORIENTED_EDGE('',*,*,#3848,.T.);
#4975=ORIENTED_EDGE('',*,*,#3849,.T.);
#4976=ORIENTED_EDGE('',*,*,#3850,.T.);
#4977=ORIENTED_EDGE('',*,*,#3851,.T.);
#4978=ORIENTED_EDGE('',*,*,#3852,.T.);
#4979=ORIENTED_EDGE('',*,*,#3853,.T.);
#4980=ORIENTED_EDGE('',*,*,#3854,.T.);
#4981=ORIENTED_EDGE('',*,*,#3855,.T.);
#4982=ORIENTED_EDGE('',*,*,#3856,.T.);
#4983=ORIENTED_EDGE('',*,*,#3857,.T.);
#4984=ORIENTED_EDGE('',*,*,#3858,.T.);
#4985=ORIENTED_EDGE('',*,*,#3859,.T.);
#4986=ORIENTED_EDGE('',*,*,#3860,.T.);
#4987=ORIENTED_EDGE('',*,*,#3861,.T.);
#4988=ORIENTED_EDGE('',*,*,#3862,.T.);
#4989=ORIENTED_EDGE('',*,*,#3863,.T.);
#4990=ORIENTED_EDGE('',*,*,#3864,.T.);
#4991=ORIENTED_EDGE('',*,*,#3865,.T.);
#4992=ORIENTED_EDGE('',*,*,#3866,.T.);
#4993=ORIENTED_EDGE('',*,*,#3867,.F.);
#4994=ORIENTED_EDGE('',*,*,#3868,.F.);
#4995=ORIENTED_EDGE('',*,*,#3869,.F.);
#4996=ORIENTED_EDGE('',*,*,#3870,.T.);
#4997=ORIENTED_EDGE('',*,*,#3838,.T.);
#4998=ORIENTED_EDGE('',*,*,#3871,.T.);
#4999=ORIENTED_EDGE('',*,*,#3872,.T.);
#5000=ORIENTED_EDGE('',*,*,#3846,.F.);
#5001=ORIENTED_EDGE('',*,*,#3834,.T.);
#5002=ORIENTED_EDGE('',*,*,#3870,.F.);
#5003=ORIENTED_EDGE('',*,*,#3873,.F.);
#5004=ORIENTED_EDGE('',*,*,#3874,.T.);
#5005=ORIENTED_EDGE('',*,*,#3875,.T.);
#5006=ORIENTED_EDGE('',*,*,#3876,.T.);
#5007=ORIENTED_EDGE('',*,*,#3877,.T.);
#5008=ORIENTED_EDGE('',*,*,#3878,.F.);
#5009=ORIENTED_EDGE('',*,*,#3879,.F.);
#5010=ORIENTED_EDGE('',*,*,#3880,.F.);
#5011=ORIENTED_EDGE('',*,*,#3881,.T.);
#5012=ORIENTED_EDGE('',*,*,#3882,.F.);
#5013=ORIENTED_EDGE('',*,*,#3883,.F.);
#5014=ORIENTED_EDGE('',*,*,#3884,.F.);
#5015=ORIENTED_EDGE('',*,*,#3883,.T.);
#5016=ORIENTED_EDGE('',*,*,#3885,.F.);
#5017=ORIENTED_EDGE('',*,*,#3886,.F.);
#5018=ORIENTED_EDGE('',*,*,#3874,.F.);
#5019=ORIENTED_EDGE('',*,*,#3886,.T.);
#5020=ORIENTED_EDGE('',*,*,#3887,.F.);
#5021=ORIENTED_EDGE('',*,*,#3888,.F.);
#5022=ORIENTED_EDGE('',*,*,#3887,.T.);
#5023=ORIENTED_EDGE('',*,*,#3885,.T.);
#5024=ORIENTED_EDGE('',*,*,#3882,.T.);
#5025=ORIENTED_EDGE('',*,*,#3889,.T.);
#5026=ORIENTED_EDGE('',*,*,#3878,.T.);
#5027=ORIENTED_EDGE('',*,*,#3890,.T.);
#5028=ORIENTED_EDGE('',*,*,#3880,.T.);
#5029=ORIENTED_EDGE('',*,*,#3891,.F.);
#5030=ORIENTED_EDGE('',*,*,#3892,.T.);
#5031=ORIENTED_EDGE('',*,*,#3893,.T.);
#5032=ORIENTED_EDGE('',*,*,#3894,.T.);
#5033=ORIENTED_EDGE('',*,*,#3895,.T.);
#5034=ORIENTED_EDGE('',*,*,#3896,.F.);
#5035=ORIENTED_EDGE('',*,*,#3897,.F.);
#5036=ORIENTED_EDGE('',*,*,#3898,.F.);
#5037=ORIENTED_EDGE('',*,*,#3899,.T.);
#5038=ORIENTED_EDGE('',*,*,#3900,.F.);
#5039=ORIENTED_EDGE('',*,*,#3901,.F.);
#5040=ORIENTED_EDGE('',*,*,#3902,.F.);
#5041=ORIENTED_EDGE('',*,*,#3901,.T.);
#5042=ORIENTED_EDGE('',*,*,#3903,.F.);
#5043=ORIENTED_EDGE('',*,*,#3904,.F.);
#5044=ORIENTED_EDGE('',*,*,#3892,.F.);
#5045=ORIENTED_EDGE('',*,*,#3904,.T.);
#5046=ORIENTED_EDGE('',*,*,#3905,.F.);
#5047=ORIENTED_EDGE('',*,*,#3906,.F.);
#5048=ORIENTED_EDGE('',*,*,#3905,.T.);
#5049=ORIENTED_EDGE('',*,*,#3903,.T.);
#5050=ORIENTED_EDGE('',*,*,#3900,.T.);
#5051=ORIENTED_EDGE('',*,*,#3907,.T.);
#5052=ORIENTED_EDGE('',*,*,#3896,.T.);
#5053=ORIENTED_EDGE('',*,*,#3908,.T.);
#5054=ORIENTED_EDGE('',*,*,#3898,.T.);
#5055=ORIENTED_EDGE('',*,*,#3909,.F.);
#5056=ORIENTED_EDGE('',*,*,#3910,.F.);
#5057=ORIENTED_EDGE('',*,*,#3911,.F.);
#5058=ORIENTED_EDGE('',*,*,#3912,.F.);
#5059=ORIENTED_EDGE('',*,*,#3913,.F.);
#5060=ORIENTED_EDGE('',*,*,#3866,.F.);
#5061=ORIENTED_EDGE('',*,*,#3914,.T.);
#5062=ORIENTED_EDGE('',*,*,#3915,.T.);
#5063=ORIENTED_EDGE('',*,*,#3916,.T.);
#5064=ORIENTED_EDGE('',*,*,#3917,.T.);
#5065=ORIENTED_EDGE('',*,*,#3918,.T.);
#5066=ORIENTED_EDGE('',*,*,#3919,.T.);
#5067=ORIENTED_EDGE('',*,*,#3920,.T.);
#5068=ORIENTED_EDGE('',*,*,#3921,.T.);
#5069=ORIENTED_EDGE('',*,*,#3922,.T.);
#5070=ORIENTED_EDGE('',*,*,#3923,.T.);
#5071=ORIENTED_EDGE('',*,*,#3924,.T.);
#5072=ORIENTED_EDGE('',*,*,#3925,.T.);
#5073=ORIENTED_EDGE('',*,*,#3926,.T.);
#5074=ORIENTED_EDGE('',*,*,#3927,.T.);
#5075=ORIENTED_EDGE('',*,*,#3928,.T.);
#5076=ORIENTED_EDGE('',*,*,#3929,.T.);
#5077=ORIENTED_EDGE('',*,*,#3930,.T.);
#5078=ORIENTED_EDGE('',*,*,#3931,.T.);
#5079=ORIENTED_EDGE('',*,*,#3932,.T.);
#5080=ORIENTED_EDGE('',*,*,#3933,.T.);
#5081=ORIENTED_EDGE('',*,*,#3934,.T.);
#5082=ORIENTED_EDGE('',*,*,#3935,.T.);
#5083=ORIENTED_EDGE('',*,*,#3936,.T.);
#5084=ORIENTED_EDGE('',*,*,#3937,.T.);
#5085=ORIENTED_EDGE('',*,*,#3938,.F.);
#5086=ORIENTED_EDGE('',*,*,#3939,.F.);
#5087=ORIENTED_EDGE('',*,*,#3940,.F.);
#5088=ORIENTED_EDGE('',*,*,#3941,.T.);
#5089=ORIENTED_EDGE('',*,*,#3942,.F.);
#5090=ORIENTED_EDGE('',*,*,#3863,.F.);
#5091=ORIENTED_EDGE('',*,*,#3914,.F.);
#5092=ORIENTED_EDGE('',*,*,#3865,.F.);
#5093=ORIENTED_EDGE('',*,*,#3943,.F.);
#5094=ORIENTED_EDGE('',*,*,#3944,.F.);
#5095=ORIENTED_EDGE('',*,*,#3943,.T.);
#5096=ORIENTED_EDGE('',*,*,#3864,.F.);
#5097=ORIENTED_EDGE('',*,*,#3942,.T.);
#5098=ORIENTED_EDGE('',*,*,#3945,.T.);
#5099=ORIENTED_EDGE('',*,*,#3938,.T.);
#5100=ORIENTED_EDGE('',*,*,#3946,.T.);
#5101=ORIENTED_EDGE('',*,*,#3940,.T.);
#5102=ORIENTED_EDGE('',*,*,#3862,.F.);
#5103=ORIENTED_EDGE('',*,*,#3947,.T.);
#5104=ORIENTED_EDGE('',*,*,#3948,.T.);
#5105=ORIENTED_EDGE('',*,*,#3949,.F.);
#5106=ORIENTED_EDGE('',*,*,#3950,.T.);
#5107=ORIENTED_EDGE('',*,*,#3951,.F.);
#5108=ORIENTED_EDGE('',*,*,#3851,.F.);
#5109=ORIENTED_EDGE('',*,*,#3952,.F.);
#5110=ORIENTED_EDGE('',*,*,#3853,.F.);
#5111=ORIENTED_EDGE('',*,*,#3953,.F.);
#5112=ORIENTED_EDGE('',*,*,#3954,.F.);
#5113=ORIENTED_EDGE('',*,*,#3953,.T.);
#5114=ORIENTED_EDGE('',*,*,#3852,.F.);
#5115=ORIENTED_EDGE('',*,*,#3951,.T.);
#5116=ORIENTED_EDGE('',*,*,#3955,.T.);
#5117=ORIENTED_EDGE('',*,*,#3956,.T.);
#5118=ORIENTED_EDGE('',*,*,#3957,.T.);
#5119=ORIENTED_EDGE('',*,*,#3949,.T.);
#5120=ORIENTED_EDGE('',*,*,#3850,.F.);
#5121=ORIENTED_EDGE('',*,*,#3958,.T.);
#5122=ORIENTED_EDGE('',*,*,#3959,.T.);
#5123=ORIENTED_EDGE('',*,*,#3960,.T.);
#5124=ORIENTED_EDGE('',*,*,#3961,.T.);
#5125=ORIENTED_EDGE('',*,*,#3962,.F.);
#5126=ORIENTED_EDGE('',*,*,#3963,.F.);
#5127=ORIENTED_EDGE('',*,*,#3964,.F.);
#5128=ORIENTED_EDGE('',*,*,#3965,.T.);
#5129=ORIENTED_EDGE('',*,*,#3966,.F.);
#5130=ORIENTED_EDGE('',*,*,#3859,.F.);
#5131=ORIENTED_EDGE('',*,*,#3947,.F.);
#5132=ORIENTED_EDGE('',*,*,#3861,.F.);
#5133=ORIENTED_EDGE('',*,*,#3967,.F.);
#5134=ORIENTED_EDGE('',*,*,#3968,.F.);
#5135=ORIENTED_EDGE('',*,*,#3967,.T.);
#5136=ORIENTED_EDGE('',*,*,#3860,.F.);
#5137=ORIENTED_EDGE('',*,*,#3966,.T.);
#5138=ORIENTED_EDGE('',*,*,#3969,.T.);
#5139=ORIENTED_EDGE('',*,*,#3962,.T.);
#5140=ORIENTED_EDGE('',*,*,#3970,.T.);
#5141=ORIENTED_EDGE('',*,*,#3964,.T.);
#5142=ORIENTED_EDGE('',*,*,#3858,.F.);
#5143=ORIENTED_EDGE('',*,*,#3971,.T.);
#5144=ORIENTED_EDGE('',*,*,#3972,.T.);
#5145=ORIENTED_EDGE('',*,*,#3872,.F.);
#5146=ORIENTED_EDGE('',*,*,#3973,.T.);
#5147=ORIENTED_EDGE('',*,*,#3974,.F.);
#5148=ORIENTED_EDGE('',*,*,#3847,.F.);
#5149=ORIENTED_EDGE('',*,*,#3958,.F.);
#5150=ORIENTED_EDGE('',*,*,#3849,.F.);
#5151=ORIENTED_EDGE('',*,*,#3975,.F.);
#5152=ORIENTED_EDGE('',*,*,#3976,.F.);
#5153=ORIENTED_EDGE('',*,*,#3975,.T.);
#5154=ORIENTED_EDGE('',*,*,#3848,.F.);
#5155=ORIENTED_EDGE('',*,*,#3974,.T.);
#5156=ORIENTED_EDGE('',*,*,#3977,.T.);
#5157=ORIENTED_EDGE('',*,*,#3978,.T.);
#5158=ORIENTED_EDGE('',*,*,#3979,.T.);
#5159=ORIENTED_EDGE('',*,*,#3980,.T.);
#5160=ORIENTED_EDGE('',*,*,#3981,.T.);
#5161=ORIENTED_EDGE('',*,*,#3982,.F.);
#5162=ORIENTED_EDGE('',*,*,#3983,.F.);
#5163=ORIENTED_EDGE('',*,*,#3984,.F.);
#5164=ORIENTED_EDGE('',*,*,#3985,.T.);
#5165=ORIENTED_EDGE('',*,*,#3986,.F.);
#5166=ORIENTED_EDGE('',*,*,#3855,.F.);
#5167=ORIENTED_EDGE('',*,*,#3971,.F.);
#5168=ORIENTED_EDGE('',*,*,#3857,.F.);
#5169=ORIENTED_EDGE('',*,*,#3987,.F.);
#5170=ORIENTED_EDGE('',*,*,#3988,.F.);
#5171=ORIENTED_EDGE('',*,*,#3987,.T.);
#5172=ORIENTED_EDGE('',*,*,#3856,.F.);
#5173=ORIENTED_EDGE('',*,*,#3986,.T.);
#5174=ORIENTED_EDGE('',*,*,#3989,.T.);
#5175=ORIENTED_EDGE('',*,*,#3982,.T.);
#5176=ORIENTED_EDGE('',*,*,#3990,.T.);
#5177=ORIENTED_EDGE('',*,*,#3952,.T.);
#5178=ORIENTED_EDGE('',*,*,#3991,.T.);
#5179=ORIENTED_EDGE('',*,*,#3984,.T.);
#5180=ORIENTED_EDGE('',*,*,#3854,.F.);
#5181=ORIENTED_EDGE('',*,*,#3992,.F.);
#5182=ORIENTED_EDGE('',*,*,#3993,.F.);
#5183=ORIENTED_EDGE('',*,*,#3994,.F.);
#5184=ORIENTED_EDGE('',*,*,#3980,.F.);
#5185=ORIENTED_EDGE('',*,*,#3995,.F.);
#5186=ORIENTED_EDGE('',*,*,#3996,.F.);
#5187=ORIENTED_EDGE('',*,*,#3997,.F.);
#5188=ORIENTED_EDGE('',*,*,#3978,.F.);
#5189=ORIENTED_EDGE('',*,*,#3998,.F.);
#5190=ORIENTED_EDGE('',*,*,#3999,.F.);
#5191=ORIENTED_EDGE('',*,*,#4000,.F.);
#5192=ORIENTED_EDGE('',*,*,#3876,.F.);
#5193=ORIENTED_EDGE('',*,*,#4001,.F.);
#5194=ORIENTED_EDGE('',*,*,#4002,.F.);
#5195=ORIENTED_EDGE('',*,*,#4003,.F.);
#5196=ORIENTED_EDGE('',*,*,#3956,.F.);
#5197=ORIENTED_EDGE('',*,*,#4004,.F.);
#5198=ORIENTED_EDGE('',*,*,#4005,.F.);
#5199=ORIENTED_EDGE('',*,*,#4006,.F.);
#5200=ORIENTED_EDGE('',*,*,#3894,.F.);
#5201=ORIENTED_EDGE('',*,*,#4007,.F.);
#5202=ORIENTED_EDGE('',*,*,#4008,.F.);
#5203=ORIENTED_EDGE('',*,*,#4009,.F.);
#5204=ORIENTED_EDGE('',*,*,#3844,.F.);
#5205=ORIENTED_EDGE('',*,*,#4010,.F.);
#5206=ORIENTED_EDGE('',*,*,#4011,.F.);
#5207=ORIENTED_EDGE('',*,*,#4012,.F.);
#5208=ORIENTED_EDGE('',*,*,#3960,.F.);
#5209=ORIENTED_EDGE('',*,*,#4013,.F.);
#5210=ORIENTED_EDGE('',*,*,#4014,.F.);
#5211=ORIENTED_EDGE('',*,*,#4015,.F.);
#5212=ORIENTED_EDGE('',*,*,#3936,.F.);
#5213=ORIENTED_EDGE('',*,*,#4015,.T.);
#5214=ORIENTED_EDGE('',*,*,#4016,.F.);
#5215=ORIENTED_EDGE('',*,*,#4017,.F.);
#5216=ORIENTED_EDGE('',*,*,#3915,.F.);
#5217=ORIENTED_EDGE('',*,*,#3944,.T.);
#5218=ORIENTED_EDGE('',*,*,#3946,.F.);
#5219=ORIENTED_EDGE('',*,*,#3937,.F.);
#5220=ORIENTED_EDGE('',*,*,#4012,.T.);
#5221=ORIENTED_EDGE('',*,*,#4018,.F.);
#5222=ORIENTED_EDGE('',*,*,#4013,.T.);
#5223=ORIENTED_EDGE('',*,*,#3939,.T.);
#5224=ORIENTED_EDGE('',*,*,#3945,.F.);
#5225=ORIENTED_EDGE('',*,*,#3941,.F.);
#5226=ORIENTED_EDGE('',*,*,#3948,.F.);
#5227=ORIENTED_EDGE('',*,*,#3968,.T.);
#5228=ORIENTED_EDGE('',*,*,#3970,.F.);
#5229=ORIENTED_EDGE('',*,*,#3961,.F.);
#5230=ORIENTED_EDGE('',*,*,#3994,.T.);
#5231=ORIENTED_EDGE('',*,*,#4019,.F.);
#5232=ORIENTED_EDGE('',*,*,#4010,.T.);
#5233=ORIENTED_EDGE('',*,*,#3963,.T.);
#5234=ORIENTED_EDGE('',*,*,#3969,.F.);
#5235=ORIENTED_EDGE('',*,*,#3965,.F.);
#5236=ORIENTED_EDGE('',*,*,#3972,.F.);
#5237=ORIENTED_EDGE('',*,*,#3988,.T.);
#5238=ORIENTED_EDGE('',*,*,#3990,.F.);
#5239=ORIENTED_EDGE('',*,*,#3981,.F.);
#5240=ORIENTED_EDGE('',*,*,#4000,.T.);
#5241=ORIENTED_EDGE('',*,*,#4020,.F.);
#5242=ORIENTED_EDGE('',*,*,#4007,.T.);
#5243=ORIENTED_EDGE('',*,*,#3843,.F.);
#5244=ORIENTED_EDGE('',*,*,#3835,.F.);
#5245=ORIENTED_EDGE('',*,*,#3875,.F.);
#5246=ORIENTED_EDGE('',*,*,#3888,.T.);
#5247=ORIENTED_EDGE('',*,*,#3890,.F.);
#5248=ORIENTED_EDGE('',*,*,#3877,.F.);
#5249=ORIENTED_EDGE('',*,*,#4004,.T.);
#5250=ORIENTED_EDGE('',*,*,#3897,.T.);
#5251=ORIENTED_EDGE('',*,*,#3907,.F.);
#5252=ORIENTED_EDGE('',*,*,#3899,.F.);
#5253=ORIENTED_EDGE('',*,*,#3935,.F.);
#5254=ORIENTED_EDGE('',*,*,#4021,.T.);
#5255=ORIENTED_EDGE('',*,*,#4022,.F.);
#5256=ORIENTED_EDGE('',*,*,#3997,.T.);
#5257=ORIENTED_EDGE('',*,*,#4023,.F.);
#5258=ORIENTED_EDGE('',*,*,#4001,.T.);
#5259=ORIENTED_EDGE('',*,*,#3955,.F.);
#5260=ORIENTED_EDGE('',*,*,#3950,.F.);
#5261=ORIENTED_EDGE('',*,*,#3959,.F.);
#5262=ORIENTED_EDGE('',*,*,#3976,.T.);
#5263=ORIENTED_EDGE('',*,*,#3979,.F.);
#5264=ORIENTED_EDGE('',*,*,#3998,.T.);
#5265=ORIENTED_EDGE('',*,*,#3879,.T.);
#5266=ORIENTED_EDGE('',*,*,#3889,.F.);
#5267=ORIENTED_EDGE('',*,*,#3881,.F.);
#5268=ORIENTED_EDGE('',*,*,#3893,.F.);
#5269=ORIENTED_EDGE('',*,*,#3906,.T.);
#5270=ORIENTED_EDGE('',*,*,#3908,.F.);
#5271=ORIENTED_EDGE('',*,*,#3895,.F.);
#5272=ORIENTED_EDGE('',*,*,#4006,.T.);
#5273=ORIENTED_EDGE('',*,*,#4024,.F.);
#5274=ORIENTED_EDGE('',*,*,#3995,.T.);
#5275=ORIENTED_EDGE('',*,*,#3977,.F.);
#5276=ORIENTED_EDGE('',*,*,#3973,.F.);
#5277=ORIENTED_EDGE('',*,*,#3871,.F.);
#5278=ORIENTED_EDGE('',*,*,#3841,.T.);
#5279=ORIENTED_EDGE('',*,*,#3845,.F.);
#5280=ORIENTED_EDGE('',*,*,#4009,.T.);
#5281=ORIENTED_EDGE('',*,*,#4025,.F.);
#5282=ORIENTED_EDGE('',*,*,#4026,.F.);
#5283=ORIENTED_EDGE('',*,*,#4027,.F.);
#5284=ORIENTED_EDGE('',*,*,#4028,.F.);
#5285=ORIENTED_EDGE('',*,*,#3918,.F.);
#5286=ORIENTED_EDGE('',*,*,#4028,.T.);
#5287=ORIENTED_EDGE('',*,*,#4029,.F.);
#5288=ORIENTED_EDGE('',*,*,#4030,.T.);
#5289=ORIENTED_EDGE('',*,*,#3919,.F.);
#5290=ORIENTED_EDGE('',*,*,#4030,.F.);
#5291=ORIENTED_EDGE('',*,*,#4031,.F.);
#5292=ORIENTED_EDGE('',*,*,#4032,.F.);
#5293=ORIENTED_EDGE('',*,*,#3920,.F.);
#5294=ORIENTED_EDGE('',*,*,#4032,.T.);
#5295=ORIENTED_EDGE('',*,*,#4033,.F.);
#5296=ORIENTED_EDGE('',*,*,#4034,.T.);
#5297=ORIENTED_EDGE('',*,*,#3921,.F.);
#5298=ORIENTED_EDGE('',*,*,#4034,.F.);
#5299=ORIENTED_EDGE('',*,*,#4035,.F.);
#5300=ORIENTED_EDGE('',*,*,#4036,.F.);
#5301=ORIENTED_EDGE('',*,*,#3922,.F.);
#5302=ORIENTED_EDGE('',*,*,#4036,.T.);
#5303=ORIENTED_EDGE('',*,*,#4037,.F.);
#5304=ORIENTED_EDGE('',*,*,#4038,.T.);
#5305=ORIENTED_EDGE('',*,*,#3923,.F.);
#5306=ORIENTED_EDGE('',*,*,#4038,.F.);
#5307=ORIENTED_EDGE('',*,*,#4039,.F.);
#5308=ORIENTED_EDGE('',*,*,#4040,.F.);
#5309=ORIENTED_EDGE('',*,*,#3924,.F.);
#5310=ORIENTED_EDGE('',*,*,#4040,.T.);
#5311=ORIENTED_EDGE('',*,*,#4041,.F.);
#5312=ORIENTED_EDGE('',*,*,#4042,.T.);
#5313=ORIENTED_EDGE('',*,*,#3925,.F.);
#5314=ORIENTED_EDGE('',*,*,#4042,.F.);
#5315=ORIENTED_EDGE('',*,*,#4043,.F.);
#5316=ORIENTED_EDGE('',*,*,#4044,.F.);
#5317=ORIENTED_EDGE('',*,*,#3926,.F.);
#5318=ORIENTED_EDGE('',*,*,#4044,.T.);
#5319=ORIENTED_EDGE('',*,*,#4045,.F.);
#5320=ORIENTED_EDGE('',*,*,#4046,.T.);
#5321=ORIENTED_EDGE('',*,*,#3927,.F.);
#5322=ORIENTED_EDGE('',*,*,#4046,.F.);
#5323=ORIENTED_EDGE('',*,*,#4047,.F.);
#5324=ORIENTED_EDGE('',*,*,#4048,.F.);
#5325=ORIENTED_EDGE('',*,*,#3928,.F.);
#5326=ORIENTED_EDGE('',*,*,#4048,.T.);
#5327=ORIENTED_EDGE('',*,*,#4049,.F.);
#5328=ORIENTED_EDGE('',*,*,#4050,.T.);
#5329=ORIENTED_EDGE('',*,*,#3929,.F.);
#5330=ORIENTED_EDGE('',*,*,#4051,.F.);
#5331=ORIENTED_EDGE('',*,*,#4052,.F.);
#5332=ORIENTED_EDGE('',*,*,#3930,.F.);
#5333=ORIENTED_EDGE('',*,*,#4050,.F.);
#5334=ORIENTED_EDGE('',*,*,#4052,.T.);
#5335=ORIENTED_EDGE('',*,*,#4053,.F.);
#5336=ORIENTED_EDGE('',*,*,#4054,.T.);
#5337=ORIENTED_EDGE('',*,*,#3931,.F.);
#5338=ORIENTED_EDGE('',*,*,#3993,.T.);
#5339=ORIENTED_EDGE('',*,*,#4055,.T.);
#5340=ORIENTED_EDGE('',*,*,#4002,.T.);
#5341=ORIENTED_EDGE('',*,*,#4023,.T.);
#5342=ORIENTED_EDGE('',*,*,#3996,.T.);
#5343=ORIENTED_EDGE('',*,*,#4025,.T.);
#5344=ORIENTED_EDGE('',*,*,#4008,.T.);
#5345=ORIENTED_EDGE('',*,*,#4020,.T.);
#5346=ORIENTED_EDGE('',*,*,#3999,.T.);
#5347=ORIENTED_EDGE('',*,*,#4024,.T.);
#5348=ORIENTED_EDGE('',*,*,#4005,.T.);
#5349=ORIENTED_EDGE('',*,*,#4022,.T.);
#5350=ORIENTED_EDGE('',*,*,#4056,.T.);
#5351=ORIENTED_EDGE('',*,*,#4057,.T.);
#5352=ORIENTED_EDGE('',*,*,#4058,.T.);
#5353=ORIENTED_EDGE('',*,*,#4053,.T.);
#5354=ORIENTED_EDGE('',*,*,#4051,.T.);
#5355=ORIENTED_EDGE('',*,*,#4049,.T.);
#5356=ORIENTED_EDGE('',*,*,#4047,.T.);
#5357=ORIENTED_EDGE('',*,*,#4045,.T.);
#5358=ORIENTED_EDGE('',*,*,#4043,.T.);
#5359=ORIENTED_EDGE('',*,*,#4041,.T.);
#5360=ORIENTED_EDGE('',*,*,#4039,.T.);
#5361=ORIENTED_EDGE('',*,*,#4037,.T.);
#5362=ORIENTED_EDGE('',*,*,#4035,.T.);
#5363=ORIENTED_EDGE('',*,*,#4033,.T.);
#5364=ORIENTED_EDGE('',*,*,#4031,.T.);
#5365=ORIENTED_EDGE('',*,*,#4029,.T.);
#5366=ORIENTED_EDGE('',*,*,#4027,.T.);
#5367=ORIENTED_EDGE('',*,*,#4059,.T.);
#5368=ORIENTED_EDGE('',*,*,#4060,.T.);
#5369=ORIENTED_EDGE('',*,*,#4016,.T.);
#5370=ORIENTED_EDGE('',*,*,#4014,.T.);
#5371=ORIENTED_EDGE('',*,*,#4018,.T.);
#5372=ORIENTED_EDGE('',*,*,#4011,.T.);
#5373=ORIENTED_EDGE('',*,*,#4019,.T.);
#5374=ORIENTED_EDGE('',*,*,#4058,.F.);
#5375=ORIENTED_EDGE('',*,*,#4061,.F.);
#5376=ORIENTED_EDGE('',*,*,#3932,.F.);
#5377=ORIENTED_EDGE('',*,*,#4054,.F.);
#5378=ORIENTED_EDGE('',*,*,#4061,.T.);
#5379=ORIENTED_EDGE('',*,*,#4057,.F.);
#5380=ORIENTED_EDGE('',*,*,#4062,.F.);
#5381=ORIENTED_EDGE('',*,*,#3933,.F.);
#5382=ORIENTED_EDGE('',*,*,#3992,.T.);
#5383=ORIENTED_EDGE('',*,*,#3983,.T.);
#5384=ORIENTED_EDGE('',*,*,#3989,.F.);
#5385=ORIENTED_EDGE('',*,*,#3985,.F.);
#5386=ORIENTED_EDGE('',*,*,#3991,.F.);
#5387=ORIENTED_EDGE('',*,*,#3954,.T.);
#5388=ORIENTED_EDGE('',*,*,#3957,.F.);
#5389=ORIENTED_EDGE('',*,*,#4003,.T.);
#5390=ORIENTED_EDGE('',*,*,#4055,.F.);
#5391=ORIENTED_EDGE('',*,*,#4062,.T.);
#5392=ORIENTED_EDGE('',*,*,#4056,.F.);
#5393=ORIENTED_EDGE('',*,*,#4021,.F.);
#5394=ORIENTED_EDGE('',*,*,#3934,.F.);
#5395=ORIENTED_EDGE('',*,*,#4026,.T.);
#5396=ORIENTED_EDGE('',*,*,#3917,.F.);
#5397=ORIENTED_EDGE('',*,*,#4063,.T.);
#5398=ORIENTED_EDGE('',*,*,#4059,.F.);
#5399=ORIENTED_EDGE('',*,*,#4017,.T.);
#5400=ORIENTED_EDGE('',*,*,#4060,.F.);
#5401=ORIENTED_EDGE('',*,*,#4063,.F.);
#5402=ORIENTED_EDGE('',*,*,#3916,.F.);
#5403=ORIENTED_EDGE('',*,*,#3911,.T.);
#5404=ORIENTED_EDGE('',*,*,#4064,.F.);
#5405=ORIENTED_EDGE('',*,*,#4065,.F.);
#5406=ORIENTED_EDGE('',*,*,#4066,.T.);
#5407=ORIENTED_EDGE('',*,*,#4067,.T.);
#5408=ORIENTED_EDGE('',*,*,#4068,.F.);
#5409=ORIENTED_EDGE('',*,*,#4068,.T.);
#5410=ORIENTED_EDGE('',*,*,#4069,.T.);
#5411=ORIENTED_EDGE('',*,*,#4067,.F.);
#5412=ORIENTED_EDGE('',*,*,#4070,.T.);
#5413=ORIENTED_EDGE('',*,*,#4071,.F.);
#5414=ORIENTED_EDGE('',*,*,#4070,.F.);
#5415=ORIENTED_EDGE('',*,*,#4069,.F.);
#5416=ORIENTED_EDGE('',*,*,#4072,.F.);
#5417=ORIENTED_EDGE('',*,*,#4073,.T.);
#5418=ORIENTED_EDGE('',*,*,#4074,.F.);
#5419=ORIENTED_EDGE('',*,*,#4073,.F.);
#5420=ORIENTED_EDGE('',*,*,#4075,.F.);
#5421=ORIENTED_EDGE('',*,*,#4076,.T.);
#5422=ORIENTED_EDGE('',*,*,#4077,.F.);
#5423=ORIENTED_EDGE('',*,*,#4076,.F.);
#5424=ORIENTED_EDGE('',*,*,#4075,.T.);
#5425=ORIENTED_EDGE('',*,*,#4072,.T.);
#5426=ORIENTED_EDGE('',*,*,#4078,.F.);
#5427=ORIENTED_EDGE('',*,*,#4079,.F.);
#5428=ORIENTED_EDGE('',*,*,#4080,.F.);
#5429=ORIENTED_EDGE('',*,*,#4081,.F.);
#5430=ORIENTED_EDGE('',*,*,#4077,.T.);
#5431=ORIENTED_EDGE('',*,*,#4082,.F.);
#5432=ORIENTED_EDGE('',*,*,#4083,.T.);
#5433=ORIENTED_EDGE('',*,*,#4084,.F.);
#5434=ORIENTED_EDGE('',*,*,#4083,.F.);
#5435=ORIENTED_EDGE('',*,*,#4085,.F.);
#5436=ORIENTED_EDGE('',*,*,#4086,.T.);
#5437=ORIENTED_EDGE('',*,*,#4087,.F.);
#5438=ORIENTED_EDGE('',*,*,#4086,.F.);
#5439=ORIENTED_EDGE('',*,*,#4085,.T.);
#5440=ORIENTED_EDGE('',*,*,#4082,.T.);
#5441=ORIENTED_EDGE('',*,*,#4088,.F.);
#5442=ORIENTED_EDGE('',*,*,#4089,.F.);
#5443=ORIENTED_EDGE('',*,*,#4090,.F.);
#5444=ORIENTED_EDGE('',*,*,#4091,.F.);
#5445=ORIENTED_EDGE('',*,*,#4092,.F.);
#5446=ORIENTED_EDGE('',*,*,#4093,.F.);
#5447=ORIENTED_EDGE('',*,*,#4094,.T.);
#5448=ORIENTED_EDGE('',*,*,#4095,.T.);
#5449=ORIENTED_EDGE('',*,*,#4096,.T.);
#5450=ORIENTED_EDGE('',*,*,#4097,.T.);
#5451=ORIENTED_EDGE('',*,*,#4098,.T.);
#5452=ORIENTED_EDGE('',*,*,#4099,.T.);
#5453=ORIENTED_EDGE('',*,*,#4100,.T.);
#5454=ORIENTED_EDGE('',*,*,#4101,.T.);
#5455=ORIENTED_EDGE('',*,*,#4102,.T.);
#5456=ORIENTED_EDGE('',*,*,#4103,.T.);
#5457=ORIENTED_EDGE('',*,*,#4104,.T.);
#5458=ORIENTED_EDGE('',*,*,#4105,.T.);
#5459=ORIENTED_EDGE('',*,*,#4106,.T.);
#5460=ORIENTED_EDGE('',*,*,#4107,.T.);
#5461=ORIENTED_EDGE('',*,*,#4108,.T.);
#5462=ORIENTED_EDGE('',*,*,#4109,.T.);
#5463=ORIENTED_EDGE('',*,*,#4110,.T.);
#5464=ORIENTED_EDGE('',*,*,#4111,.T.);
#5465=ORIENTED_EDGE('',*,*,#4112,.T.);
#5466=ORIENTED_EDGE('',*,*,#4113,.T.);
#5467=ORIENTED_EDGE('',*,*,#4114,.T.);
#5468=ORIENTED_EDGE('',*,*,#4115,.T.);
#5469=ORIENTED_EDGE('',*,*,#4116,.T.);
#5470=ORIENTED_EDGE('',*,*,#4117,.T.);
#5471=ORIENTED_EDGE('',*,*,#4118,.T.);
#5472=ORIENTED_EDGE('',*,*,#4119,.T.);
#5473=ORIENTED_EDGE('',*,*,#4120,.T.);
#5474=ORIENTED_EDGE('',*,*,#4121,.T.);
#5475=ORIENTED_EDGE('',*,*,#4122,.T.);
#5476=ORIENTED_EDGE('',*,*,#4123,.T.);
#5477=ORIENTED_EDGE('',*,*,#4124,.T.);
#5478=ORIENTED_EDGE('',*,*,#4125,.T.);
#5479=ORIENTED_EDGE('',*,*,#4126,.T.);
#5480=ORIENTED_EDGE('',*,*,#4127,.T.);
#5481=ORIENTED_EDGE('',*,*,#4128,.T.);
#5482=ORIENTED_EDGE('',*,*,#4129,.T.);
#5483=ORIENTED_EDGE('',*,*,#4130,.T.);
#5484=ORIENTED_EDGE('',*,*,#4131,.T.);
#5485=ORIENTED_EDGE('',*,*,#4132,.T.);
#5486=ORIENTED_EDGE('',*,*,#4133,.T.);
#5487=ORIENTED_EDGE('',*,*,#4134,.T.);
#5488=ORIENTED_EDGE('',*,*,#4135,.T.);
#5489=ORIENTED_EDGE('',*,*,#4136,.T.);
#5490=ORIENTED_EDGE('',*,*,#4137,.T.);
#5491=ORIENTED_EDGE('',*,*,#4138,.T.);
#5492=ORIENTED_EDGE('',*,*,#4139,.T.);
#5493=ORIENTED_EDGE('',*,*,#4140,.T.);
#5494=ORIENTED_EDGE('',*,*,#4141,.T.);
#5495=ORIENTED_EDGE('',*,*,#4142,.T.);
#5496=ORIENTED_EDGE('',*,*,#4143,.T.);
#5497=ORIENTED_EDGE('',*,*,#4144,.T.);
#5498=ORIENTED_EDGE('',*,*,#4145,.T.);
#5499=ORIENTED_EDGE('',*,*,#4146,.T.);
#5500=ORIENTED_EDGE('',*,*,#4147,.T.);
#5501=ORIENTED_EDGE('',*,*,#4148,.T.);
#5502=ORIENTED_EDGE('',*,*,#4149,.T.);
#5503=ORIENTED_EDGE('',*,*,#4150,.T.);
#5504=ORIENTED_EDGE('',*,*,#4151,.T.);
#5505=ORIENTED_EDGE('',*,*,#4152,.T.);
#5506=ORIENTED_EDGE('',*,*,#4153,.T.);
#5507=ORIENTED_EDGE('',*,*,#4154,.T.);
#5508=ORIENTED_EDGE('',*,*,#4155,.T.);
#5509=ORIENTED_EDGE('',*,*,#4156,.T.);
#5510=ORIENTED_EDGE('',*,*,#4157,.T.);
#5511=ORIENTED_EDGE('',*,*,#4158,.T.);
#5512=ORIENTED_EDGE('',*,*,#4159,.T.);
#5513=ORIENTED_EDGE('',*,*,#4160,.T.);
#5514=ORIENTED_EDGE('',*,*,#4161,.T.);
#5515=ORIENTED_EDGE('',*,*,#4162,.T.);
#5516=ORIENTED_EDGE('',*,*,#4163,.T.);
#5517=ORIENTED_EDGE('',*,*,#4164,.T.);
#5518=ORIENTED_EDGE('',*,*,#4165,.T.);
#5519=ORIENTED_EDGE('',*,*,#4166,.T.);
#5520=ORIENTED_EDGE('',*,*,#4167,.T.);
#5521=ORIENTED_EDGE('',*,*,#4168,.T.);
#5522=ORIENTED_EDGE('',*,*,#4169,.T.);
#5523=ORIENTED_EDGE('',*,*,#4170,.T.);
#5524=ORIENTED_EDGE('',*,*,#4171,.T.);
#5525=ORIENTED_EDGE('',*,*,#4172,.T.);
#5526=ORIENTED_EDGE('',*,*,#4173,.T.);
#5527=ORIENTED_EDGE('',*,*,#4174,.T.);
#5528=ORIENTED_EDGE('',*,*,#4175,.T.);
#5529=ORIENTED_EDGE('',*,*,#4176,.T.);
#5530=ORIENTED_EDGE('',*,*,#4177,.T.);
#5531=ORIENTED_EDGE('',*,*,#4178,.T.);
#5532=ORIENTED_EDGE('',*,*,#4179,.T.);
#5533=ORIENTED_EDGE('',*,*,#4180,.T.);
#5534=ORIENTED_EDGE('',*,*,#4181,.T.);
#5535=ORIENTED_EDGE('',*,*,#4182,.T.);
#5536=ORIENTED_EDGE('',*,*,#4183,.T.);
#5537=ORIENTED_EDGE('',*,*,#4184,.T.);
#5538=ORIENTED_EDGE('',*,*,#4185,.T.);
#5539=ORIENTED_EDGE('',*,*,#4186,.T.);
#5540=ORIENTED_EDGE('',*,*,#4187,.T.);
#5541=ORIENTED_EDGE('',*,*,#4188,.T.);
#5542=ORIENTED_EDGE('',*,*,#4189,.T.);
#5543=ORIENTED_EDGE('',*,*,#4190,.T.);
#5544=ORIENTED_EDGE('',*,*,#4191,.T.);
#5545=ORIENTED_EDGE('',*,*,#4192,.T.);
#5546=ORIENTED_EDGE('',*,*,#4193,.T.);
#5547=ORIENTED_EDGE('',*,*,#4194,.T.);
#5548=ORIENTED_EDGE('',*,*,#4195,.T.);
#5549=ORIENTED_EDGE('',*,*,#4196,.T.);
#5550=ORIENTED_EDGE('',*,*,#4197,.T.);
#5551=ORIENTED_EDGE('',*,*,#4198,.T.);
#5552=ORIENTED_EDGE('',*,*,#4199,.T.);
#5553=ORIENTED_EDGE('',*,*,#4200,.T.);
#5554=ORIENTED_EDGE('',*,*,#4201,.T.);
#5555=ORIENTED_EDGE('',*,*,#4202,.T.);
#5556=ORIENTED_EDGE('',*,*,#4203,.T.);
#5557=ORIENTED_EDGE('',*,*,#4204,.T.);
#5558=ORIENTED_EDGE('',*,*,#4205,.T.);
#5559=ORIENTED_EDGE('',*,*,#4206,.T.);
#5560=ORIENTED_EDGE('',*,*,#4207,.T.);
#5561=ORIENTED_EDGE('',*,*,#4208,.T.);
#5562=ORIENTED_EDGE('',*,*,#4209,.T.);
#5563=ORIENTED_EDGE('',*,*,#4210,.T.);
#5564=ORIENTED_EDGE('',*,*,#4211,.T.);
#5565=ORIENTED_EDGE('',*,*,#4212,.T.);
#5566=ORIENTED_EDGE('',*,*,#4213,.T.);
#5567=ORIENTED_EDGE('',*,*,#4214,.T.);
#5568=ORIENTED_EDGE('',*,*,#4215,.T.);
#5569=ORIENTED_EDGE('',*,*,#4216,.T.);
#5570=ORIENTED_EDGE('',*,*,#4217,.T.);
#5571=ORIENTED_EDGE('',*,*,#4218,.T.);
#5572=ORIENTED_EDGE('',*,*,#4219,.T.);
#5573=ORIENTED_EDGE('',*,*,#4220,.T.);
#5574=ORIENTED_EDGE('',*,*,#4221,.T.);
#5575=ORIENTED_EDGE('',*,*,#4222,.T.);
#5576=ORIENTED_EDGE('',*,*,#4223,.T.);
#5577=ORIENTED_EDGE('',*,*,#4224,.T.);
#5578=ORIENTED_EDGE('',*,*,#4225,.T.);
#5579=ORIENTED_EDGE('',*,*,#4226,.T.);
#5580=ORIENTED_EDGE('',*,*,#4227,.T.);
#5581=ORIENTED_EDGE('',*,*,#4228,.T.);
#5582=ORIENTED_EDGE('',*,*,#4229,.T.);
#5583=ORIENTED_EDGE('',*,*,#4230,.T.);
#5584=ORIENTED_EDGE('',*,*,#4231,.T.);
#5585=ORIENTED_EDGE('',*,*,#4232,.T.);
#5586=ORIENTED_EDGE('',*,*,#4233,.T.);
#5587=ORIENTED_EDGE('',*,*,#4234,.T.);
#5588=ORIENTED_EDGE('',*,*,#4235,.T.);
#5589=ORIENTED_EDGE('',*,*,#4236,.T.);
#5590=ORIENTED_EDGE('',*,*,#4237,.T.);
#5591=ORIENTED_EDGE('',*,*,#4238,.T.);
#5592=ORIENTED_EDGE('',*,*,#4239,.T.);
#5593=ORIENTED_EDGE('',*,*,#4240,.T.);
#5594=ORIENTED_EDGE('',*,*,#4241,.T.);
#5595=ORIENTED_EDGE('',*,*,#4242,.T.);
#5596=ORIENTED_EDGE('',*,*,#4243,.T.);
#5597=ORIENTED_EDGE('',*,*,#4244,.T.);
#5598=ORIENTED_EDGE('',*,*,#4245,.T.);
#5599=ORIENTED_EDGE('',*,*,#4246,.T.);
#5600=ORIENTED_EDGE('',*,*,#4247,.T.);
#5601=ORIENTED_EDGE('',*,*,#4248,.T.);
#5602=ORIENTED_EDGE('',*,*,#4249,.T.);
#5603=ORIENTED_EDGE('',*,*,#4250,.T.);
#5604=ORIENTED_EDGE('',*,*,#4251,.T.);
#5605=ORIENTED_EDGE('',*,*,#4252,.T.);
#5606=ORIENTED_EDGE('',*,*,#4253,.T.);
#5607=ORIENTED_EDGE('',*,*,#4254,.T.);
#5608=ORIENTED_EDGE('',*,*,#4255,.T.);
#5609=ORIENTED_EDGE('',*,*,#4256,.T.);
#5610=ORIENTED_EDGE('',*,*,#4257,.T.);
#5611=ORIENTED_EDGE('',*,*,#4258,.T.);
#5612=ORIENTED_EDGE('',*,*,#4259,.T.);
#5613=ORIENTED_EDGE('',*,*,#4260,.T.);
#5614=ORIENTED_EDGE('',*,*,#4261,.T.);
#5615=ORIENTED_EDGE('',*,*,#4262,.T.);
#5616=ORIENTED_EDGE('',*,*,#4263,.T.);
#5617=ORIENTED_EDGE('',*,*,#4264,.T.);
#5618=ORIENTED_EDGE('',*,*,#4265,.T.);
#5619=ORIENTED_EDGE('',*,*,#4266,.T.);
#5620=ORIENTED_EDGE('',*,*,#4267,.T.);
#5621=ORIENTED_EDGE('',*,*,#4087,.T.);
#5622=ORIENTED_EDGE('',*,*,#4268,.F.);
#5623=ORIENTED_EDGE('',*,*,#4269,.T.);
#5624=ORIENTED_EDGE('',*,*,#4270,.F.);
#5625=ORIENTED_EDGE('',*,*,#4271,.F.);
#5626=ORIENTED_EDGE('',*,*,#4272,.F.);
#5627=ORIENTED_EDGE('',*,*,#4271,.T.);
#5628=ORIENTED_EDGE('',*,*,#4273,.F.);
#5629=ORIENTED_EDGE('',*,*,#4274,.F.);
#5630=ORIENTED_EDGE('',*,*,#4275,.F.);
#5631=ORIENTED_EDGE('',*,*,#4274,.T.);
#5632=ORIENTED_EDGE('',*,*,#4276,.F.);
#5633=ORIENTED_EDGE('',*,*,#4277,.F.);
#5634=ORIENTED_EDGE('',*,*,#4278,.F.);
#5635=ORIENTED_EDGE('',*,*,#4277,.T.);
#5636=ORIENTED_EDGE('',*,*,#4279,.F.);
#5637=ORIENTED_EDGE('',*,*,#4269,.F.);
#5638=ORIENTED_EDGE('',*,*,#4280,.F.);
#5639=ORIENTED_EDGE('',*,*,#4281,.T.);
#5640=ORIENTED_EDGE('',*,*,#4282,.F.);
#5641=ORIENTED_EDGE('',*,*,#4283,.F.);
#5642=ORIENTED_EDGE('',*,*,#4284,.F.);
#5643=ORIENTED_EDGE('',*,*,#4283,.T.);
#5644=ORIENTED_EDGE('',*,*,#4285,.F.);
#5645=ORIENTED_EDGE('',*,*,#4286,.F.);
#5646=ORIENTED_EDGE('',*,*,#4287,.F.);
#5647=ORIENTED_EDGE('',*,*,#4286,.T.);
#5648=ORIENTED_EDGE('',*,*,#4288,.F.);
#5649=ORIENTED_EDGE('',*,*,#4289,.F.);
#5650=ORIENTED_EDGE('',*,*,#4290,.F.);
#5651=ORIENTED_EDGE('',*,*,#4289,.T.);
#5652=ORIENTED_EDGE('',*,*,#4291,.F.);
#5653=ORIENTED_EDGE('',*,*,#4292,.F.);
#5654=ORIENTED_EDGE('',*,*,#4293,.F.);
#5655=ORIENTED_EDGE('',*,*,#4292,.T.);
#5656=ORIENTED_EDGE('',*,*,#4294,.F.);
#5657=ORIENTED_EDGE('',*,*,#4295,.F.);
#5658=ORIENTED_EDGE('',*,*,#4296,.F.);
#5659=ORIENTED_EDGE('',*,*,#4295,.T.);
#5660=ORIENTED_EDGE('',*,*,#4297,.F.);
#5661=ORIENTED_EDGE('',*,*,#4298,.F.);
#5662=ORIENTED_EDGE('',*,*,#4299,.F.);
#5663=ORIENTED_EDGE('',*,*,#4298,.T.);
#5664=ORIENTED_EDGE('',*,*,#4300,.F.);
#5665=ORIENTED_EDGE('',*,*,#4281,.F.);
#5666=ORIENTED_EDGE('',*,*,#4300,.T.);
#5667=ORIENTED_EDGE('',*,*,#4297,.T.);
#5668=ORIENTED_EDGE('',*,*,#4294,.T.);
#5669=ORIENTED_EDGE('',*,*,#4291,.T.);
#5670=ORIENTED_EDGE('',*,*,#4288,.T.);
#5671=ORIENTED_EDGE('',*,*,#4285,.T.);
#5672=ORIENTED_EDGE('',*,*,#4282,.T.);
#5673=ORIENTED_EDGE('',*,*,#4279,.T.);
#5674=ORIENTED_EDGE('',*,*,#4276,.T.);
#5675=ORIENTED_EDGE('',*,*,#4273,.T.);
#5676=ORIENTED_EDGE('',*,*,#4270,.T.);
#5677=ORIENTED_EDGE('',*,*,#4084,.T.);
#5678=ORIENTED_EDGE('',*,*,#4301,.T.);
#5679=ORIENTED_EDGE('',*,*,#4302,.T.);
#5680=ORIENTED_EDGE('',*,*,#4303,.T.);
#5681=ORIENTED_EDGE('',*,*,#4304,.T.);
#5682=ORIENTED_EDGE('',*,*,#4305,.T.);
#5683=ORIENTED_EDGE('',*,*,#4306,.T.);
#5684=ORIENTED_EDGE('',*,*,#4307,.T.);
#5685=ORIENTED_EDGE('',*,*,#4308,.T.);
#5686=ORIENTED_EDGE('',*,*,#4280,.T.);
#5687=ORIENTED_EDGE('',*,*,#4284,.T.);
#5688=ORIENTED_EDGE('',*,*,#4287,.T.);
#5689=ORIENTED_EDGE('',*,*,#4290,.T.);
#5690=ORIENTED_EDGE('',*,*,#4293,.T.);
#5691=ORIENTED_EDGE('',*,*,#4296,.T.);
#5692=ORIENTED_EDGE('',*,*,#4299,.T.);
#5693=ORIENTED_EDGE('',*,*,#4305,.F.);
#5694=ORIENTED_EDGE('',*,*,#4309,.T.);
#5695=ORIENTED_EDGE('',*,*,#4310,.F.);
#5696=ORIENTED_EDGE('',*,*,#4311,.F.);
#5697=ORIENTED_EDGE('',*,*,#4306,.F.);
#5698=ORIENTED_EDGE('',*,*,#4311,.T.);
#5699=ORIENTED_EDGE('',*,*,#4312,.F.);
#5700=ORIENTED_EDGE('',*,*,#4313,.F.);
#5701=ORIENTED_EDGE('',*,*,#4307,.F.);
#5702=ORIENTED_EDGE('',*,*,#4313,.T.);
#5703=ORIENTED_EDGE('',*,*,#4314,.F.);
#5704=ORIENTED_EDGE('',*,*,#4315,.F.);
#5705=ORIENTED_EDGE('',*,*,#4308,.F.);
#5706=ORIENTED_EDGE('',*,*,#4315,.T.);
#5707=ORIENTED_EDGE('',*,*,#4316,.F.);
#5708=ORIENTED_EDGE('',*,*,#4309,.F.);
#5709=ORIENTED_EDGE('',*,*,#4316,.T.);
#5710=ORIENTED_EDGE('',*,*,#4314,.T.);
#5711=ORIENTED_EDGE('',*,*,#4312,.T.);
#5712=ORIENTED_EDGE('',*,*,#4310,.T.);
#5713=ORIENTED_EDGE('',*,*,#4301,.F.);
#5714=ORIENTED_EDGE('',*,*,#4317,.T.);
#5715=ORIENTED_EDGE('',*,*,#4318,.F.);
#5716=ORIENTED_EDGE('',*,*,#4319,.F.);
#5717=ORIENTED_EDGE('',*,*,#4302,.F.);
#5718=ORIENTED_EDGE('',*,*,#4319,.T.);
#5719=ORIENTED_EDGE('',*,*,#4320,.F.);
#5720=ORIENTED_EDGE('',*,*,#4321,.F.);
#5721=ORIENTED_EDGE('',*,*,#4303,.F.);
#5722=ORIENTED_EDGE('',*,*,#4321,.T.);
#5723=ORIENTED_EDGE('',*,*,#4322,.F.);
#5724=ORIENTED_EDGE('',*,*,#4323,.F.);
#5725=ORIENTED_EDGE('',*,*,#4304,.F.);
#5726=ORIENTED_EDGE('',*,*,#4323,.T.);
#5727=ORIENTED_EDGE('',*,*,#4324,.F.);
#5728=ORIENTED_EDGE('',*,*,#4317,.F.);
#5729=ORIENTED_EDGE('',*,*,#4324,.T.);
#5730=ORIENTED_EDGE('',*,*,#4322,.T.);
#5731=ORIENTED_EDGE('',*,*,#4320,.T.);
#5732=ORIENTED_EDGE('',*,*,#4318,.T.);
#5733=ORIENTED_EDGE('',*,*,#4325,.F.);
#5734=ORIENTED_EDGE('',*,*,#4326,.T.);
#5735=ORIENTED_EDGE('',*,*,#4327,.F.);
#5736=ORIENTED_EDGE('',*,*,#4328,.F.);
#5737=ORIENTED_EDGE('',*,*,#4329,.F.);
#5738=ORIENTED_EDGE('',*,*,#4328,.T.);
#5739=ORIENTED_EDGE('',*,*,#4330,.F.);
#5740=ORIENTED_EDGE('',*,*,#4331,.F.);
#5741=ORIENTED_EDGE('',*,*,#4332,.F.);
#5742=ORIENTED_EDGE('',*,*,#4331,.T.);
#5743=ORIENTED_EDGE('',*,*,#4333,.F.);
#5744=ORIENTED_EDGE('',*,*,#4334,.F.);
#5745=ORIENTED_EDGE('',*,*,#4335,.F.);
#5746=ORIENTED_EDGE('',*,*,#4334,.T.);
#5747=ORIENTED_EDGE('',*,*,#4336,.F.);
#5748=ORIENTED_EDGE('',*,*,#4337,.F.);
#5749=ORIENTED_EDGE('',*,*,#4338,.F.);
#5750=ORIENTED_EDGE('',*,*,#4337,.T.);
#5751=ORIENTED_EDGE('',*,*,#4339,.F.);
#5752=ORIENTED_EDGE('',*,*,#4340,.F.);
#5753=ORIENTED_EDGE('',*,*,#4341,.F.);
#5754=ORIENTED_EDGE('',*,*,#4340,.T.);
#5755=ORIENTED_EDGE('',*,*,#4342,.F.);
#5756=ORIENTED_EDGE('',*,*,#4343,.F.);
#5757=ORIENTED_EDGE('',*,*,#4344,.F.);
#5758=ORIENTED_EDGE('',*,*,#4343,.T.);
#5759=ORIENTED_EDGE('',*,*,#4345,.F.);
#5760=ORIENTED_EDGE('',*,*,#4346,.F.);
#5761=ORIENTED_EDGE('',*,*,#4347,.F.);
#5762=ORIENTED_EDGE('',*,*,#4346,.T.);
#5763=ORIENTED_EDGE('',*,*,#4348,.F.);
#5764=ORIENTED_EDGE('',*,*,#4349,.F.);
#5765=ORIENTED_EDGE('',*,*,#4350,.F.);
#5766=ORIENTED_EDGE('',*,*,#4349,.T.);
#5767=ORIENTED_EDGE('',*,*,#4351,.F.);
#5768=ORIENTED_EDGE('',*,*,#4326,.F.);
#5769=ORIENTED_EDGE('',*,*,#4250,.F.);
#5770=ORIENTED_EDGE('',*,*,#4352,.T.);
#5771=ORIENTED_EDGE('',*,*,#4353,.F.);
#5772=ORIENTED_EDGE('',*,*,#4354,.F.);
#5773=ORIENTED_EDGE('',*,*,#4251,.F.);
#5774=ORIENTED_EDGE('',*,*,#4354,.T.);
#5775=ORIENTED_EDGE('',*,*,#4355,.F.);
#5776=ORIENTED_EDGE('',*,*,#4356,.F.);
#5777=ORIENTED_EDGE('',*,*,#4252,.F.);
#5778=ORIENTED_EDGE('',*,*,#4356,.T.);
#5779=ORIENTED_EDGE('',*,*,#4357,.F.);
#5780=ORIENTED_EDGE('',*,*,#4358,.F.);
#5781=ORIENTED_EDGE('',*,*,#4253,.F.);
#5782=ORIENTED_EDGE('',*,*,#4358,.T.);
#5783=ORIENTED_EDGE('',*,*,#4359,.F.);
#5784=ORIENTED_EDGE('',*,*,#4360,.F.);
#5785=ORIENTED_EDGE('',*,*,#4254,.F.);
#5786=ORIENTED_EDGE('',*,*,#4360,.T.);
#5787=ORIENTED_EDGE('',*,*,#4361,.F.);
#5788=ORIENTED_EDGE('',*,*,#4362,.F.);
#5789=ORIENTED_EDGE('',*,*,#4255,.F.);
#5790=ORIENTED_EDGE('',*,*,#4362,.T.);
#5791=ORIENTED_EDGE('',*,*,#4363,.F.);
#5792=ORIENTED_EDGE('',*,*,#4364,.F.);
#5793=ORIENTED_EDGE('',*,*,#4256,.F.);
#5794=ORIENTED_EDGE('',*,*,#4364,.T.);
#5795=ORIENTED_EDGE('',*,*,#4365,.F.);
#5796=ORIENTED_EDGE('',*,*,#4366,.F.);
#5797=ORIENTED_EDGE('',*,*,#4257,.F.);
#5798=ORIENTED_EDGE('',*,*,#4366,.T.);
#5799=ORIENTED_EDGE('',*,*,#4367,.F.);
#5800=ORIENTED_EDGE('',*,*,#4368,.F.);
#5801=ORIENTED_EDGE('',*,*,#4258,.F.);
#5802=ORIENTED_EDGE('',*,*,#4368,.T.);
#5803=ORIENTED_EDGE('',*,*,#4369,.F.);
#5804=ORIENTED_EDGE('',*,*,#4370,.F.);
#5805=ORIENTED_EDGE('',*,*,#4259,.F.);
#5806=ORIENTED_EDGE('',*,*,#4370,.T.);
#5807=ORIENTED_EDGE('',*,*,#4371,.F.);
#5808=ORIENTED_EDGE('',*,*,#4372,.F.);
#5809=ORIENTED_EDGE('',*,*,#4260,.F.);
#5810=ORIENTED_EDGE('',*,*,#4372,.T.);
#5811=ORIENTED_EDGE('',*,*,#4373,.F.);
#5812=ORIENTED_EDGE('',*,*,#4374,.F.);
#5813=ORIENTED_EDGE('',*,*,#4261,.F.);
#5814=ORIENTED_EDGE('',*,*,#4374,.T.);
#5815=ORIENTED_EDGE('',*,*,#4375,.F.);
#5816=ORIENTED_EDGE('',*,*,#4376,.F.);
#5817=ORIENTED_EDGE('',*,*,#4262,.F.);
#5818=ORIENTED_EDGE('',*,*,#4376,.T.);
#5819=ORIENTED_EDGE('',*,*,#4377,.F.);
#5820=ORIENTED_EDGE('',*,*,#4378,.F.);
#5821=ORIENTED_EDGE('',*,*,#4263,.F.);
#5822=ORIENTED_EDGE('',*,*,#4378,.T.);
#5823=ORIENTED_EDGE('',*,*,#4379,.F.);
#5824=ORIENTED_EDGE('',*,*,#4380,.F.);
#5825=ORIENTED_EDGE('',*,*,#4264,.F.);
#5826=ORIENTED_EDGE('',*,*,#4380,.T.);
#5827=ORIENTED_EDGE('',*,*,#4381,.F.);
#5828=ORIENTED_EDGE('',*,*,#4382,.F.);
#5829=ORIENTED_EDGE('',*,*,#4265,.F.);
#5830=ORIENTED_EDGE('',*,*,#4382,.T.);
#5831=ORIENTED_EDGE('',*,*,#4383,.F.);
#5832=ORIENTED_EDGE('',*,*,#4384,.F.);
#5833=ORIENTED_EDGE('',*,*,#4266,.F.);
#5834=ORIENTED_EDGE('',*,*,#4384,.T.);
#5835=ORIENTED_EDGE('',*,*,#4385,.F.);
#5836=ORIENTED_EDGE('',*,*,#4386,.F.);
#5837=ORIENTED_EDGE('',*,*,#4267,.F.);
#5838=ORIENTED_EDGE('',*,*,#4386,.T.);
#5839=ORIENTED_EDGE('',*,*,#4387,.F.);
#5840=ORIENTED_EDGE('',*,*,#4352,.F.);
#5841=ORIENTED_EDGE('',*,*,#4387,.T.);
#5842=ORIENTED_EDGE('',*,*,#4385,.T.);
#5843=ORIENTED_EDGE('',*,*,#4383,.T.);
#5844=ORIENTED_EDGE('',*,*,#4381,.T.);
#5845=ORIENTED_EDGE('',*,*,#4379,.T.);
#5846=ORIENTED_EDGE('',*,*,#4377,.T.);
#5847=ORIENTED_EDGE('',*,*,#4375,.T.);
#5848=ORIENTED_EDGE('',*,*,#4373,.T.);
#5849=ORIENTED_EDGE('',*,*,#4371,.T.);
#5850=ORIENTED_EDGE('',*,*,#4369,.T.);
#5851=ORIENTED_EDGE('',*,*,#4367,.T.);
#5852=ORIENTED_EDGE('',*,*,#4365,.T.);
#5853=ORIENTED_EDGE('',*,*,#4363,.T.);
#5854=ORIENTED_EDGE('',*,*,#4361,.T.);
#5855=ORIENTED_EDGE('',*,*,#4359,.T.);
#5856=ORIENTED_EDGE('',*,*,#4357,.T.);
#5857=ORIENTED_EDGE('',*,*,#4355,.T.);
#5858=ORIENTED_EDGE('',*,*,#4353,.T.);
#5859=ORIENTED_EDGE('',*,*,#4351,.T.);
#5860=ORIENTED_EDGE('',*,*,#4348,.T.);
#5861=ORIENTED_EDGE('',*,*,#4345,.T.);
#5862=ORIENTED_EDGE('',*,*,#4342,.T.);
#5863=ORIENTED_EDGE('',*,*,#4339,.T.);
#5864=ORIENTED_EDGE('',*,*,#4336,.T.);
#5865=ORIENTED_EDGE('',*,*,#4333,.T.);
#5866=ORIENTED_EDGE('',*,*,#4330,.T.);
#5867=ORIENTED_EDGE('',*,*,#4327,.T.);
#5868=ORIENTED_EDGE('',*,*,#4268,.T.);
#5869=ORIENTED_EDGE('',*,*,#4272,.T.);
#5870=ORIENTED_EDGE('',*,*,#4275,.T.);
#5871=ORIENTED_EDGE('',*,*,#4278,.T.);
#5872=ORIENTED_EDGE('',*,*,#4242,.F.);
#5873=ORIENTED_EDGE('',*,*,#4388,.T.);
#5874=ORIENTED_EDGE('',*,*,#4389,.F.);
#5875=ORIENTED_EDGE('',*,*,#4390,.F.);
#5876=ORIENTED_EDGE('',*,*,#4243,.F.);
#5877=ORIENTED_EDGE('',*,*,#4390,.T.);
#5878=ORIENTED_EDGE('',*,*,#4391,.F.);
#5879=ORIENTED_EDGE('',*,*,#4392,.F.);
#5880=ORIENTED_EDGE('',*,*,#4244,.F.);
#5881=ORIENTED_EDGE('',*,*,#4392,.T.);
#5882=ORIENTED_EDGE('',*,*,#4393,.F.);
#5883=ORIENTED_EDGE('',*,*,#4394,.F.);
#5884=ORIENTED_EDGE('',*,*,#4245,.F.);
#5885=ORIENTED_EDGE('',*,*,#4394,.T.);
#5886=ORIENTED_EDGE('',*,*,#4395,.F.);
#5887=ORIENTED_EDGE('',*,*,#4396,.F.);
#5888=ORIENTED_EDGE('',*,*,#4246,.F.);
#5889=ORIENTED_EDGE('',*,*,#4396,.T.);
#5890=ORIENTED_EDGE('',*,*,#4397,.F.);
#5891=ORIENTED_EDGE('',*,*,#4398,.F.);
#5892=ORIENTED_EDGE('',*,*,#4247,.F.);
#5893=ORIENTED_EDGE('',*,*,#4398,.T.);
#5894=ORIENTED_EDGE('',*,*,#4399,.F.);
#5895=ORIENTED_EDGE('',*,*,#4400,.F.);
#5896=ORIENTED_EDGE('',*,*,#4248,.F.);
#5897=ORIENTED_EDGE('',*,*,#4400,.T.);
#5898=ORIENTED_EDGE('',*,*,#4401,.F.);
#5899=ORIENTED_EDGE('',*,*,#4402,.F.);
#5900=ORIENTED_EDGE('',*,*,#4249,.F.);
#5901=ORIENTED_EDGE('',*,*,#4402,.T.);
#5902=ORIENTED_EDGE('',*,*,#4403,.F.);
#5903=ORIENTED_EDGE('',*,*,#4388,.F.);
#5904=ORIENTED_EDGE('',*,*,#4403,.T.);
#5905=ORIENTED_EDGE('',*,*,#4401,.T.);
#5906=ORIENTED_EDGE('',*,*,#4399,.T.);
#5907=ORIENTED_EDGE('',*,*,#4397,.T.);
#5908=ORIENTED_EDGE('',*,*,#4395,.T.);
#5909=ORIENTED_EDGE('',*,*,#4393,.T.);
#5910=ORIENTED_EDGE('',*,*,#4391,.T.);
#5911=ORIENTED_EDGE('',*,*,#4389,.T.);
#5912=ORIENTED_EDGE('',*,*,#4404,.F.);
#5913=ORIENTED_EDGE('',*,*,#4405,.T.);
#5914=ORIENTED_EDGE('',*,*,#4406,.F.);
#5915=ORIENTED_EDGE('',*,*,#4407,.F.);
#5916=ORIENTED_EDGE('',*,*,#4408,.F.);
#5917=ORIENTED_EDGE('',*,*,#4407,.T.);
#5918=ORIENTED_EDGE('',*,*,#4409,.F.);
#5919=ORIENTED_EDGE('',*,*,#4410,.F.);
#5920=ORIENTED_EDGE('',*,*,#4411,.F.);
#5921=ORIENTED_EDGE('',*,*,#4410,.T.);
#5922=ORIENTED_EDGE('',*,*,#4412,.F.);
#5923=ORIENTED_EDGE('',*,*,#4413,.F.);
#5924=ORIENTED_EDGE('',*,*,#4414,.F.);
#5925=ORIENTED_EDGE('',*,*,#4413,.T.);
#5926=ORIENTED_EDGE('',*,*,#4415,.F.);
#5927=ORIENTED_EDGE('',*,*,#4416,.F.);
#5928=ORIENTED_EDGE('',*,*,#4417,.F.);
#5929=ORIENTED_EDGE('',*,*,#4416,.T.);
#5930=ORIENTED_EDGE('',*,*,#4418,.F.);
#5931=ORIENTED_EDGE('',*,*,#4419,.F.);
#5932=ORIENTED_EDGE('',*,*,#4420,.F.);
#5933=ORIENTED_EDGE('',*,*,#4419,.T.);
#5934=ORIENTED_EDGE('',*,*,#4421,.F.);
#5935=ORIENTED_EDGE('',*,*,#4422,.F.);
#5936=ORIENTED_EDGE('',*,*,#4423,.F.);
#5937=ORIENTED_EDGE('',*,*,#4422,.T.);
#5938=ORIENTED_EDGE('',*,*,#4424,.F.);
#5939=ORIENTED_EDGE('',*,*,#4425,.F.);
#5940=ORIENTED_EDGE('',*,*,#4426,.F.);
#5941=ORIENTED_EDGE('',*,*,#4425,.T.);
#5942=ORIENTED_EDGE('',*,*,#4427,.F.);
#5943=ORIENTED_EDGE('',*,*,#4428,.F.);
#5944=ORIENTED_EDGE('',*,*,#4429,.F.);
#5945=ORIENTED_EDGE('',*,*,#4428,.T.);
#5946=ORIENTED_EDGE('',*,*,#4430,.F.);
#5947=ORIENTED_EDGE('',*,*,#4431,.F.);
#5948=ORIENTED_EDGE('',*,*,#4432,.F.);
#5949=ORIENTED_EDGE('',*,*,#4431,.T.);
#5950=ORIENTED_EDGE('',*,*,#4433,.F.);
#5951=ORIENTED_EDGE('',*,*,#4434,.F.);
#5952=ORIENTED_EDGE('',*,*,#4435,.F.);
#5953=ORIENTED_EDGE('',*,*,#4434,.T.);
#5954=ORIENTED_EDGE('',*,*,#4436,.F.);
#5955=ORIENTED_EDGE('',*,*,#4437,.F.);
#5956=ORIENTED_EDGE('',*,*,#4438,.F.);
#5957=ORIENTED_EDGE('',*,*,#4437,.T.);
#5958=ORIENTED_EDGE('',*,*,#4439,.F.);
#5959=ORIENTED_EDGE('',*,*,#4405,.F.);
#5960=ORIENTED_EDGE('',*,*,#4094,.F.);
#5961=ORIENTED_EDGE('',*,*,#4440,.T.);
#5962=ORIENTED_EDGE('',*,*,#4441,.F.);
#5963=ORIENTED_EDGE('',*,*,#4442,.F.);
#5964=ORIENTED_EDGE('',*,*,#4095,.F.);
#5965=ORIENTED_EDGE('',*,*,#4442,.T.);
#5966=ORIENTED_EDGE('',*,*,#4443,.F.);
#5967=ORIENTED_EDGE('',*,*,#4444,.F.);
#5968=ORIENTED_EDGE('',*,*,#4096,.F.);
#5969=ORIENTED_EDGE('',*,*,#4444,.T.);
#5970=ORIENTED_EDGE('',*,*,#4445,.F.);
#5971=ORIENTED_EDGE('',*,*,#4446,.F.);
#5972=ORIENTED_EDGE('',*,*,#4097,.F.);
#5973=ORIENTED_EDGE('',*,*,#4446,.T.);
#5974=ORIENTED_EDGE('',*,*,#4447,.F.);
#5975=ORIENTED_EDGE('',*,*,#4448,.F.);
#5976=ORIENTED_EDGE('',*,*,#4098,.F.);
#5977=ORIENTED_EDGE('',*,*,#4448,.T.);
#5978=ORIENTED_EDGE('',*,*,#4449,.F.);
#5979=ORIENTED_EDGE('',*,*,#4450,.F.);
#5980=ORIENTED_EDGE('',*,*,#4099,.F.);
#5981=ORIENTED_EDGE('',*,*,#4450,.T.);
#5982=ORIENTED_EDGE('',*,*,#4451,.F.);
#5983=ORIENTED_EDGE('',*,*,#4452,.F.);
#5984=ORIENTED_EDGE('',*,*,#4100,.F.);
#5985=ORIENTED_EDGE('',*,*,#4452,.T.);
#5986=ORIENTED_EDGE('',*,*,#4453,.F.);
#5987=ORIENTED_EDGE('',*,*,#4454,.F.);
#5988=ORIENTED_EDGE('',*,*,#4101,.F.);
#5989=ORIENTED_EDGE('',*,*,#4454,.T.);
#5990=ORIENTED_EDGE('',*,*,#4455,.F.);
#5991=ORIENTED_EDGE('',*,*,#4440,.F.);
#5992=ORIENTED_EDGE('',*,*,#4455,.T.);
#5993=ORIENTED_EDGE('',*,*,#4453,.T.);
#5994=ORIENTED_EDGE('',*,*,#4451,.T.);
#5995=ORIENTED_EDGE('',*,*,#4449,.T.);
#5996=ORIENTED_EDGE('',*,*,#4447,.T.);
#5997=ORIENTED_EDGE('',*,*,#4445,.T.);
#5998=ORIENTED_EDGE('',*,*,#4443,.T.);
#5999=ORIENTED_EDGE('',*,*,#4441,.T.);
#6000=ORIENTED_EDGE('',*,*,#4439,.T.);
#6001=ORIENTED_EDGE('',*,*,#4436,.T.);
#6002=ORIENTED_EDGE('',*,*,#4433,.T.);
#6003=ORIENTED_EDGE('',*,*,#4430,.T.);
#6004=ORIENTED_EDGE('',*,*,#4427,.T.);
#6005=ORIENTED_EDGE('',*,*,#4424,.T.);
#6006=ORIENTED_EDGE('',*,*,#4421,.T.);
#6007=ORIENTED_EDGE('',*,*,#4418,.T.);
#6008=ORIENTED_EDGE('',*,*,#4415,.T.);
#6009=ORIENTED_EDGE('',*,*,#4412,.T.);
#6010=ORIENTED_EDGE('',*,*,#4409,.T.);
#6011=ORIENTED_EDGE('',*,*,#4406,.T.);
#6012=ORIENTED_EDGE('',*,*,#4325,.T.);
#6013=ORIENTED_EDGE('',*,*,#4329,.T.);
#6014=ORIENTED_EDGE('',*,*,#4332,.T.);
#6015=ORIENTED_EDGE('',*,*,#4335,.T.);
#6016=ORIENTED_EDGE('',*,*,#4338,.T.);
#6017=ORIENTED_EDGE('',*,*,#4341,.T.);
#6018=ORIENTED_EDGE('',*,*,#4344,.T.);
#6019=ORIENTED_EDGE('',*,*,#4347,.T.);
#6020=ORIENTED_EDGE('',*,*,#4350,.T.);
#6021=ORIENTED_EDGE('',*,*,#4102,.F.);
#6022=ORIENTED_EDGE('',*,*,#4456,.T.);
#6023=ORIENTED_EDGE('',*,*,#4457,.F.);
#6024=ORIENTED_EDGE('',*,*,#4458,.F.);
#6025=ORIENTED_EDGE('',*,*,#4103,.F.);
#6026=ORIENTED_EDGE('',*,*,#4458,.T.);
#6027=ORIENTED_EDGE('',*,*,#4459,.F.);
#6028=ORIENTED_EDGE('',*,*,#4460,.F.);
#6029=ORIENTED_EDGE('',*,*,#4104,.F.);
#6030=ORIENTED_EDGE('',*,*,#4460,.T.);
#6031=ORIENTED_EDGE('',*,*,#4461,.F.);
#6032=ORIENTED_EDGE('',*,*,#4462,.F.);
#6033=ORIENTED_EDGE('',*,*,#4105,.F.);
#6034=ORIENTED_EDGE('',*,*,#4462,.T.);
#6035=ORIENTED_EDGE('',*,*,#4463,.F.);
#6036=ORIENTED_EDGE('',*,*,#4456,.F.);
#6037=ORIENTED_EDGE('',*,*,#4463,.T.);
#6038=ORIENTED_EDGE('',*,*,#4461,.T.);
#6039=ORIENTED_EDGE('',*,*,#4459,.T.);
#6040=ORIENTED_EDGE('',*,*,#4457,.T.);
#6041=ORIENTED_EDGE('',*,*,#4464,.F.);
#6042=ORIENTED_EDGE('',*,*,#4465,.T.);
#6043=ORIENTED_EDGE('',*,*,#4466,.F.);
#6044=ORIENTED_EDGE('',*,*,#4467,.F.);
#6045=ORIENTED_EDGE('',*,*,#4468,.F.);
#6046=ORIENTED_EDGE('',*,*,#4467,.T.);
#6047=ORIENTED_EDGE('',*,*,#4469,.F.);
#6048=ORIENTED_EDGE('',*,*,#4470,.F.);
#6049=ORIENTED_EDGE('',*,*,#4471,.F.);
#6050=ORIENTED_EDGE('',*,*,#4470,.T.);
#6051=ORIENTED_EDGE('',*,*,#4472,.F.);
#6052=ORIENTED_EDGE('',*,*,#4473,.F.);
#6053=ORIENTED_EDGE('',*,*,#4474,.F.);
#6054=ORIENTED_EDGE('',*,*,#4473,.T.);
#6055=ORIENTED_EDGE('',*,*,#4475,.F.);
#6056=ORIENTED_EDGE('',*,*,#4476,.F.);
#6057=ORIENTED_EDGE('',*,*,#4477,.F.);
#6058=ORIENTED_EDGE('',*,*,#4476,.T.);
#6059=ORIENTED_EDGE('',*,*,#4478,.F.);
#6060=ORIENTED_EDGE('',*,*,#4479,.F.);
#6061=ORIENTED_EDGE('',*,*,#4480,.F.);
#6062=ORIENTED_EDGE('',*,*,#4479,.T.);
#6063=ORIENTED_EDGE('',*,*,#4481,.F.);
#6064=ORIENTED_EDGE('',*,*,#4482,.F.);
#6065=ORIENTED_EDGE('',*,*,#4483,.F.);
#6066=ORIENTED_EDGE('',*,*,#4482,.T.);
#6067=ORIENTED_EDGE('',*,*,#4484,.F.);
#6068=ORIENTED_EDGE('',*,*,#4485,.F.);
#6069=ORIENTED_EDGE('',*,*,#4486,.F.);
#6070=ORIENTED_EDGE('',*,*,#4485,.T.);
#6071=ORIENTED_EDGE('',*,*,#4487,.F.);
#6072=ORIENTED_EDGE('',*,*,#4488,.F.);
#6073=ORIENTED_EDGE('',*,*,#4489,.F.);
#6074=ORIENTED_EDGE('',*,*,#4488,.T.);
#6075=ORIENTED_EDGE('',*,*,#4490,.F.);
#6076=ORIENTED_EDGE('',*,*,#4465,.F.);
#6077=ORIENTED_EDGE('',*,*,#4217,.F.);
#6078=ORIENTED_EDGE('',*,*,#4491,.T.);
#6079=ORIENTED_EDGE('',*,*,#4492,.F.);
#6080=ORIENTED_EDGE('',*,*,#4493,.F.);
#6081=ORIENTED_EDGE('',*,*,#4218,.F.);
#6082=ORIENTED_EDGE('',*,*,#4493,.T.);
#6083=ORIENTED_EDGE('',*,*,#4494,.F.);
#6084=ORIENTED_EDGE('',*,*,#4495,.F.);
#6085=ORIENTED_EDGE('',*,*,#4219,.F.);
#6086=ORIENTED_EDGE('',*,*,#4495,.T.);
#6087=ORIENTED_EDGE('',*,*,#4496,.F.);
#6088=ORIENTED_EDGE('',*,*,#4497,.F.);
#6089=ORIENTED_EDGE('',*,*,#4220,.F.);
#6090=ORIENTED_EDGE('',*,*,#4497,.T.);
#6091=ORIENTED_EDGE('',*,*,#4498,.F.);
#6092=ORIENTED_EDGE('',*,*,#4499,.F.);
#6093=ORIENTED_EDGE('',*,*,#4221,.F.);
#6094=ORIENTED_EDGE('',*,*,#4499,.T.);
#6095=ORIENTED_EDGE('',*,*,#4500,.F.);
#6096=ORIENTED_EDGE('',*,*,#4501,.F.);
#6097=ORIENTED_EDGE('',*,*,#4222,.F.);
#6098=ORIENTED_EDGE('',*,*,#4501,.T.);
#6099=ORIENTED_EDGE('',*,*,#4502,.F.);
#6100=ORIENTED_EDGE('',*,*,#4503,.F.);
#6101=ORIENTED_EDGE('',*,*,#4223,.F.);
#6102=ORIENTED_EDGE('',*,*,#4503,.T.);
#6103=ORIENTED_EDGE('',*,*,#4504,.F.);
#6104=ORIENTED_EDGE('',*,*,#4505,.F.);
#6105=ORIENTED_EDGE('',*,*,#4224,.F.);
#6106=ORIENTED_EDGE('',*,*,#4505,.T.);
#6107=ORIENTED_EDGE('',*,*,#4506,.F.);
#6108=ORIENTED_EDGE('',*,*,#4507,.F.);
#6109=ORIENTED_EDGE('',*,*,#4225,.F.);
#6110=ORIENTED_EDGE('',*,*,#4507,.T.);
#6111=ORIENTED_EDGE('',*,*,#4508,.F.);
#6112=ORIENTED_EDGE('',*,*,#4509,.F.);
#6113=ORIENTED_EDGE('',*,*,#4226,.F.);
#6114=ORIENTED_EDGE('',*,*,#4509,.T.);
#6115=ORIENTED_EDGE('',*,*,#4510,.F.);
#6116=ORIENTED_EDGE('',*,*,#4511,.F.);
#6117=ORIENTED_EDGE('',*,*,#4227,.F.);
#6118=ORIENTED_EDGE('',*,*,#4511,.T.);
#6119=ORIENTED_EDGE('',*,*,#4512,.F.);
#6120=ORIENTED_EDGE('',*,*,#4513,.F.);
#6121=ORIENTED_EDGE('',*,*,#4228,.F.);
#6122=ORIENTED_EDGE('',*,*,#4513,.T.);
#6123=ORIENTED_EDGE('',*,*,#4514,.F.);
#6124=ORIENTED_EDGE('',*,*,#4515,.F.);
#6125=ORIENTED_EDGE('',*,*,#4229,.F.);
#6126=ORIENTED_EDGE('',*,*,#4515,.T.);
#6127=ORIENTED_EDGE('',*,*,#4516,.F.);
#6128=ORIENTED_EDGE('',*,*,#4517,.F.);
#6129=ORIENTED_EDGE('',*,*,#4230,.F.);
#6130=ORIENTED_EDGE('',*,*,#4517,.T.);
#6131=ORIENTED_EDGE('',*,*,#4518,.F.);
#6132=ORIENTED_EDGE('',*,*,#4519,.F.);
#6133=ORIENTED_EDGE('',*,*,#4231,.F.);
#6134=ORIENTED_EDGE('',*,*,#4519,.T.);
#6135=ORIENTED_EDGE('',*,*,#4520,.F.);
#6136=ORIENTED_EDGE('',*,*,#4521,.F.);
#6137=ORIENTED_EDGE('',*,*,#4232,.F.);
#6138=ORIENTED_EDGE('',*,*,#4521,.T.);
#6139=ORIENTED_EDGE('',*,*,#4522,.F.);
#6140=ORIENTED_EDGE('',*,*,#4523,.F.);
#6141=ORIENTED_EDGE('',*,*,#4233,.F.);
#6142=ORIENTED_EDGE('',*,*,#4523,.T.);
#6143=ORIENTED_EDGE('',*,*,#4524,.F.);
#6144=ORIENTED_EDGE('',*,*,#4525,.F.);
#6145=ORIENTED_EDGE('',*,*,#4234,.F.);
#6146=ORIENTED_EDGE('',*,*,#4525,.T.);
#6147=ORIENTED_EDGE('',*,*,#4526,.F.);
#6148=ORIENTED_EDGE('',*,*,#4527,.F.);
#6149=ORIENTED_EDGE('',*,*,#4235,.F.);
#6150=ORIENTED_EDGE('',*,*,#4527,.T.);
#6151=ORIENTED_EDGE('',*,*,#4528,.F.);
#6152=ORIENTED_EDGE('',*,*,#4529,.F.);
#6153=ORIENTED_EDGE('',*,*,#4236,.F.);
#6154=ORIENTED_EDGE('',*,*,#4529,.T.);
#6155=ORIENTED_EDGE('',*,*,#4530,.F.);
#6156=ORIENTED_EDGE('',*,*,#4531,.F.);
#6157=ORIENTED_EDGE('',*,*,#4237,.F.);
#6158=ORIENTED_EDGE('',*,*,#4531,.T.);
#6159=ORIENTED_EDGE('',*,*,#4532,.F.);
#6160=ORIENTED_EDGE('',*,*,#4533,.F.);
#6161=ORIENTED_EDGE('',*,*,#4238,.F.);
#6162=ORIENTED_EDGE('',*,*,#4533,.T.);
#6163=ORIENTED_EDGE('',*,*,#4534,.F.);
#6164=ORIENTED_EDGE('',*,*,#4535,.F.);
#6165=ORIENTED_EDGE('',*,*,#4239,.F.);
#6166=ORIENTED_EDGE('',*,*,#4535,.T.);
#6167=ORIENTED_EDGE('',*,*,#4536,.F.);
#6168=ORIENTED_EDGE('',*,*,#4537,.F.);
#6169=ORIENTED_EDGE('',*,*,#4240,.F.);
#6170=ORIENTED_EDGE('',*,*,#4537,.T.);
#6171=ORIENTED_EDGE('',*,*,#4538,.F.);
#6172=ORIENTED_EDGE('',*,*,#4539,.F.);
#6173=ORIENTED_EDGE('',*,*,#4241,.F.);
#6174=ORIENTED_EDGE('',*,*,#4539,.T.);
#6175=ORIENTED_EDGE('',*,*,#4540,.F.);
#6176=ORIENTED_EDGE('',*,*,#4491,.F.);
#6177=ORIENTED_EDGE('',*,*,#4540,.T.);
#6178=ORIENTED_EDGE('',*,*,#4538,.T.);
#6179=ORIENTED_EDGE('',*,*,#4536,.T.);
#6180=ORIENTED_EDGE('',*,*,#4534,.T.);
#6181=ORIENTED_EDGE('',*,*,#4532,.T.);
#6182=ORIENTED_EDGE('',*,*,#4530,.T.);
#6183=ORIENTED_EDGE('',*,*,#4528,.T.);
#6184=ORIENTED_EDGE('',*,*,#4526,.T.);
#6185=ORIENTED_EDGE('',*,*,#4524,.T.);
#6186=ORIENTED_EDGE('',*,*,#4522,.T.);
#6187=ORIENTED_EDGE('',*,*,#4520,.T.);
#6188=ORIENTED_EDGE('',*,*,#4518,.T.);
#6189=ORIENTED_EDGE('',*,*,#4516,.T.);
#6190=ORIENTED_EDGE('',*,*,#4514,.T.);
#6191=ORIENTED_EDGE('',*,*,#4512,.T.);
#6192=ORIENTED_EDGE('',*,*,#4510,.T.);
#6193=ORIENTED_EDGE('',*,*,#4508,.T.);
#6194=ORIENTED_EDGE('',*,*,#4506,.T.);
#6195=ORIENTED_EDGE('',*,*,#4504,.T.);
#6196=ORIENTED_EDGE('',*,*,#4502,.T.);
#6197=ORIENTED_EDGE('',*,*,#4500,.T.);
#6198=ORIENTED_EDGE('',*,*,#4498,.T.);
#6199=ORIENTED_EDGE('',*,*,#4496,.T.);
#6200=ORIENTED_EDGE('',*,*,#4494,.T.);
#6201=ORIENTED_EDGE('',*,*,#4492,.T.);
#6202=ORIENTED_EDGE('',*,*,#4490,.T.);
#6203=ORIENTED_EDGE('',*,*,#4487,.T.);
#6204=ORIENTED_EDGE('',*,*,#4484,.T.);
#6205=ORIENTED_EDGE('',*,*,#4481,.T.);
#6206=ORIENTED_EDGE('',*,*,#4478,.T.);
#6207=ORIENTED_EDGE('',*,*,#4475,.T.);
#6208=ORIENTED_EDGE('',*,*,#4472,.T.);
#6209=ORIENTED_EDGE('',*,*,#4469,.T.);
#6210=ORIENTED_EDGE('',*,*,#4466,.T.);
#6211=ORIENTED_EDGE('',*,*,#4404,.T.);
#6212=ORIENTED_EDGE('',*,*,#4408,.T.);
#6213=ORIENTED_EDGE('',*,*,#4411,.T.);
#6214=ORIENTED_EDGE('',*,*,#4414,.T.);
#6215=ORIENTED_EDGE('',*,*,#4417,.T.);
#6216=ORIENTED_EDGE('',*,*,#4420,.T.);
#6217=ORIENTED_EDGE('',*,*,#4423,.T.);
#6218=ORIENTED_EDGE('',*,*,#4426,.T.);
#6219=ORIENTED_EDGE('',*,*,#4429,.T.);
#6220=ORIENTED_EDGE('',*,*,#4432,.T.);
#6221=ORIENTED_EDGE('',*,*,#4435,.T.);
#6222=ORIENTED_EDGE('',*,*,#4438,.T.);
#6223=ORIENTED_EDGE('',*,*,#4541,.F.);
#6224=ORIENTED_EDGE('',*,*,#4542,.T.);
#6225=ORIENTED_EDGE('',*,*,#4543,.F.);
#6226=ORIENTED_EDGE('',*,*,#4544,.F.);
#6227=ORIENTED_EDGE('',*,*,#4545,.F.);
#6228=ORIENTED_EDGE('',*,*,#4544,.T.);
#6229=ORIENTED_EDGE('',*,*,#4546,.F.);
#6230=ORIENTED_EDGE('',*,*,#4547,.F.);
#6231=ORIENTED_EDGE('',*,*,#4548,.F.);
#6232=ORIENTED_EDGE('',*,*,#4547,.T.);
#6233=ORIENTED_EDGE('',*,*,#4549,.F.);
#6234=ORIENTED_EDGE('',*,*,#4542,.F.);
#6235=ORIENTED_EDGE('',*,*,#4106,.F.);
#6236=ORIENTED_EDGE('',*,*,#4550,.T.);
#6237=ORIENTED_EDGE('',*,*,#4551,.F.);
#6238=ORIENTED_EDGE('',*,*,#4552,.F.);
#6239=ORIENTED_EDGE('',*,*,#4107,.F.);
#6240=ORIENTED_EDGE('',*,*,#4552,.T.);
#6241=ORIENTED_EDGE('',*,*,#4553,.F.);
#6242=ORIENTED_EDGE('',*,*,#4554,.F.);
#6243=ORIENTED_EDGE('',*,*,#4108,.F.);
#6244=ORIENTED_EDGE('',*,*,#4554,.T.);
#6245=ORIENTED_EDGE('',*,*,#4555,.F.);
#6246=ORIENTED_EDGE('',*,*,#4556,.F.);
#6247=ORIENTED_EDGE('',*,*,#4109,.F.);
#6248=ORIENTED_EDGE('',*,*,#4556,.T.);
#6249=ORIENTED_EDGE('',*,*,#4557,.F.);
#6250=ORIENTED_EDGE('',*,*,#4558,.F.);
#6251=ORIENTED_EDGE('',*,*,#4110,.F.);
#6252=ORIENTED_EDGE('',*,*,#4558,.T.);
#6253=ORIENTED_EDGE('',*,*,#4559,.F.);
#6254=ORIENTED_EDGE('',*,*,#4560,.F.);
#6255=ORIENTED_EDGE('',*,*,#4111,.F.);
#6256=ORIENTED_EDGE('',*,*,#4560,.T.);
#6257=ORIENTED_EDGE('',*,*,#4561,.F.);
#6258=ORIENTED_EDGE('',*,*,#4562,.F.);
#6259=ORIENTED_EDGE('',*,*,#4112,.F.);
#6260=ORIENTED_EDGE('',*,*,#4562,.T.);
#6261=ORIENTED_EDGE('',*,*,#4563,.F.);
#6262=ORIENTED_EDGE('',*,*,#4564,.F.);
#6263=ORIENTED_EDGE('',*,*,#4113,.F.);
#6264=ORIENTED_EDGE('',*,*,#4564,.T.);
#6265=ORIENTED_EDGE('',*,*,#4565,.F.);
#6266=ORIENTED_EDGE('',*,*,#4550,.F.);
#6267=ORIENTED_EDGE('',*,*,#4565,.T.);
#6268=ORIENTED_EDGE('',*,*,#4563,.T.);
#6269=ORIENTED_EDGE('',*,*,#4561,.T.);
#6270=ORIENTED_EDGE('',*,*,#4559,.T.);
#6271=ORIENTED_EDGE('',*,*,#4557,.T.);
#6272=ORIENTED_EDGE('',*,*,#4555,.T.);
#6273=ORIENTED_EDGE('',*,*,#4553,.T.);
#6274=ORIENTED_EDGE('',*,*,#4551,.T.);
#6275=ORIENTED_EDGE('',*,*,#4549,.T.);
#6276=ORIENTED_EDGE('',*,*,#4546,.T.);
#6277=ORIENTED_EDGE('',*,*,#4543,.T.);
#6278=ORIENTED_EDGE('',*,*,#4464,.T.);
#6279=ORIENTED_EDGE('',*,*,#4468,.T.);
#6280=ORIENTED_EDGE('',*,*,#4471,.T.);
#6281=ORIENTED_EDGE('',*,*,#4474,.T.);
#6282=ORIENTED_EDGE('',*,*,#4477,.T.);
#6283=ORIENTED_EDGE('',*,*,#4480,.T.);
#6284=ORIENTED_EDGE('',*,*,#4483,.T.);
#6285=ORIENTED_EDGE('',*,*,#4486,.T.);
#6286=ORIENTED_EDGE('',*,*,#4489,.T.);
#6287=ORIENTED_EDGE('',*,*,#4114,.F.);
#6288=ORIENTED_EDGE('',*,*,#4566,.T.);
#6289=ORIENTED_EDGE('',*,*,#4567,.F.);
#6290=ORIENTED_EDGE('',*,*,#4568,.F.);
#6291=ORIENTED_EDGE('',*,*,#4115,.F.);
#6292=ORIENTED_EDGE('',*,*,#4568,.T.);
#6293=ORIENTED_EDGE('',*,*,#4569,.F.);
#6294=ORIENTED_EDGE('',*,*,#4570,.F.);
#6295=ORIENTED_EDGE('',*,*,#4116,.F.);
#6296=ORIENTED_EDGE('',*,*,#4570,.T.);
#6297=ORIENTED_EDGE('',*,*,#4571,.F.);
#6298=ORIENTED_EDGE('',*,*,#4572,.F.);
#6299=ORIENTED_EDGE('',*,*,#4117,.F.);
#6300=ORIENTED_EDGE('',*,*,#4572,.T.);
#6301=ORIENTED_EDGE('',*,*,#4573,.F.);
#6302=ORIENTED_EDGE('',*,*,#4574,.F.);
#6303=ORIENTED_EDGE('',*,*,#4118,.F.);
#6304=ORIENTED_EDGE('',*,*,#4574,.T.);
#6305=ORIENTED_EDGE('',*,*,#4575,.F.);
#6306=ORIENTED_EDGE('',*,*,#4576,.F.);
#6307=ORIENTED_EDGE('',*,*,#4119,.F.);
#6308=ORIENTED_EDGE('',*,*,#4576,.T.);
#6309=ORIENTED_EDGE('',*,*,#4577,.F.);
#6310=ORIENTED_EDGE('',*,*,#4578,.F.);
#6311=ORIENTED_EDGE('',*,*,#4120,.F.);
#6312=ORIENTED_EDGE('',*,*,#4578,.T.);
#6313=ORIENTED_EDGE('',*,*,#4579,.F.);
#6314=ORIENTED_EDGE('',*,*,#4580,.F.);
#6315=ORIENTED_EDGE('',*,*,#4121,.F.);
#6316=ORIENTED_EDGE('',*,*,#4580,.T.);
#6317=ORIENTED_EDGE('',*,*,#4581,.F.);
#6318=ORIENTED_EDGE('',*,*,#4566,.F.);
#6319=ORIENTED_EDGE('',*,*,#4581,.T.);
#6320=ORIENTED_EDGE('',*,*,#4579,.T.);
#6321=ORIENTED_EDGE('',*,*,#4577,.T.);
#6322=ORIENTED_EDGE('',*,*,#4575,.T.);
#6323=ORIENTED_EDGE('',*,*,#4573,.T.);
#6324=ORIENTED_EDGE('',*,*,#4571,.T.);
#6325=ORIENTED_EDGE('',*,*,#4569,.T.);
#6326=ORIENTED_EDGE('',*,*,#4567,.T.);
#6327=ORIENTED_EDGE('',*,*,#4122,.F.);
#6328=ORIENTED_EDGE('',*,*,#4582,.T.);
#6329=ORIENTED_EDGE('',*,*,#4583,.F.);
#6330=ORIENTED_EDGE('',*,*,#4584,.F.);
#6331=ORIENTED_EDGE('',*,*,#4123,.F.);
#6332=ORIENTED_EDGE('',*,*,#4584,.T.);
#6333=ORIENTED_EDGE('',*,*,#4585,.F.);
#6334=ORIENTED_EDGE('',*,*,#4586,.F.);
#6335=ORIENTED_EDGE('',*,*,#4124,.F.);
#6336=ORIENTED_EDGE('',*,*,#4586,.T.);
#6337=ORIENTED_EDGE('',*,*,#4587,.F.);
#6338=ORIENTED_EDGE('',*,*,#4588,.F.);
#6339=ORIENTED_EDGE('',*,*,#4125,.F.);
#6340=ORIENTED_EDGE('',*,*,#4588,.T.);
#6341=ORIENTED_EDGE('',*,*,#4589,.F.);
#6342=ORIENTED_EDGE('',*,*,#4590,.F.);
#6343=ORIENTED_EDGE('',*,*,#4126,.F.);
#6344=ORIENTED_EDGE('',*,*,#4590,.T.);
#6345=ORIENTED_EDGE('',*,*,#4591,.F.);
#6346=ORIENTED_EDGE('',*,*,#4592,.F.);
#6347=ORIENTED_EDGE('',*,*,#4127,.F.);
#6348=ORIENTED_EDGE('',*,*,#4592,.T.);
#6349=ORIENTED_EDGE('',*,*,#4593,.F.);
#6350=ORIENTED_EDGE('',*,*,#4594,.F.);
#6351=ORIENTED_EDGE('',*,*,#4128,.F.);
#6352=ORIENTED_EDGE('',*,*,#4594,.T.);
#6353=ORIENTED_EDGE('',*,*,#4595,.F.);
#6354=ORIENTED_EDGE('',*,*,#4596,.F.);
#6355=ORIENTED_EDGE('',*,*,#4129,.F.);
#6356=ORIENTED_EDGE('',*,*,#4596,.T.);
#6357=ORIENTED_EDGE('',*,*,#4597,.F.);
#6358=ORIENTED_EDGE('',*,*,#4598,.F.);
#6359=ORIENTED_EDGE('',*,*,#4130,.F.);
#6360=ORIENTED_EDGE('',*,*,#4598,.T.);
#6361=ORIENTED_EDGE('',*,*,#4599,.F.);
#6362=ORIENTED_EDGE('',*,*,#4600,.F.);
#6363=ORIENTED_EDGE('',*,*,#4131,.F.);
#6364=ORIENTED_EDGE('',*,*,#4600,.T.);
#6365=ORIENTED_EDGE('',*,*,#4601,.F.);
#6366=ORIENTED_EDGE('',*,*,#4602,.F.);
#6367=ORIENTED_EDGE('',*,*,#4132,.F.);
#6368=ORIENTED_EDGE('',*,*,#4602,.T.);
#6369=ORIENTED_EDGE('',*,*,#4603,.F.);
#6370=ORIENTED_EDGE('',*,*,#4604,.F.);
#6371=ORIENTED_EDGE('',*,*,#4133,.F.);
#6372=ORIENTED_EDGE('',*,*,#4604,.T.);
#6373=ORIENTED_EDGE('',*,*,#4605,.F.);
#6374=ORIENTED_EDGE('',*,*,#4606,.F.);
#6375=ORIENTED_EDGE('',*,*,#4134,.F.);
#6376=ORIENTED_EDGE('',*,*,#4606,.T.);
#6377=ORIENTED_EDGE('',*,*,#4607,.F.);
#6378=ORIENTED_EDGE('',*,*,#4582,.F.);
#6379=ORIENTED_EDGE('',*,*,#4607,.T.);
#6380=ORIENTED_EDGE('',*,*,#4605,.T.);
#6381=ORIENTED_EDGE('',*,*,#4603,.T.);
#6382=ORIENTED_EDGE('',*,*,#4601,.T.);
#6383=ORIENTED_EDGE('',*,*,#4599,.T.);
#6384=ORIENTED_EDGE('',*,*,#4597,.T.);
#6385=ORIENTED_EDGE('',*,*,#4595,.T.);
#6386=ORIENTED_EDGE('',*,*,#4593,.T.);
#6387=ORIENTED_EDGE('',*,*,#4591,.T.);
#6388=ORIENTED_EDGE('',*,*,#4589,.T.);
#6389=ORIENTED_EDGE('',*,*,#4587,.T.);
#6390=ORIENTED_EDGE('',*,*,#4585,.T.);
#6391=ORIENTED_EDGE('',*,*,#4583,.T.);
#6392=ORIENTED_EDGE('',*,*,#4135,.F.);
#6393=ORIENTED_EDGE('',*,*,#4608,.T.);
#6394=ORIENTED_EDGE('',*,*,#4609,.F.);
#6395=ORIENTED_EDGE('',*,*,#4610,.F.);
#6396=ORIENTED_EDGE('',*,*,#4136,.F.);
#6397=ORIENTED_EDGE('',*,*,#4610,.T.);
#6398=ORIENTED_EDGE('',*,*,#4611,.F.);
#6399=ORIENTED_EDGE('',*,*,#4612,.F.);
#6400=ORIENTED_EDGE('',*,*,#4137,.F.);
#6401=ORIENTED_EDGE('',*,*,#4612,.T.);
#6402=ORIENTED_EDGE('',*,*,#4613,.F.);
#6403=ORIENTED_EDGE('',*,*,#4614,.F.);
#6404=ORIENTED_EDGE('',*,*,#4138,.F.);
#6405=ORIENTED_EDGE('',*,*,#4614,.T.);
#6406=ORIENTED_EDGE('',*,*,#4615,.F.);
#6407=ORIENTED_EDGE('',*,*,#4616,.F.);
#6408=ORIENTED_EDGE('',*,*,#4139,.F.);
#6409=ORIENTED_EDGE('',*,*,#4616,.T.);
#6410=ORIENTED_EDGE('',*,*,#4617,.F.);
#6411=ORIENTED_EDGE('',*,*,#4618,.F.);
#6412=ORIENTED_EDGE('',*,*,#4140,.F.);
#6413=ORIENTED_EDGE('',*,*,#4618,.T.);
#6414=ORIENTED_EDGE('',*,*,#4619,.F.);
#6415=ORIENTED_EDGE('',*,*,#4608,.F.);
#6416=ORIENTED_EDGE('',*,*,#4619,.T.);
#6417=ORIENTED_EDGE('',*,*,#4617,.T.);
#6418=ORIENTED_EDGE('',*,*,#4615,.T.);
#6419=ORIENTED_EDGE('',*,*,#4613,.T.);
#6420=ORIENTED_EDGE('',*,*,#4611,.T.);
#6421=ORIENTED_EDGE('',*,*,#4609,.T.);
#6422=ORIENTED_EDGE('',*,*,#4141,.F.);
#6423=ORIENTED_EDGE('',*,*,#4620,.T.);
#6424=ORIENTED_EDGE('',*,*,#4621,.F.);
#6425=ORIENTED_EDGE('',*,*,#4622,.F.);
#6426=ORIENTED_EDGE('',*,*,#4142,.F.);
#6427=ORIENTED_EDGE('',*,*,#4622,.T.);
#6428=ORIENTED_EDGE('',*,*,#4623,.F.);
#6429=ORIENTED_EDGE('',*,*,#4624,.F.);
#6430=ORIENTED_EDGE('',*,*,#4143,.F.);
#6431=ORIENTED_EDGE('',*,*,#4624,.T.);
#6432=ORIENTED_EDGE('',*,*,#4625,.F.);
#6433=ORIENTED_EDGE('',*,*,#4626,.F.);
#6434=ORIENTED_EDGE('',*,*,#4144,.F.);
#6435=ORIENTED_EDGE('',*,*,#4626,.T.);
#6436=ORIENTED_EDGE('',*,*,#4627,.F.);
#6437=ORIENTED_EDGE('',*,*,#4628,.F.);
#6438=ORIENTED_EDGE('',*,*,#4145,.F.);
#6439=ORIENTED_EDGE('',*,*,#4628,.T.);
#6440=ORIENTED_EDGE('',*,*,#4629,.F.);
#6441=ORIENTED_EDGE('',*,*,#4630,.F.);
#6442=ORIENTED_EDGE('',*,*,#4146,.F.);
#6443=ORIENTED_EDGE('',*,*,#4630,.T.);
#6444=ORIENTED_EDGE('',*,*,#4631,.F.);
#6445=ORIENTED_EDGE('',*,*,#4632,.F.);
#6446=ORIENTED_EDGE('',*,*,#4147,.F.);
#6447=ORIENTED_EDGE('',*,*,#4632,.T.);
#6448=ORIENTED_EDGE('',*,*,#4633,.F.);
#6449=ORIENTED_EDGE('',*,*,#4634,.F.);
#6450=ORIENTED_EDGE('',*,*,#4148,.F.);
#6451=ORIENTED_EDGE('',*,*,#4634,.T.);
#6452=ORIENTED_EDGE('',*,*,#4635,.F.);
#6453=ORIENTED_EDGE('',*,*,#4636,.F.);
#6454=ORIENTED_EDGE('',*,*,#4149,.F.);
#6455=ORIENTED_EDGE('',*,*,#4636,.T.);
#6456=ORIENTED_EDGE('',*,*,#4637,.F.);
#6457=ORIENTED_EDGE('',*,*,#4638,.F.);
#6458=ORIENTED_EDGE('',*,*,#4150,.F.);
#6459=ORIENTED_EDGE('',*,*,#4638,.T.);
#6460=ORIENTED_EDGE('',*,*,#4639,.F.);
#6461=ORIENTED_EDGE('',*,*,#4640,.F.);
#6462=ORIENTED_EDGE('',*,*,#4151,.F.);
#6463=ORIENTED_EDGE('',*,*,#4640,.T.);
#6464=ORIENTED_EDGE('',*,*,#4641,.F.);
#6465=ORIENTED_EDGE('',*,*,#4642,.F.);
#6466=ORIENTED_EDGE('',*,*,#4152,.F.);
#6467=ORIENTED_EDGE('',*,*,#4642,.T.);
#6468=ORIENTED_EDGE('',*,*,#4643,.F.);
#6469=ORIENTED_EDGE('',*,*,#4644,.F.);
#6470=ORIENTED_EDGE('',*,*,#4153,.F.);
#6471=ORIENTED_EDGE('',*,*,#4644,.T.);
#6472=ORIENTED_EDGE('',*,*,#4645,.F.);
#6473=ORIENTED_EDGE('',*,*,#4620,.F.);
#6474=ORIENTED_EDGE('',*,*,#4645,.T.);
#6475=ORIENTED_EDGE('',*,*,#4643,.T.);
#6476=ORIENTED_EDGE('',*,*,#4641,.T.);
#6477=ORIENTED_EDGE('',*,*,#4639,.T.);
#6478=ORIENTED_EDGE('',*,*,#4637,.T.);
#6479=ORIENTED_EDGE('',*,*,#4635,.T.);
#6480=ORIENTED_EDGE('',*,*,#4633,.T.);
#6481=ORIENTED_EDGE('',*,*,#4631,.T.);
#6482=ORIENTED_EDGE('',*,*,#4629,.T.);
#6483=ORIENTED_EDGE('',*,*,#4627,.T.);
#6484=ORIENTED_EDGE('',*,*,#4625,.T.);
#6485=ORIENTED_EDGE('',*,*,#4623,.T.);
#6486=ORIENTED_EDGE('',*,*,#4621,.T.);
#6487=ORIENTED_EDGE('',*,*,#4646,.F.);
#6488=ORIENTED_EDGE('',*,*,#4647,.T.);
#6489=ORIENTED_EDGE('',*,*,#4648,.F.);
#6490=ORIENTED_EDGE('',*,*,#4649,.F.);
#6491=ORIENTED_EDGE('',*,*,#4650,.F.);
#6492=ORIENTED_EDGE('',*,*,#4649,.T.);
#6493=ORIENTED_EDGE('',*,*,#4651,.F.);
#6494=ORIENTED_EDGE('',*,*,#4652,.F.);
#6495=ORIENTED_EDGE('',*,*,#4653,.F.);
#6496=ORIENTED_EDGE('',*,*,#4652,.T.);
#6497=ORIENTED_EDGE('',*,*,#4654,.F.);
#6498=ORIENTED_EDGE('',*,*,#4655,.F.);
#6499=ORIENTED_EDGE('',*,*,#4656,.F.);
#6500=ORIENTED_EDGE('',*,*,#4655,.T.);
#6501=ORIENTED_EDGE('',*,*,#4657,.F.);
#6502=ORIENTED_EDGE('',*,*,#4658,.F.);
#6503=ORIENTED_EDGE('',*,*,#4659,.F.);
#6504=ORIENTED_EDGE('',*,*,#4658,.T.);
#6505=ORIENTED_EDGE('',*,*,#4660,.F.);
#6506=ORIENTED_EDGE('',*,*,#4661,.F.);
#6507=ORIENTED_EDGE('',*,*,#4662,.F.);
#6508=ORIENTED_EDGE('',*,*,#4661,.T.);
#6509=ORIENTED_EDGE('',*,*,#4663,.F.);
#6510=ORIENTED_EDGE('',*,*,#4647,.F.);
#6511=ORIENTED_EDGE('',*,*,#4200,.F.);
#6512=ORIENTED_EDGE('',*,*,#4664,.T.);
#6513=ORIENTED_EDGE('',*,*,#4665,.F.);
#6514=ORIENTED_EDGE('',*,*,#4666,.F.);
#6515=ORIENTED_EDGE('',*,*,#4201,.F.);
#6516=ORIENTED_EDGE('',*,*,#4666,.T.);
#6517=ORIENTED_EDGE('',*,*,#4667,.F.);
#6518=ORIENTED_EDGE('',*,*,#4668,.F.);
#6519=ORIENTED_EDGE('',*,*,#4202,.F.);
#6520=ORIENTED_EDGE('',*,*,#4668,.T.);
#6521=ORIENTED_EDGE('',*,*,#4669,.F.);
#6522=ORIENTED_EDGE('',*,*,#4670,.F.);
#6523=ORIENTED_EDGE('',*,*,#4203,.F.);
#6524=ORIENTED_EDGE('',*,*,#4670,.T.);
#6525=ORIENTED_EDGE('',*,*,#4671,.F.);
#6526=ORIENTED_EDGE('',*,*,#4672,.F.);
#6527=ORIENTED_EDGE('',*,*,#4204,.F.);
#6528=ORIENTED_EDGE('',*,*,#4672,.T.);
#6529=ORIENTED_EDGE('',*,*,#4673,.F.);
#6530=ORIENTED_EDGE('',*,*,#4674,.F.);
#6531=ORIENTED_EDGE('',*,*,#4205,.F.);
#6532=ORIENTED_EDGE('',*,*,#4674,.T.);
#6533=ORIENTED_EDGE('',*,*,#4675,.F.);
#6534=ORIENTED_EDGE('',*,*,#4676,.F.);
#6535=ORIENTED_EDGE('',*,*,#4206,.F.);
#6536=ORIENTED_EDGE('',*,*,#4676,.T.);
#6537=ORIENTED_EDGE('',*,*,#4677,.F.);
#6538=ORIENTED_EDGE('',*,*,#4678,.F.);
#6539=ORIENTED_EDGE('',*,*,#4207,.F.);
#6540=ORIENTED_EDGE('',*,*,#4678,.T.);
#6541=ORIENTED_EDGE('',*,*,#4679,.F.);
#6542=ORIENTED_EDGE('',*,*,#4680,.F.);
#6543=ORIENTED_EDGE('',*,*,#4208,.F.);
#6544=ORIENTED_EDGE('',*,*,#4680,.T.);
#6545=ORIENTED_EDGE('',*,*,#4681,.F.);
#6546=ORIENTED_EDGE('',*,*,#4682,.F.);
#6547=ORIENTED_EDGE('',*,*,#4209,.F.);
#6548=ORIENTED_EDGE('',*,*,#4682,.T.);
#6549=ORIENTED_EDGE('',*,*,#4683,.F.);
#6550=ORIENTED_EDGE('',*,*,#4684,.F.);
#6551=ORIENTED_EDGE('',*,*,#4210,.F.);
#6552=ORIENTED_EDGE('',*,*,#4684,.T.);
#6553=ORIENTED_EDGE('',*,*,#4685,.F.);
#6554=ORIENTED_EDGE('',*,*,#4686,.F.);
#6555=ORIENTED_EDGE('',*,*,#4211,.F.);
#6556=ORIENTED_EDGE('',*,*,#4686,.T.);
#6557=ORIENTED_EDGE('',*,*,#4687,.F.);
#6558=ORIENTED_EDGE('',*,*,#4688,.F.);
#6559=ORIENTED_EDGE('',*,*,#4212,.F.);
#6560=ORIENTED_EDGE('',*,*,#4688,.T.);
#6561=ORIENTED_EDGE('',*,*,#4689,.F.);
#6562=ORIENTED_EDGE('',*,*,#4690,.F.);
#6563=ORIENTED_EDGE('',*,*,#4213,.F.);
#6564=ORIENTED_EDGE('',*,*,#4690,.T.);
#6565=ORIENTED_EDGE('',*,*,#4691,.F.);
#6566=ORIENTED_EDGE('',*,*,#4692,.F.);
#6567=ORIENTED_EDGE('',*,*,#4214,.F.);
#6568=ORIENTED_EDGE('',*,*,#4692,.T.);
#6569=ORIENTED_EDGE('',*,*,#4693,.F.);
#6570=ORIENTED_EDGE('',*,*,#4694,.F.);
#6571=ORIENTED_EDGE('',*,*,#4215,.F.);
#6572=ORIENTED_EDGE('',*,*,#4694,.T.);
#6573=ORIENTED_EDGE('',*,*,#4695,.F.);
#6574=ORIENTED_EDGE('',*,*,#4696,.F.);
#6575=ORIENTED_EDGE('',*,*,#4216,.F.);
#6576=ORIENTED_EDGE('',*,*,#4696,.T.);
#6577=ORIENTED_EDGE('',*,*,#4697,.F.);
#6578=ORIENTED_EDGE('',*,*,#4664,.F.);
#6579=ORIENTED_EDGE('',*,*,#4697,.T.);
#6580=ORIENTED_EDGE('',*,*,#4695,.T.);
#6581=ORIENTED_EDGE('',*,*,#4693,.T.);
#6582=ORIENTED_EDGE('',*,*,#4691,.T.);
#6583=ORIENTED_EDGE('',*,*,#4689,.T.);
#6584=ORIENTED_EDGE('',*,*,#4687,.T.);
#6585=ORIENTED_EDGE('',*,*,#4685,.T.);
#6586=ORIENTED_EDGE('',*,*,#4683,.T.);
#6587=ORIENTED_EDGE('',*,*,#4681,.T.);
#6588=ORIENTED_EDGE('',*,*,#4679,.T.);
#6589=ORIENTED_EDGE('',*,*,#4677,.T.);
#6590=ORIENTED_EDGE('',*,*,#4675,.T.);
#6591=ORIENTED_EDGE('',*,*,#4673,.T.);
#6592=ORIENTED_EDGE('',*,*,#4671,.T.);
#6593=ORIENTED_EDGE('',*,*,#4669,.T.);
#6594=ORIENTED_EDGE('',*,*,#4667,.T.);
#6595=ORIENTED_EDGE('',*,*,#4665,.T.);
#6596=ORIENTED_EDGE('',*,*,#4663,.T.);
#6597=ORIENTED_EDGE('',*,*,#4660,.T.);
#6598=ORIENTED_EDGE('',*,*,#4657,.T.);
#6599=ORIENTED_EDGE('',*,*,#4654,.T.);
#6600=ORIENTED_EDGE('',*,*,#4651,.T.);
#6601=ORIENTED_EDGE('',*,*,#4648,.T.);
#6602=ORIENTED_EDGE('',*,*,#4541,.T.);
#6603=ORIENTED_EDGE('',*,*,#4545,.T.);
#6604=ORIENTED_EDGE('',*,*,#4548,.T.);
#6605=ORIENTED_EDGE('',*,*,#4188,.F.);
#6606=ORIENTED_EDGE('',*,*,#4698,.T.);
#6607=ORIENTED_EDGE('',*,*,#4699,.F.);
#6608=ORIENTED_EDGE('',*,*,#4700,.F.);
#6609=ORIENTED_EDGE('',*,*,#4189,.F.);
#6610=ORIENTED_EDGE('',*,*,#4700,.T.);
#6611=ORIENTED_EDGE('',*,*,#4701,.F.);
#6612=ORIENTED_EDGE('',*,*,#4702,.F.);
#6613=ORIENTED_EDGE('',*,*,#4190,.F.);
#6614=ORIENTED_EDGE('',*,*,#4702,.T.);
#6615=ORIENTED_EDGE('',*,*,#4703,.F.);
#6616=ORIENTED_EDGE('',*,*,#4704,.F.);
#6617=ORIENTED_EDGE('',*,*,#4191,.F.);
#6618=ORIENTED_EDGE('',*,*,#4704,.T.);
#6619=ORIENTED_EDGE('',*,*,#4705,.F.);
#6620=ORIENTED_EDGE('',*,*,#4706,.F.);
#6621=ORIENTED_EDGE('',*,*,#4192,.F.);
#6622=ORIENTED_EDGE('',*,*,#4706,.T.);
#6623=ORIENTED_EDGE('',*,*,#4707,.F.);
#6624=ORIENTED_EDGE('',*,*,#4708,.F.);
#6625=ORIENTED_EDGE('',*,*,#4193,.F.);
#6626=ORIENTED_EDGE('',*,*,#4708,.T.);
#6627=ORIENTED_EDGE('',*,*,#4709,.F.);
#6628=ORIENTED_EDGE('',*,*,#4710,.F.);
#6629=ORIENTED_EDGE('',*,*,#4194,.F.);
#6630=ORIENTED_EDGE('',*,*,#4710,.T.);
#6631=ORIENTED_EDGE('',*,*,#4711,.F.);
#6632=ORIENTED_EDGE('',*,*,#4712,.F.);
#6633=ORIENTED_EDGE('',*,*,#4195,.F.);
#6634=ORIENTED_EDGE('',*,*,#4712,.T.);
#6635=ORIENTED_EDGE('',*,*,#4713,.F.);
#6636=ORIENTED_EDGE('',*,*,#4714,.F.);
#6637=ORIENTED_EDGE('',*,*,#4196,.F.);
#6638=ORIENTED_EDGE('',*,*,#4714,.T.);
#6639=ORIENTED_EDGE('',*,*,#4715,.F.);
#6640=ORIENTED_EDGE('',*,*,#4716,.F.);
#6641=ORIENTED_EDGE('',*,*,#4197,.F.);
#6642=ORIENTED_EDGE('',*,*,#4716,.T.);
#6643=ORIENTED_EDGE('',*,*,#4717,.F.);
#6644=ORIENTED_EDGE('',*,*,#4718,.F.);
#6645=ORIENTED_EDGE('',*,*,#4198,.F.);
#6646=ORIENTED_EDGE('',*,*,#4718,.T.);
#6647=ORIENTED_EDGE('',*,*,#4719,.F.);
#6648=ORIENTED_EDGE('',*,*,#4720,.F.);
#6649=ORIENTED_EDGE('',*,*,#4199,.F.);
#6650=ORIENTED_EDGE('',*,*,#4720,.T.);
#6651=ORIENTED_EDGE('',*,*,#4721,.F.);
#6652=ORIENTED_EDGE('',*,*,#4698,.F.);
#6653=ORIENTED_EDGE('',*,*,#4721,.T.);
#6654=ORIENTED_EDGE('',*,*,#4719,.T.);
#6655=ORIENTED_EDGE('',*,*,#4717,.T.);
#6656=ORIENTED_EDGE('',*,*,#4715,.T.);
#6657=ORIENTED_EDGE('',*,*,#4713,.T.);
#6658=ORIENTED_EDGE('',*,*,#4711,.T.);
#6659=ORIENTED_EDGE('',*,*,#4709,.T.);
#6660=ORIENTED_EDGE('',*,*,#4707,.T.);
#6661=ORIENTED_EDGE('',*,*,#4705,.T.);
#6662=ORIENTED_EDGE('',*,*,#4703,.T.);
#6663=ORIENTED_EDGE('',*,*,#4701,.T.);
#6664=ORIENTED_EDGE('',*,*,#4699,.T.);
#6665=ORIENTED_EDGE('',*,*,#4180,.F.);
#6666=ORIENTED_EDGE('',*,*,#4722,.T.);
#6667=ORIENTED_EDGE('',*,*,#4723,.F.);
#6668=ORIENTED_EDGE('',*,*,#4724,.F.);
#6669=ORIENTED_EDGE('',*,*,#4181,.F.);
#6670=ORIENTED_EDGE('',*,*,#4724,.T.);
#6671=ORIENTED_EDGE('',*,*,#4725,.F.);
#6672=ORIENTED_EDGE('',*,*,#4726,.F.);
#6673=ORIENTED_EDGE('',*,*,#4182,.F.);
#6674=ORIENTED_EDGE('',*,*,#4726,.T.);
#6675=ORIENTED_EDGE('',*,*,#4727,.F.);
#6676=ORIENTED_EDGE('',*,*,#4728,.F.);
#6677=ORIENTED_EDGE('',*,*,#4183,.F.);
#6678=ORIENTED_EDGE('',*,*,#4728,.T.);
#6679=ORIENTED_EDGE('',*,*,#4729,.F.);
#6680=ORIENTED_EDGE('',*,*,#4730,.F.);
#6681=ORIENTED_EDGE('',*,*,#4184,.F.);
#6682=ORIENTED_EDGE('',*,*,#4730,.T.);
#6683=ORIENTED_EDGE('',*,*,#4731,.F.);
#6684=ORIENTED_EDGE('',*,*,#4732,.F.);
#6685=ORIENTED_EDGE('',*,*,#4185,.F.);
#6686=ORIENTED_EDGE('',*,*,#4732,.T.);
#6687=ORIENTED_EDGE('',*,*,#4733,.F.);
#6688=ORIENTED_EDGE('',*,*,#4734,.F.);
#6689=ORIENTED_EDGE('',*,*,#4186,.F.);
#6690=ORIENTED_EDGE('',*,*,#4734,.T.);
#6691=ORIENTED_EDGE('',*,*,#4735,.F.);
#6692=ORIENTED_EDGE('',*,*,#4736,.F.);
#6693=ORIENTED_EDGE('',*,*,#4187,.F.);
#6694=ORIENTED_EDGE('',*,*,#4736,.T.);
#6695=ORIENTED_EDGE('',*,*,#4737,.F.);
#6696=ORIENTED_EDGE('',*,*,#4722,.F.);
#6697=ORIENTED_EDGE('',*,*,#4737,.T.);
#6698=ORIENTED_EDGE('',*,*,#4735,.T.);
#6699=ORIENTED_EDGE('',*,*,#4733,.T.);
#6700=ORIENTED_EDGE('',*,*,#4731,.T.);
#6701=ORIENTED_EDGE('',*,*,#4729,.T.);
#6702=ORIENTED_EDGE('',*,*,#4727,.T.);
#6703=ORIENTED_EDGE('',*,*,#4725,.T.);
#6704=ORIENTED_EDGE('',*,*,#4723,.T.);
#6705=ORIENTED_EDGE('',*,*,#4168,.F.);
#6706=ORIENTED_EDGE('',*,*,#4738,.T.);
#6707=ORIENTED_EDGE('',*,*,#4739,.F.);
#6708=ORIENTED_EDGE('',*,*,#4740,.F.);
#6709=ORIENTED_EDGE('',*,*,#4169,.F.);
#6710=ORIENTED_EDGE('',*,*,#4740,.T.);
#6711=ORIENTED_EDGE('',*,*,#4741,.F.);
#6712=ORIENTED_EDGE('',*,*,#4742,.F.);
#6713=ORIENTED_EDGE('',*,*,#4170,.F.);
#6714=ORIENTED_EDGE('',*,*,#4742,.T.);
#6715=ORIENTED_EDGE('',*,*,#4743,.F.);
#6716=ORIENTED_EDGE('',*,*,#4744,.F.);
#6717=ORIENTED_EDGE('',*,*,#4171,.F.);
#6718=ORIENTED_EDGE('',*,*,#4744,.T.);
#6719=ORIENTED_EDGE('',*,*,#4745,.F.);
#6720=ORIENTED_EDGE('',*,*,#4746,.F.);
#6721=ORIENTED_EDGE('',*,*,#4172,.F.);
#6722=ORIENTED_EDGE('',*,*,#4746,.T.);
#6723=ORIENTED_EDGE('',*,*,#4747,.F.);
#6724=ORIENTED_EDGE('',*,*,#4748,.F.);
#6725=ORIENTED_EDGE('',*,*,#4173,.F.);
#6726=ORIENTED_EDGE('',*,*,#4748,.T.);
#6727=ORIENTED_EDGE('',*,*,#4749,.F.);
#6728=ORIENTED_EDGE('',*,*,#4750,.F.);
#6729=ORIENTED_EDGE('',*,*,#4174,.F.);
#6730=ORIENTED_EDGE('',*,*,#4750,.T.);
#6731=ORIENTED_EDGE('',*,*,#4751,.F.);
#6732=ORIENTED_EDGE('',*,*,#4752,.F.);
#6733=ORIENTED_EDGE('',*,*,#4175,.F.);
#6734=ORIENTED_EDGE('',*,*,#4752,.T.);
#6735=ORIENTED_EDGE('',*,*,#4753,.F.);
#6736=ORIENTED_EDGE('',*,*,#4754,.F.);
#6737=ORIENTED_EDGE('',*,*,#4176,.F.);
#6738=ORIENTED_EDGE('',*,*,#4754,.T.);
#6739=ORIENTED_EDGE('',*,*,#4755,.F.);
#6740=ORIENTED_EDGE('',*,*,#4756,.F.);
#6741=ORIENTED_EDGE('',*,*,#4177,.F.);
#6742=ORIENTED_EDGE('',*,*,#4756,.T.);
#6743=ORIENTED_EDGE('',*,*,#4757,.F.);
#6744=ORIENTED_EDGE('',*,*,#4758,.F.);
#6745=ORIENTED_EDGE('',*,*,#4178,.F.);
#6746=ORIENTED_EDGE('',*,*,#4758,.T.);
#6747=ORIENTED_EDGE('',*,*,#4759,.F.);
#6748=ORIENTED_EDGE('',*,*,#4760,.F.);
#6749=ORIENTED_EDGE('',*,*,#4179,.F.);
#6750=ORIENTED_EDGE('',*,*,#4760,.T.);
#6751=ORIENTED_EDGE('',*,*,#4761,.F.);
#6752=ORIENTED_EDGE('',*,*,#4738,.F.);
#6753=ORIENTED_EDGE('',*,*,#4761,.T.);
#6754=ORIENTED_EDGE('',*,*,#4759,.T.);
#6755=ORIENTED_EDGE('',*,*,#4757,.T.);
#6756=ORIENTED_EDGE('',*,*,#4755,.T.);
#6757=ORIENTED_EDGE('',*,*,#4753,.T.);
#6758=ORIENTED_EDGE('',*,*,#4751,.T.);
#6759=ORIENTED_EDGE('',*,*,#4749,.T.);
#6760=ORIENTED_EDGE('',*,*,#4747,.T.);
#6761=ORIENTED_EDGE('',*,*,#4745,.T.);
#6762=ORIENTED_EDGE('',*,*,#4743,.T.);
#6763=ORIENTED_EDGE('',*,*,#4741,.T.);
#6764=ORIENTED_EDGE('',*,*,#4739,.T.);
#6765=ORIENTED_EDGE('',*,*,#4160,.F.);
#6766=ORIENTED_EDGE('',*,*,#4762,.T.);
#6767=ORIENTED_EDGE('',*,*,#4763,.F.);
#6768=ORIENTED_EDGE('',*,*,#4764,.F.);
#6769=ORIENTED_EDGE('',*,*,#4161,.F.);
#6770=ORIENTED_EDGE('',*,*,#4764,.T.);
#6771=ORIENTED_EDGE('',*,*,#4765,.F.);
#6772=ORIENTED_EDGE('',*,*,#4766,.F.);
#6773=ORIENTED_EDGE('',*,*,#4162,.F.);
#6774=ORIENTED_EDGE('',*,*,#4766,.T.);
#6775=ORIENTED_EDGE('',*,*,#4767,.F.);
#6776=ORIENTED_EDGE('',*,*,#4768,.F.);
#6777=ORIENTED_EDGE('',*,*,#4163,.F.);
#6778=ORIENTED_EDGE('',*,*,#4768,.T.);
#6779=ORIENTED_EDGE('',*,*,#4769,.F.);
#6780=ORIENTED_EDGE('',*,*,#4770,.F.);
#6781=ORIENTED_EDGE('',*,*,#4164,.F.);
#6782=ORIENTED_EDGE('',*,*,#4770,.T.);
#6783=ORIENTED_EDGE('',*,*,#4771,.F.);
#6784=ORIENTED_EDGE('',*,*,#4772,.F.);
#6785=ORIENTED_EDGE('',*,*,#4165,.F.);
#6786=ORIENTED_EDGE('',*,*,#4772,.T.);
#6787=ORIENTED_EDGE('',*,*,#4773,.F.);
#6788=ORIENTED_EDGE('',*,*,#4774,.F.);
#6789=ORIENTED_EDGE('',*,*,#4166,.F.);
#6790=ORIENTED_EDGE('',*,*,#4774,.T.);
#6791=ORIENTED_EDGE('',*,*,#4775,.F.);
#6792=ORIENTED_EDGE('',*,*,#4776,.F.);
#6793=ORIENTED_EDGE('',*,*,#4167,.F.);
#6794=ORIENTED_EDGE('',*,*,#4776,.T.);
#6795=ORIENTED_EDGE('',*,*,#4777,.F.);
#6796=ORIENTED_EDGE('',*,*,#4762,.F.);
#6797=ORIENTED_EDGE('',*,*,#4777,.T.);
#6798=ORIENTED_EDGE('',*,*,#4775,.T.);
#6799=ORIENTED_EDGE('',*,*,#4773,.T.);
#6800=ORIENTED_EDGE('',*,*,#4771,.T.);
#6801=ORIENTED_EDGE('',*,*,#4769,.T.);
#6802=ORIENTED_EDGE('',*,*,#4767,.T.);
#6803=ORIENTED_EDGE('',*,*,#4765,.T.);
#6804=ORIENTED_EDGE('',*,*,#4763,.T.);
#6805=ORIENTED_EDGE('',*,*,#4154,.F.);
#6806=ORIENTED_EDGE('',*,*,#4778,.T.);
#6807=ORIENTED_EDGE('',*,*,#4779,.F.);
#6808=ORIENTED_EDGE('',*,*,#4780,.F.);
#6809=ORIENTED_EDGE('',*,*,#4155,.F.);
#6810=ORIENTED_EDGE('',*,*,#4780,.T.);
#6811=ORIENTED_EDGE('',*,*,#4781,.F.);
#6812=ORIENTED_EDGE('',*,*,#4782,.F.);
#6813=ORIENTED_EDGE('',*,*,#4156,.F.);
#6814=ORIENTED_EDGE('',*,*,#4782,.T.);
#6815=ORIENTED_EDGE('',*,*,#4783,.F.);
#6816=ORIENTED_EDGE('',*,*,#4784,.F.);
#6817=ORIENTED_EDGE('',*,*,#4157,.F.);
#6818=ORIENTED_EDGE('',*,*,#4784,.T.);
#6819=ORIENTED_EDGE('',*,*,#4785,.F.);
#6820=ORIENTED_EDGE('',*,*,#4786,.F.);
#6821=ORIENTED_EDGE('',*,*,#4158,.F.);
#6822=ORIENTED_EDGE('',*,*,#4786,.T.);
#6823=ORIENTED_EDGE('',*,*,#4787,.F.);
#6824=ORIENTED_EDGE('',*,*,#4788,.F.);
#6825=ORIENTED_EDGE('',*,*,#4159,.F.);
#6826=ORIENTED_EDGE('',*,*,#4788,.T.);
#6827=ORIENTED_EDGE('',*,*,#4789,.F.);
#6828=ORIENTED_EDGE('',*,*,#4778,.F.);
#6829=ORIENTED_EDGE('',*,*,#4789,.T.);
#6830=ORIENTED_EDGE('',*,*,#4787,.T.);
#6831=ORIENTED_EDGE('',*,*,#4785,.T.);
#6832=ORIENTED_EDGE('',*,*,#4783,.T.);
#6833=ORIENTED_EDGE('',*,*,#4781,.T.);
#6834=ORIENTED_EDGE('',*,*,#4779,.T.);
#6835=ORIENTED_EDGE('',*,*,#4790,.T.);
#6836=ORIENTED_EDGE('',*,*,#4791,.T.);
#6837=ORIENTED_EDGE('',*,*,#4792,.T.);
#6838=ORIENTED_EDGE('',*,*,#3869,.T.);
#6839=ORIENTED_EDGE('',*,*,#4790,.F.);
#6840=ORIENTED_EDGE('',*,*,#4793,.T.);
#6841=ORIENTED_EDGE('',*,*,#4794,.T.);
#6842=ORIENTED_EDGE('',*,*,#4078,.T.);
#6843=ORIENTED_EDGE('',*,*,#4795,.T.);
#6844=ORIENTED_EDGE('',*,*,#3909,.T.);
#6845=ORIENTED_EDGE('',*,*,#3902,.T.);
#6846=ORIENTED_EDGE('',*,*,#3891,.T.);
#6847=ORIENTED_EDGE('',*,*,#3884,.T.);
#6848=ORIENTED_EDGE('',*,*,#3873,.T.);
#6849=ORIENTED_EDGE('',*,*,#4794,.F.);
#6850=ORIENTED_EDGE('',*,*,#4796,.T.);
#6851=ORIENTED_EDGE('',*,*,#4797,.T.);
#6852=ORIENTED_EDGE('',*,*,#4064,.T.);
#6853=ORIENTED_EDGE('',*,*,#4798,.T.);
#6854=ORIENTED_EDGE('',*,*,#4797,.F.);
#6855=ORIENTED_EDGE('',*,*,#4799,.T.);
#6856=ORIENTED_EDGE('',*,*,#4800,.T.);
#6857=ORIENTED_EDGE('',*,*,#4081,.T.);
#6858=ORIENTED_EDGE('',*,*,#4798,.F.);
#6859=ORIENTED_EDGE('',*,*,#3910,.T.);
#6860=ORIENTED_EDGE('',*,*,#4795,.F.);
#6861=ORIENTED_EDGE('',*,*,#4792,.F.);
#6862=ORIENTED_EDGE('',*,*,#4089,.T.);
#6863=ORIENTED_EDGE('',*,*,#4801,.F.);
#6864=ORIENTED_EDGE('',*,*,#4802,.T.);
#6865=ORIENTED_EDGE('',*,*,#4791,.F.);
#6866=ORIENTED_EDGE('',*,*,#3868,.T.);
#6867=ORIENTED_EDGE('',*,*,#4803,.F.);
#6868=ORIENTED_EDGE('',*,*,#4090,.T.);
#6869=ORIENTED_EDGE('',*,*,#4091,.T.);
#6870=ORIENTED_EDGE('',*,*,#4803,.T.);
#6871=ORIENTED_EDGE('',*,*,#4804,.T.);
#6872=ORIENTED_EDGE('',*,*,#4805,.T.);
#6873=ORIENTED_EDGE('',*,*,#4806,.T.);
#6874=ORIENTED_EDGE('',*,*,#4807,.T.);
#6875=ORIENTED_EDGE('',*,*,#4092,.T.);
#6876=ORIENTED_EDGE('',*,*,#4805,.F.);
#6877=ORIENTED_EDGE('',*,*,#4799,.F.);
#6878=ORIENTED_EDGE('',*,*,#4808,.T.);
#6879=ORIENTED_EDGE('',*,*,#4801,.T.);
#6880=ORIENTED_EDGE('',*,*,#4088,.T.);
#6881=ORIENTED_EDGE('',*,*,#4800,.F.);
#6882=ORIENTED_EDGE('',*,*,#4093,.T.);
#6883=ORIENTED_EDGE('',*,*,#4807,.F.);
#6884=ORIENTED_EDGE('',*,*,#4065,.T.);
#6885=ORIENTED_EDGE('',*,*,#4793,.F.);
#6886=ORIENTED_EDGE('',*,*,#4802,.F.);
#6887=ORIENTED_EDGE('',*,*,#4809,.T.);
#6888=ORIENTED_EDGE('',*,*,#4079,.T.);
#6889=ORIENTED_EDGE('',*,*,#4796,.F.);
#6890=ORIENTED_EDGE('',*,*,#4080,.T.);
#6891=ORIENTED_EDGE('',*,*,#4809,.F.);
#6892=ORIENTED_EDGE('',*,*,#4808,.F.);
#6893=ORIENTED_EDGE('',*,*,#4646,.T.);
#6894=ORIENTED_EDGE('',*,*,#4650,.T.);
#6895=ORIENTED_EDGE('',*,*,#4653,.T.);
#6896=ORIENTED_EDGE('',*,*,#4656,.T.);
#6897=ORIENTED_EDGE('',*,*,#4659,.T.);
#6898=ORIENTED_EDGE('',*,*,#4662,.T.);
#6899=ORIENTED_EDGE('',*,*,#4074,.T.);
#6900=ORIENTED_EDGE('',*,*,#4071,.T.);
#6901=ORIENTED_EDGE('',*,*,#3912,.T.);
#6902=ORIENTED_EDGE('',*,*,#4066,.F.);
#6903=ORIENTED_EDGE('',*,*,#4806,.F.);
#6904=ORIENTED_EDGE('',*,*,#4810,.T.);
#6905=ORIENTED_EDGE('',*,*,#3913,.T.);
#6906=ORIENTED_EDGE('',*,*,#4810,.F.);
#6907=ORIENTED_EDGE('',*,*,#4804,.F.);
#6908=ORIENTED_EDGE('',*,*,#3867,.T.);
#6909=ORIENTED_EDGE('',*,*,#4811,.F.);
#6910=ORIENTED_EDGE('',*,*,#4812,.T.);
#6911=ORIENTED_EDGE('',*,*,#4813,.F.);
#6912=ORIENTED_EDGE('',*,*,#4814,.F.);
#6913=ORIENTED_EDGE('',*,*,#4815,.F.);
#6914=ORIENTED_EDGE('',*,*,#4814,.T.);
#6915=ORIENTED_EDGE('',*,*,#4816,.F.);
#6916=ORIENTED_EDGE('',*,*,#4817,.F.);
#6917=ORIENTED_EDGE('',*,*,#4818,.F.);
#6918=ORIENTED_EDGE('',*,*,#4817,.T.);
#6919=ORIENTED_EDGE('',*,*,#4819,.F.);
#6920=ORIENTED_EDGE('',*,*,#4820,.F.);
#6921=ORIENTED_EDGE('',*,*,#4821,.T.);
#6922=ORIENTED_EDGE('',*,*,#4820,.T.);
#6923=ORIENTED_EDGE('',*,*,#4822,.F.);
#6924=ORIENTED_EDGE('',*,*,#4823,.F.);
#6925=ORIENTED_EDGE('',*,*,#4824,.T.);
#6926=ORIENTED_EDGE('',*,*,#4823,.T.);
#6927=ORIENTED_EDGE('',*,*,#4825,.F.);
#6928=ORIENTED_EDGE('',*,*,#4826,.F.);
#6929=ORIENTED_EDGE('',*,*,#4827,.T.);
#6930=ORIENTED_EDGE('',*,*,#4826,.T.);
#6931=ORIENTED_EDGE('',*,*,#4828,.F.);
#6932=ORIENTED_EDGE('',*,*,#4812,.F.);
#6933=ORIENTED_EDGE('',*,*,#4828,.T.);
#6934=ORIENTED_EDGE('',*,*,#4825,.T.);
#6935=ORIENTED_EDGE('',*,*,#4822,.T.);
#6936=ORIENTED_EDGE('',*,*,#4819,.T.);
#6937=ORIENTED_EDGE('',*,*,#4816,.T.);
#6938=ORIENTED_EDGE('',*,*,#4813,.T.);
#6939=ORIENTED_EDGE('',*,*,#4827,.F.);
#6940=ORIENTED_EDGE('',*,*,#4811,.T.);
#6941=ORIENTED_EDGE('',*,*,#4815,.T.);
#6942=ORIENTED_EDGE('',*,*,#4818,.T.);
#6943=ORIENTED_EDGE('',*,*,#4821,.F.);
#6944=ORIENTED_EDGE('',*,*,#4824,.F.);
#6945=ORIENTED_EDGE('',*,*,#4829,.T.);
#6946=ORIENTED_EDGE('',*,*,#4830,.T.);
#6947=ORIENTED_EDGE('',*,*,#4831,.F.);
#6948=ORIENTED_EDGE('',*,*,#4832,.F.);
#6949=ORIENTED_EDGE('',*,*,#4833,.F.);
#6950=ORIENTED_EDGE('',*,*,#4832,.T.);
#6951=ORIENTED_EDGE('',*,*,#4834,.F.);
#6952=ORIENTED_EDGE('',*,*,#4835,.F.);
#6953=ORIENTED_EDGE('',*,*,#4836,.F.);
#6954=ORIENTED_EDGE('',*,*,#4835,.T.);
#6955=ORIENTED_EDGE('',*,*,#4837,.F.);
#6956=ORIENTED_EDGE('',*,*,#4838,.F.);
#6957=ORIENTED_EDGE('',*,*,#4839,.F.);
#6958=ORIENTED_EDGE('',*,*,#4838,.T.);
#6959=ORIENTED_EDGE('',*,*,#4840,.F.);
#6960=ORIENTED_EDGE('',*,*,#4841,.F.);
#6961=ORIENTED_EDGE('',*,*,#4842,.T.);
#6962=ORIENTED_EDGE('',*,*,#4841,.T.);
#6963=ORIENTED_EDGE('',*,*,#4843,.F.);
#6964=ORIENTED_EDGE('',*,*,#4844,.F.);
#6965=ORIENTED_EDGE('',*,*,#4845,.T.);
#6966=ORIENTED_EDGE('',*,*,#4844,.T.);
#6967=ORIENTED_EDGE('',*,*,#4846,.F.);
#6968=ORIENTED_EDGE('',*,*,#4830,.F.);
#6969=ORIENTED_EDGE('',*,*,#4846,.T.);
#6970=ORIENTED_EDGE('',*,*,#4843,.T.);
#6971=ORIENTED_EDGE('',*,*,#4840,.T.);
#6972=ORIENTED_EDGE('',*,*,#4837,.T.);
#6973=ORIENTED_EDGE('',*,*,#4834,.T.);
#6974=ORIENTED_EDGE('',*,*,#4831,.T.);
#6975=ORIENTED_EDGE('',*,*,#4845,.F.);
#6976=ORIENTED_EDGE('',*,*,#4829,.F.);
#6977=ORIENTED_EDGE('',*,*,#4833,.T.);
#6978=ORIENTED_EDGE('',*,*,#4836,.T.);
#6979=ORIENTED_EDGE('',*,*,#4839,.T.);
#6980=ORIENTED_EDGE('',*,*,#4842,.F.);
#6981=ORIENTED_EDGE('',*,*,#4847,.T.);
#6982=ORIENTED_EDGE('',*,*,#4848,.T.);
#6983=ORIENTED_EDGE('',*,*,#4849,.F.);
#6984=ORIENTED_EDGE('',*,*,#4850,.F.);
#6985=ORIENTED_EDGE('',*,*,#4851,.F.);
#6986=ORIENTED_EDGE('',*,*,#4850,.T.);
#6987=ORIENTED_EDGE('',*,*,#4852,.F.);
#6988=ORIENTED_EDGE('',*,*,#4853,.F.);
#6989=ORIENTED_EDGE('',*,*,#4854,.F.);
#6990=ORIENTED_EDGE('',*,*,#4853,.T.);
#6991=ORIENTED_EDGE('',*,*,#4855,.F.);
#6992=ORIENTED_EDGE('',*,*,#4856,.F.);
#6993=ORIENTED_EDGE('',*,*,#4857,.F.);
#6994=ORIENTED_EDGE('',*,*,#4856,.T.);
#6995=ORIENTED_EDGE('',*,*,#4858,.F.);
#6996=ORIENTED_EDGE('',*,*,#4859,.F.);
#6997=ORIENTED_EDGE('',*,*,#4860,.T.);
#6998=ORIENTED_EDGE('',*,*,#4859,.T.);
#6999=ORIENTED_EDGE('',*,*,#4861,.F.);
#7000=ORIENTED_EDGE('',*,*,#4862,.F.);
#7001=ORIENTED_EDGE('',*,*,#4863,.T.);
#7002=ORIENTED_EDGE('',*,*,#4862,.T.);
#7003=ORIENTED_EDGE('',*,*,#4864,.F.);
#7004=ORIENTED_EDGE('',*,*,#4848,.F.);
#7005=ORIENTED_EDGE('',*,*,#4864,.T.);
#7006=ORIENTED_EDGE('',*,*,#4861,.T.);
#7007=ORIENTED_EDGE('',*,*,#4858,.T.);
#7008=ORIENTED_EDGE('',*,*,#4855,.T.);
#7009=ORIENTED_EDGE('',*,*,#4852,.T.);
#7010=ORIENTED_EDGE('',*,*,#4849,.T.);
#7011=ORIENTED_EDGE('',*,*,#4863,.F.);
#7012=ORIENTED_EDGE('',*,*,#4847,.F.);
#7013=ORIENTED_EDGE('',*,*,#4851,.T.);
#7014=ORIENTED_EDGE('',*,*,#4854,.T.);
#7015=ORIENTED_EDGE('',*,*,#4857,.T.);
#7016=ORIENTED_EDGE('',*,*,#4860,.F.);
#7017=ORIENTED_EDGE('',*,*,#4865,.F.);
#7018=ORIENTED_EDGE('',*,*,#4866,.T.);
#7019=ORIENTED_EDGE('',*,*,#4867,.F.);
#7020=ORIENTED_EDGE('',*,*,#4868,.F.);
#7021=ORIENTED_EDGE('',*,*,#4869,.F.);
#7022=ORIENTED_EDGE('',*,*,#4868,.T.);
#7023=ORIENTED_EDGE('',*,*,#4870,.F.);
#7024=ORIENTED_EDGE('',*,*,#4871,.F.);
#7025=ORIENTED_EDGE('',*,*,#4872,.F.);
#7026=ORIENTED_EDGE('',*,*,#4871,.T.);
#7027=ORIENTED_EDGE('',*,*,#4873,.F.);
#7028=ORIENTED_EDGE('',*,*,#4874,.F.);
#7029=ORIENTED_EDGE('',*,*,#4875,.T.);
#7030=ORIENTED_EDGE('',*,*,#4874,.T.);
#7031=ORIENTED_EDGE('',*,*,#4876,.F.);
#7032=ORIENTED_EDGE('',*,*,#4877,.F.);
#7033=ORIENTED_EDGE('',*,*,#4878,.T.);
#7034=ORIENTED_EDGE('',*,*,#4877,.T.);
#7035=ORIENTED_EDGE('',*,*,#4879,.F.);
#7036=ORIENTED_EDGE('',*,*,#4880,.F.);
#7037=ORIENTED_EDGE('',*,*,#4881,.T.);
#7038=ORIENTED_EDGE('',*,*,#4880,.T.);
#7039=ORIENTED_EDGE('',*,*,#4882,.F.);
#7040=ORIENTED_EDGE('',*,*,#4866,.F.);
#7041=ORIENTED_EDGE('',*,*,#4882,.T.);
#7042=ORIENTED_EDGE('',*,*,#4879,.T.);
#7043=ORIENTED_EDGE('',*,*,#4876,.T.);
#7044=ORIENTED_EDGE('',*,*,#4873,.T.);
#7045=ORIENTED_EDGE('',*,*,#4870,.T.);
#7046=ORIENTED_EDGE('',*,*,#4867,.T.);
#7047=ORIENTED_EDGE('',*,*,#4881,.F.);
#7048=ORIENTED_EDGE('',*,*,#4865,.T.);
#7049=ORIENTED_EDGE('',*,*,#4869,.T.);
#7050=ORIENTED_EDGE('',*,*,#4872,.T.);
#7051=ORIENTED_EDGE('',*,*,#4875,.F.);
#7052=ORIENTED_EDGE('',*,*,#4878,.F.);
#7053=ORIENTED_EDGE('',*,*,#4883,.T.);
#7054=ORIENTED_EDGE('',*,*,#4884,.T.);
#7055=ORIENTED_EDGE('',*,*,#4885,.F.);
#7056=ORIENTED_EDGE('',*,*,#4886,.F.);
#7057=ORIENTED_EDGE('',*,*,#4887,.F.);
#7058=ORIENTED_EDGE('',*,*,#4886,.T.);
#7059=ORIENTED_EDGE('',*,*,#4888,.F.);
#7060=ORIENTED_EDGE('',*,*,#4889,.F.);
#7061=ORIENTED_EDGE('',*,*,#4890,.F.);
#7062=ORIENTED_EDGE('',*,*,#4889,.T.);
#7063=ORIENTED_EDGE('',*,*,#4891,.F.);
#7064=ORIENTED_EDGE('',*,*,#4892,.F.);
#7065=ORIENTED_EDGE('',*,*,#4893,.F.);
#7066=ORIENTED_EDGE('',*,*,#4892,.T.);
#7067=ORIENTED_EDGE('',*,*,#4894,.F.);
#7068=ORIENTED_EDGE('',*,*,#4895,.F.);
#7069=ORIENTED_EDGE('',*,*,#4896,.T.);
#7070=ORIENTED_EDGE('',*,*,#4895,.T.);
#7071=ORIENTED_EDGE('',*,*,#4897,.F.);
#7072=ORIENTED_EDGE('',*,*,#4898,.F.);
#7073=ORIENTED_EDGE('',*,*,#4899,.T.);
#7074=ORIENTED_EDGE('',*,*,#4898,.T.);
#7075=ORIENTED_EDGE('',*,*,#4900,.F.);
#7076=ORIENTED_EDGE('',*,*,#4884,.F.);
#7077=ORIENTED_EDGE('',*,*,#4900,.T.);
#7078=ORIENTED_EDGE('',*,*,#4897,.T.);
#7079=ORIENTED_EDGE('',*,*,#4894,.T.);
#7080=ORIENTED_EDGE('',*,*,#4891,.T.);
#7081=ORIENTED_EDGE('',*,*,#4888,.T.);
#7082=ORIENTED_EDGE('',*,*,#4885,.T.);
#7083=ORIENTED_EDGE('',*,*,#4899,.F.);
#7084=ORIENTED_EDGE('',*,*,#4883,.F.);
#7085=ORIENTED_EDGE('',*,*,#4887,.T.);
#7086=ORIENTED_EDGE('',*,*,#4890,.T.);
#7087=ORIENTED_EDGE('',*,*,#4893,.T.);
#7088=ORIENTED_EDGE('',*,*,#4896,.F.);
#7089=ORIENTED_EDGE('',*,*,#4901,.F.);
#7090=ORIENTED_EDGE('',*,*,#4902,.T.);
#7091=ORIENTED_EDGE('',*,*,#4903,.F.);
#7092=ORIENTED_EDGE('',*,*,#4904,.F.);
#7093=ORIENTED_EDGE('',*,*,#4905,.F.);
#7094=ORIENTED_EDGE('',*,*,#4904,.T.);
#7095=ORIENTED_EDGE('',*,*,#4906,.F.);
#7096=ORIENTED_EDGE('',*,*,#4907,.F.);
#7097=ORIENTED_EDGE('',*,*,#4908,.F.);
#7098=ORIENTED_EDGE('',*,*,#4907,.T.);
#7099=ORIENTED_EDGE('',*,*,#4909,.F.);
#7100=ORIENTED_EDGE('',*,*,#4910,.F.);
#7101=ORIENTED_EDGE('',*,*,#4911,.T.);
#7102=ORIENTED_EDGE('',*,*,#4910,.T.);
#7103=ORIENTED_EDGE('',*,*,#4912,.F.);
#7104=ORIENTED_EDGE('',*,*,#4913,.F.);
#7105=ORIENTED_EDGE('',*,*,#4914,.T.);
#7106=ORIENTED_EDGE('',*,*,#4913,.T.);
#7107=ORIENTED_EDGE('',*,*,#4915,.F.);
#7108=ORIENTED_EDGE('',*,*,#4916,.F.);
#7109=ORIENTED_EDGE('',*,*,#4917,.T.);
#7110=ORIENTED_EDGE('',*,*,#4916,.T.);
#7111=ORIENTED_EDGE('',*,*,#4918,.F.);
#7112=ORIENTED_EDGE('',*,*,#4902,.F.);
#7113=ORIENTED_EDGE('',*,*,#4918,.T.);
#7114=ORIENTED_EDGE('',*,*,#4915,.T.);
#7115=ORIENTED_EDGE('',*,*,#4912,.T.);
#7116=ORIENTED_EDGE('',*,*,#4909,.T.);
#7117=ORIENTED_EDGE('',*,*,#4906,.T.);
#7118=ORIENTED_EDGE('',*,*,#4903,.T.);
#7119=ORIENTED_EDGE('',*,*,#4917,.F.);
#7120=ORIENTED_EDGE('',*,*,#4901,.T.);
#7121=ORIENTED_EDGE('',*,*,#4905,.T.);
#7122=ORIENTED_EDGE('',*,*,#4908,.T.);
#7123=ORIENTED_EDGE('',*,*,#4911,.F.);
#7124=ORIENTED_EDGE('',*,*,#4914,.F.);
#7125=ORIENTED_EDGE('',*,*,#4919,.T.);
#7126=ORIENTED_EDGE('',*,*,#4920,.T.);
#7127=ORIENTED_EDGE('',*,*,#4921,.F.);
#7128=ORIENTED_EDGE('',*,*,#4922,.F.);
#7129=ORIENTED_EDGE('',*,*,#4923,.F.);
#7130=ORIENTED_EDGE('',*,*,#4922,.T.);
#7131=ORIENTED_EDGE('',*,*,#4924,.F.);
#7132=ORIENTED_EDGE('',*,*,#4925,.F.);
#7133=ORIENTED_EDGE('',*,*,#4926,.F.);
#7134=ORIENTED_EDGE('',*,*,#4925,.T.);
#7135=ORIENTED_EDGE('',*,*,#4927,.F.);
#7136=ORIENTED_EDGE('',*,*,#4928,.F.);
#7137=ORIENTED_EDGE('',*,*,#4929,.F.);
#7138=ORIENTED_EDGE('',*,*,#4928,.T.);
#7139=ORIENTED_EDGE('',*,*,#4930,.F.);
#7140=ORIENTED_EDGE('',*,*,#4931,.F.);
#7141=ORIENTED_EDGE('',*,*,#4932,.T.);
#7142=ORIENTED_EDGE('',*,*,#4931,.T.);
#7143=ORIENTED_EDGE('',*,*,#4933,.F.);
#7144=ORIENTED_EDGE('',*,*,#4934,.F.);
#7145=ORIENTED_EDGE('',*,*,#4935,.T.);
#7146=ORIENTED_EDGE('',*,*,#4934,.T.);
#7147=ORIENTED_EDGE('',*,*,#4936,.F.);
#7148=ORIENTED_EDGE('',*,*,#4920,.F.);
#7149=ORIENTED_EDGE('',*,*,#4936,.T.);
#7150=ORIENTED_EDGE('',*,*,#4933,.T.);
#7151=ORIENTED_EDGE('',*,*,#4930,.T.);
#7152=ORIENTED_EDGE('',*,*,#4927,.T.);
#7153=ORIENTED_EDGE('',*,*,#4924,.T.);
#7154=ORIENTED_EDGE('',*,*,#4921,.T.);
#7155=ORIENTED_EDGE('',*,*,#4935,.F.);
#7156=ORIENTED_EDGE('',*,*,#4919,.F.);
#7157=ORIENTED_EDGE('',*,*,#4923,.T.);
#7158=ORIENTED_EDGE('',*,*,#4926,.T.);
#7159=ORIENTED_EDGE('',*,*,#4929,.T.);
#7160=ORIENTED_EDGE('',*,*,#4932,.F.);
#7161=ORIENTED_EDGE('',*,*,#4937,.F.);
#7162=ORIENTED_EDGE('',*,*,#4938,.T.);
#7163=ORIENTED_EDGE('',*,*,#4939,.F.);
#7164=ORIENTED_EDGE('',*,*,#4940,.F.);
#7165=ORIENTED_EDGE('',*,*,#4941,.F.);
#7166=ORIENTED_EDGE('',*,*,#4940,.T.);
#7167=ORIENTED_EDGE('',*,*,#4942,.F.);
#7168=ORIENTED_EDGE('',*,*,#4943,.F.);
#7169=ORIENTED_EDGE('',*,*,#4944,.F.);
#7170=ORIENTED_EDGE('',*,*,#4943,.T.);
#7171=ORIENTED_EDGE('',*,*,#4945,.F.);
#7172=ORIENTED_EDGE('',*,*,#4946,.F.);
#7173=ORIENTED_EDGE('',*,*,#4947,.T.);
#7174=ORIENTED_EDGE('',*,*,#4946,.T.);
#7175=ORIENTED_EDGE('',*,*,#4948,.F.);
#7176=ORIENTED_EDGE('',*,*,#4949,.F.);
#7177=ORIENTED_EDGE('',*,*,#4950,.T.);
#7178=ORIENTED_EDGE('',*,*,#4949,.T.);
#7179=ORIENTED_EDGE('',*,*,#4951,.F.);
#7180=ORIENTED_EDGE('',*,*,#4952,.F.);
#7181=ORIENTED_EDGE('',*,*,#4953,.T.);
#7182=ORIENTED_EDGE('',*,*,#4952,.T.);
#7183=ORIENTED_EDGE('',*,*,#4954,.F.);
#7184=ORIENTED_EDGE('',*,*,#4938,.F.);
#7185=ORIENTED_EDGE('',*,*,#4954,.T.);
#7186=ORIENTED_EDGE('',*,*,#4951,.T.);
#7187=ORIENTED_EDGE('',*,*,#4948,.T.);
#7188=ORIENTED_EDGE('',*,*,#4945,.T.);
#7189=ORIENTED_EDGE('',*,*,#4942,.T.);
#7190=ORIENTED_EDGE('',*,*,#4939,.T.);
#7191=ORIENTED_EDGE('',*,*,#4953,.F.);
#7192=ORIENTED_EDGE('',*,*,#4937,.T.);
#7193=ORIENTED_EDGE('',*,*,#4941,.T.);
#7194=ORIENTED_EDGE('',*,*,#4944,.T.);
#7195=ORIENTED_EDGE('',*,*,#4947,.F.);
#7196=ORIENTED_EDGE('',*,*,#4950,.F.);
#7197=PLANE('',#7908);
#7198=PLANE('',#7909);
#7199=PLANE('',#7910);
#7200=PLANE('',#7912);
#7201=PLANE('',#7913);
#7202=PLANE('',#7914);
#7203=PLANE('',#7918);
#7204=PLANE('',#7919);
#7205=PLANE('',#7920);
#7206=PLANE('',#7921);
#7207=PLANE('',#7922);
#7208=PLANE('',#7926);
#7209=PLANE('',#7927);
#7210=PLANE('',#7928);
#7211=PLANE('',#7929);
#7212=PLANE('',#7930);
#7213=PLANE('',#7942);
#7214=PLANE('',#7943);
#7215=PLANE('',#7944);
#7216=PLANE('',#7945);
#7217=PLANE('',#7946);
#7218=PLANE('',#7947);
#7219=PLANE('',#7948);
#7220=PLANE('',#7950);
#7221=PLANE('',#7954);
#7222=PLANE('',#7955);
#7223=PLANE('',#7956);
#7224=PLANE('',#7957);
#7225=PLANE('',#7958);
#7226=PLANE('',#7959);
#7227=PLANE('',#7960);
#7228=PLANE('',#7965);
#7229=PLANE('',#7966);
#7230=PLANE('',#7967);
#7231=PLANE('',#7968);
#7232=PLANE('',#7985);
#7233=PLANE('',#7986);
#7234=PLANE('',#7987);
#7235=PLANE('',#7988);
#7236=PLANE('',#7989);
#7237=PLANE('',#7990);
#7238=PLANE('',#7991);
#7239=PLANE('',#7992);
#7240=PLANE('',#7995);
#7241=PLANE('',#7998);
#7242=PLANE('',#8001);
#7243=PLANE('',#8004);
#7244=PLANE('',#8007);
#7245=PLANE('',#8010);
#7246=PLANE('',#8013);
#7247=PLANE('',#8014);
#7248=PLANE('',#8017);
#7249=PLANE('',#8018);
#7250=PLANE('',#8019);
#7251=PLANE('',#8020);
#7252=PLANE('',#8021);
#7253=PLANE('',#8022);
#7254=PLANE('',#8035);
#7255=PLANE('',#8036);
#7256=PLANE('',#8043);
#7257=PLANE('',#8044);
#7258=PLANE('',#8045);
#7259=PLANE('',#8046);
#7260=PLANE('',#8047);
#7261=PLANE('',#8048);
#7262=PLANE('',#8049);
#7263=PLANE('',#8050);
#7264=PLANE('',#8051);
#7265=PLANE('',#8052);
#7266=PLANE('',#8053);
#7267=PLANE('',#8054);
#7268=PLANE('',#8055);
#7269=PLANE('',#8056);
#7270=PLANE('',#8057);
#7271=PLANE('',#8058);
#7272=PLANE('',#8059);
#7273=PLANE('',#8060);
#7274=PLANE('',#8061);
#7275=PLANE('',#8062);
#7276=PLANE('',#8063);
#7277=PLANE('',#8064);
#7278=PLANE('',#8065);
#7279=PLANE('',#8066);
#7280=PLANE('',#8067);
#7281=PLANE('',#8068);
#7282=PLANE('',#8069);
#7283=PLANE('',#8070);
#7284=PLANE('',#8071);
#7285=PLANE('',#8072);
#7286=PLANE('',#8073);
#7287=PLANE('',#8074);
#7288=PLANE('',#8075);
#7289=PLANE('',#8076);
#7290=PLANE('',#8077);
#7291=PLANE('',#8078);
#7292=PLANE('',#8079);
#7293=PLANE('',#8080);
#7294=PLANE('',#8081);
#7295=PLANE('',#8082);
#7296=PLANE('',#8083);
#7297=PLANE('',#8084);
#7298=PLANE('',#8085);
#7299=PLANE('',#8086);
#7300=PLANE('',#8087);
#7301=PLANE('',#8088);
#7302=PLANE('',#8089);
#7303=PLANE('',#8090);
#7304=PLANE('',#8091);
#7305=PLANE('',#8092);
#7306=PLANE('',#8093);
#7307=PLANE('',#8094);
#7308=PLANE('',#8095);
#7309=PLANE('',#8096);
#7310=PLANE('',#8097);
#7311=PLANE('',#8098);
#7312=PLANE('',#8099);
#7313=PLANE('',#8100);
#7314=PLANE('',#8101);
#7315=PLANE('',#8102);
#7316=PLANE('',#8103);
#7317=PLANE('',#8104);
#7318=PLANE('',#8105);
#7319=PLANE('',#8106);
#7320=PLANE('',#8107);
#7321=PLANE('',#8108);
#7322=PLANE('',#8109);
#7323=PLANE('',#8110);
#7324=PLANE('',#8111);
#7325=PLANE('',#8112);
#7326=PLANE('',#8113);
#7327=PLANE('',#8114);
#7328=PLANE('',#8115);
#7329=PLANE('',#8116);
#7330=PLANE('',#8117);
#7331=PLANE('',#8118);
#7332=PLANE('',#8119);
#7333=PLANE('',#8120);
#7334=PLANE('',#8121);
#7335=PLANE('',#8122);
#7336=PLANE('',#8123);
#7337=PLANE('',#8124);
#7338=PLANE('',#8125);
#7339=PLANE('',#8126);
#7340=PLANE('',#8127);
#7341=PLANE('',#8128);
#7342=PLANE('',#8129);
#7343=PLANE('',#8130);
#7344=PLANE('',#8131);
#7345=PLANE('',#8132);
#7346=PLANE('',#8133);
#7347=PLANE('',#8134);
#7348=PLANE('',#8135);
#7349=PLANE('',#8136);
#7350=PLANE('',#8137);
#7351=PLANE('',#8138);
#7352=PLANE('',#8139);
#7353=PLANE('',#8140);
#7354=PLANE('',#8141);
#7355=PLANE('',#8142);
#7356=PLANE('',#8143);
#7357=PLANE('',#8144);
#7358=PLANE('',#8145);
#7359=PLANE('',#8146);
#7360=PLANE('',#8147);
#7361=PLANE('',#8148);
#7362=PLANE('',#8149);
#7363=PLANE('',#8150);
#7364=PLANE('',#8151);
#7365=PLANE('',#8152);
#7366=PLANE('',#8153);
#7367=PLANE('',#8154);
#7368=PLANE('',#8155);
#7369=PLANE('',#8156);
#7370=PLANE('',#8157);
#7371=PLANE('',#8158);
#7372=PLANE('',#8159);
#7373=PLANE('',#8160);
#7374=PLANE('',#8161);
#7375=PLANE('',#8162);
#7376=PLANE('',#8163);
#7377=PLANE('',#8164);
#7378=PLANE('',#8165);
#7379=PLANE('',#8166);
#7380=PLANE('',#8167);
#7381=PLANE('',#8168);
#7382=PLANE('',#8169);
#7383=PLANE('',#8170);
#7384=PLANE('',#8171);
#7385=PLANE('',#8172);
#7386=PLANE('',#8173);
#7387=PLANE('',#8174);
#7388=PLANE('',#8175);
#7389=PLANE('',#8176);
#7390=PLANE('',#8177);
#7391=PLANE('',#8178);
#7392=PLANE('',#8179);
#7393=PLANE('',#8180);
#7394=PLANE('',#8181);
#7395=PLANE('',#8182);
#7396=PLANE('',#8183);
#7397=PLANE('',#8209);
#7398=PLANE('',#8210);
#7399=PLANE('',#8211);
#7400=PLANE('',#8212);
#7401=PLANE('',#8213);
#7402=PLANE('',#8214);
#7403=PLANE('',#8215);
#7404=PLANE('',#8219);
#7405=PLANE('',#8220);
#7406=PLANE('',#8221);
#7407=PLANE('',#8222);
#7408=PLANE('',#8223);
#7409=PLANE('',#8224);
#7410=PLANE('',#8225);
#7411=PLANE('',#8226);
#7412=PLANE('',#8230);
#7413=PLANE('',#8231);
#7414=PLANE('',#8232);
#7415=PLANE('',#8233);
#7416=PLANE('',#8234);
#7417=PLANE('',#8235);
#7418=PLANE('',#8236);
#7419=PLANE('',#8240);
#7420=PLANE('',#8241);
#7421=PLANE('',#8242);
#7422=PLANE('',#8243);
#7423=PLANE('',#8244);
#7424=PLANE('',#8245);
#7425=PLANE('',#8249);
#7426=PLANE('',#8250);
#7427=PLANE('',#8251);
#7428=PLANE('',#8252);
#7429=PLANE('',#8253);
#7430=PLANE('',#8254);
#7431=PLANE('',#8255);
#7432=PLANE('',#8256);
#7433=PLANE('',#8260);
#7434=PLANE('',#8261);
#7435=PLANE('',#8262);
#7436=PLANE('',#8263);
#7437=PLANE('',#8264);
#7438=PLANE('',#8265);
#7439=PLANE('',#8269);
#7440=PLANE('',#8270);
#7441=PLANE('',#8271);
#7442=PLANE('',#8272);
#7443=PLANE('',#8273);
#7444=PLANE('',#8274);
#7445=PLANE('',#8275);
#7446=PLANE('',#8276);
#7447=PLANE('',#8280);
#7448=PLANE('',#8281);
#7449=PLANE('',#8282);
#7450=PLANE('',#8283);
#7451=PLANE('',#8284);
#7452=PLANE('',#8285);
#7453=PLANE('',#8289);
#7454=PLANE('',#8290);
#7455=PLANE('',#8291);
#7456=PLANE('',#8292);
#7457=PLANE('',#8293);
#7458=PLANE('',#8294);
#7459=ADVANCED_FACE('',(#594),#7197,.T.);
#7460=ADVANCED_FACE('',(#595),#7198,.T.);
#7461=ADVANCED_FACE('',(#596),#7199,.T.);
#7462=ADVANCED_FACE('',(#597),#7200,.F.);
#7463=ADVANCED_FACE('',(#598),#7201,.T.);
#7464=ADVANCED_FACE('',(#599),#7202,.T.);
#7465=ADVANCED_FACE('',(#600),#416,.F.);
#7466=ADVANCED_FACE('',(#601),#7203,.T.);
#7467=ADVANCED_FACE('',(#602),#7204,.T.);
#7468=ADVANCED_FACE('',(#603),#7205,.T.);
#7469=ADVANCED_FACE('',(#604),#7206,.T.);
#7470=ADVANCED_FACE('',(#605),#7207,.T.);
#7471=ADVANCED_FACE('',(#606),#417,.F.);
#7472=ADVANCED_FACE('',(#607),#7208,.T.);
#7473=ADVANCED_FACE('',(#608),#7209,.T.);
#7474=ADVANCED_FACE('',(#609),#7210,.T.);
#7475=ADVANCED_FACE('',(#610),#7211,.T.);
#7476=ADVANCED_FACE('',(#611),#7212,.T.);
#7477=ADVANCED_FACE('',(#612),#418,.F.);
#7478=ADVANCED_FACE('',(#613),#7213,.T.);
#7479=ADVANCED_FACE('',(#614),#7214,.T.);
#7480=ADVANCED_FACE('',(#615),#7215,.T.);
#7481=ADVANCED_FACE('',(#616),#7216,.T.);
#7482=ADVANCED_FACE('',(#617),#7217,.T.);
#7483=ADVANCED_FACE('',(#618),#7218,.T.);
#7484=ADVANCED_FACE('',(#619),#7219,.T.);
#7485=ADVANCED_FACE('',(#620),#7220,.T.);
#7486=ADVANCED_FACE('',(#621),#419,.F.);
#7487=ADVANCED_FACE('',(#622),#7221,.T.);
#7488=ADVANCED_FACE('',(#623),#7222,.T.);
#7489=ADVANCED_FACE('',(#624),#7223,.T.);
#7490=ADVANCED_FACE('',(#625),#7224,.T.);
#7491=ADVANCED_FACE('',(#626),#7225,.T.);
#7492=ADVANCED_FACE('',(#627),#7226,.T.);
#7493=ADVANCED_FACE('',(#628),#7227,.T.);
#7494=ADVANCED_FACE('',(#629),#420,.F.);
#7495=ADVANCED_FACE('',(#630),#7228,.T.);
#7496=ADVANCED_FACE('',(#631),#7229,.T.);
#7497=ADVANCED_FACE('',(#632),#7230,.T.);
#7498=ADVANCED_FACE('',(#633),#7231,.T.);
#7499=ADVANCED_FACE('',(#634),#421,.F.);
#7500=ADVANCED_FACE('',(#635),#422,.F.);
#7501=ADVANCED_FACE('',(#636),#423,.F.);
#7502=ADVANCED_FACE('',(#637),#424,.F.);
#7503=ADVANCED_FACE('',(#638),#425,.F.);
#7504=ADVANCED_FACE('',(#639),#426,.F.);
#7505=ADVANCED_FACE('',(#640),#427,.F.);
#7506=ADVANCED_FACE('',(#641),#428,.F.);
#7507=ADVANCED_FACE('',(#642),#7232,.F.);
#7508=ADVANCED_FACE('',(#643),#7233,.F.);
#7509=ADVANCED_FACE('',(#644),#7234,.F.);
#7510=ADVANCED_FACE('',(#645),#7235,.F.);
#7511=ADVANCED_FACE('',(#646),#7236,.F.);
#7512=ADVANCED_FACE('',(#647),#7237,.F.);
#7513=ADVANCED_FACE('',(#648),#7238,.F.);
#7514=ADVANCED_FACE('',(#649),#7239,.F.);
#7515=ADVANCED_FACE('',(#650),#429,.F.);
#7516=ADVANCED_FACE('',(#651),#7240,.F.);
#7517=ADVANCED_FACE('',(#652),#430,.F.);
#7518=ADVANCED_FACE('',(#653),#7241,.F.);
#7519=ADVANCED_FACE('',(#654),#431,.F.);
#7520=ADVANCED_FACE('',(#655),#7242,.F.);
#7521=ADVANCED_FACE('',(#656),#432,.F.);
#7522=ADVANCED_FACE('',(#657),#7243,.F.);
#7523=ADVANCED_FACE('',(#658),#433,.F.);
#7524=ADVANCED_FACE('',(#659),#7244,.F.);
#7525=ADVANCED_FACE('',(#660),#434,.F.);
#7526=ADVANCED_FACE('',(#661),#7245,.F.);
#7527=ADVANCED_FACE('',(#662),#435,.F.);
#7528=ADVANCED_FACE('',(#663),#7246,.F.);
#7529=ADVANCED_FACE('',(#664),#7247,.F.);
#7530=ADVANCED_FACE('',(#665),#436,.F.);
#7531=ADVANCED_FACE('',(#666),#7248,.F.);
#7532=ADVANCED_FACE('',(#667),#7249,.F.);
#7533=ADVANCED_FACE('',(#668),#7250,.F.);
#7534=ADVANCED_FACE('',(#669),#7251,.F.);
#7535=ADVANCED_FACE('',(#670),#7252,.F.);
#7536=ADVANCED_FACE('',(#671),#7253,.F.);
#7537=ADVANCED_FACE('',(#672),#413,.T.);
#7538=ADVANCED_FACE('',(#673),#437,.T.);
#7539=ADVANCED_FACE('',(#674),#438,.F.);
#7540=ADVANCED_FACE('',(#675),#439,.T.);
#7541=ADVANCED_FACE('',(#676,#383),#7254,.T.);
#7542=ADVANCED_FACE('',(#677,#384),#7255,.F.);
#7543=ADVANCED_FACE('',(#678),#440,.F.);
#7544=ADVANCED_FACE('',(#679),#441,.T.);
#7545=ADVANCED_FACE('',(#680,#385),#7256,.T.);
#7546=ADVANCED_FACE('',(#681,#386,#387,#388,#389,#390,#391,#392,#393,#394,
#395,#396,#397,#398,#399,#400,#401,#402),#7257,.T.);
#7547=ADVANCED_FACE('',(#682),#7258,.T.);
#7548=ADVANCED_FACE('',(#683),#7259,.T.);
#7549=ADVANCED_FACE('',(#684),#7260,.T.);
#7550=ADVANCED_FACE('',(#685),#7261,.T.);
#7551=ADVANCED_FACE('',(#686),#7262,.T.);
#7552=ADVANCED_FACE('',(#687),#7263,.T.);
#7553=ADVANCED_FACE('',(#688),#7264,.T.);
#7554=ADVANCED_FACE('',(#689),#7265,.T.);
#7555=ADVANCED_FACE('',(#690),#7266,.T.);
#7556=ADVANCED_FACE('',(#691),#7267,.T.);
#7557=ADVANCED_FACE('',(#692),#7268,.T.);
#7558=ADVANCED_FACE('',(#693,#403),#7269,.T.);
#7559=ADVANCED_FACE('',(#694,#404,#405,#406),#7270,.T.);
#7560=ADVANCED_FACE('',(#695),#7271,.T.);
#7561=ADVANCED_FACE('',(#696),#7272,.T.);
#7562=ADVANCED_FACE('',(#697),#7273,.T.);
#7563=ADVANCED_FACE('',(#698),#7274,.T.);
#7564=ADVANCED_FACE('',(#699),#7275,.T.);
#7565=ADVANCED_FACE('',(#700),#7276,.T.);
#7566=ADVANCED_FACE('',(#701),#7277,.T.);
#7567=ADVANCED_FACE('',(#702),#7278,.T.);
#7568=ADVANCED_FACE('',(#703),#7279,.T.);
#7569=ADVANCED_FACE('',(#704),#7280,.T.);
#7570=ADVANCED_FACE('',(#705),#7281,.T.);
#7571=ADVANCED_FACE('',(#706),#29,.T.);
#7572=ADVANCED_FACE('',(#707),#30,.T.);
#7573=ADVANCED_FACE('',(#708),#31,.T.);
#7574=ADVANCED_FACE('',(#709),#32,.T.);
#7575=ADVANCED_FACE('',(#710),#33,.T.);
#7576=ADVANCED_FACE('',(#711),#34,.T.);
#7577=ADVANCED_FACE('',(#712),#7282,.T.);
#7578=ADVANCED_FACE('',(#713),#7283,.T.);
#7579=ADVANCED_FACE('',(#714),#7284,.T.);
#7580=ADVANCED_FACE('',(#715),#7285,.T.);
#7581=ADVANCED_FACE('',(#716),#35,.T.);
#7582=ADVANCED_FACE('',(#717),#36,.T.);
#7583=ADVANCED_FACE('',(#718),#37,.T.);
#7584=ADVANCED_FACE('',(#719),#38,.T.);
#7585=ADVANCED_FACE('',(#720),#39,.T.);
#7586=ADVANCED_FACE('',(#721),#40,.T.);
#7587=ADVANCED_FACE('',(#722),#41,.T.);
#7588=ADVANCED_FACE('',(#723),#7286,.T.);
#7589=ADVANCED_FACE('',(#724),#7287,.T.);
#7590=ADVANCED_FACE('',(#725),#7288,.T.);
#7591=ADVANCED_FACE('',(#726),#42,.T.);
#7592=ADVANCED_FACE('',(#727),#43,.T.);
#7593=ADVANCED_FACE('',(#728),#44,.T.);
#7594=ADVANCED_FACE('',(#729),#7289,.T.);
#7595=ADVANCED_FACE('',(#730),#7290,.T.);
#7596=ADVANCED_FACE('',(#731),#7291,.T.);
#7597=ADVANCED_FACE('',(#732,#407),#7292,.T.);
#7598=ADVANCED_FACE('',(#733),#7293,.T.);
#7599=ADVANCED_FACE('',(#734),#7294,.T.);
#7600=ADVANCED_FACE('',(#735),#7295,.T.);
#7601=ADVANCED_FACE('',(#736),#45,.T.);
#7602=ADVANCED_FACE('',(#737),#7296,.T.);
#7603=ADVANCED_FACE('',(#738),#46,.T.);
#7604=ADVANCED_FACE('',(#739),#47,.T.);
#7605=ADVANCED_FACE('',(#740),#7297,.T.);
#7606=ADVANCED_FACE('',(#741),#7298,.T.);
#7607=ADVANCED_FACE('',(#742),#7299,.T.);
#7608=ADVANCED_FACE('',(#743),#48,.T.);
#7609=ADVANCED_FACE('',(#744),#49,.T.);
#7610=ADVANCED_FACE('',(#745),#50,.T.);
#7611=ADVANCED_FACE('',(#746),#51,.T.);
#7612=ADVANCED_FACE('',(#747),#52,.T.);
#7613=ADVANCED_FACE('',(#748),#53,.T.);
#7614=ADVANCED_FACE('',(#749),#54,.T.);
#7615=ADVANCED_FACE('',(#750),#55,.T.);
#7616=ADVANCED_FACE('',(#751),#56,.T.);
#7617=ADVANCED_FACE('',(#752),#57,.T.);
#7618=ADVANCED_FACE('',(#753),#58,.T.);
#7619=ADVANCED_FACE('',(#754),#59,.T.);
#7620=ADVANCED_FACE('',(#755),#60,.T.);
#7621=ADVANCED_FACE('',(#756),#61,.T.);
#7622=ADVANCED_FACE('',(#757),#62,.T.);
#7623=ADVANCED_FACE('',(#758),#63,.T.);
#7624=ADVANCED_FACE('',(#759),#64,.T.);
#7625=ADVANCED_FACE('',(#760),#65,.T.);
#7626=ADVANCED_FACE('',(#761),#66,.T.);
#7627=ADVANCED_FACE('',(#762),#67,.T.);
#7628=ADVANCED_FACE('',(#763,#408),#7300,.T.);
#7629=ADVANCED_FACE('',(#764),#7301,.T.);
#7630=ADVANCED_FACE('',(#765),#7302,.T.);
#7631=ADVANCED_FACE('',(#766),#7303,.T.);
#7632=ADVANCED_FACE('',(#767),#7304,.T.);
#7633=ADVANCED_FACE('',(#768),#7305,.T.);
#7634=ADVANCED_FACE('',(#769),#7306,.T.);
#7635=ADVANCED_FACE('',(#770),#68,.T.);
#7636=ADVANCED_FACE('',(#771),#69,.T.);
#7637=ADVANCED_FACE('',(#772),#70,.T.);
#7638=ADVANCED_FACE('',(#773),#71,.T.);
#7639=ADVANCED_FACE('',(#774),#72,.T.);
#7640=ADVANCED_FACE('',(#775),#73,.T.);
#7641=ADVANCED_FACE('',(#776),#74,.T.);
#7642=ADVANCED_FACE('',(#777),#75,.T.);
#7643=ADVANCED_FACE('',(#778),#7307,.T.);
#7644=ADVANCED_FACE('',(#779),#7308,.T.);
#7645=ADVANCED_FACE('',(#780),#76,.T.);
#7646=ADVANCED_FACE('',(#781),#77,.T.);
#7647=ADVANCED_FACE('',(#782),#78,.T.);
#7648=ADVANCED_FACE('',(#783),#79,.T.);
#7649=ADVANCED_FACE('',(#784),#80,.T.);
#7650=ADVANCED_FACE('',(#785),#7309,.T.);
#7651=ADVANCED_FACE('',(#786),#81,.T.);
#7652=ADVANCED_FACE('',(#787),#82,.T.);
#7653=ADVANCED_FACE('',(#788),#7310,.T.);
#7654=ADVANCED_FACE('',(#789),#83,.T.);
#7655=ADVANCED_FACE('',(#790),#84,.T.);
#7656=ADVANCED_FACE('',(#791),#85,.T.);
#7657=ADVANCED_FACE('',(#792),#86,.T.);
#7658=ADVANCED_FACE('',(#793),#87,.T.);
#7659=ADVANCED_FACE('',(#794),#88,.T.);
#7660=ADVANCED_FACE('',(#795),#89,.T.);
#7661=ADVANCED_FACE('',(#796),#90,.T.);
#7662=ADVANCED_FACE('',(#797),#91,.T.);
#7663=ADVANCED_FACE('',(#798),#92,.T.);
#7664=ADVANCED_FACE('',(#799),#7311,.T.);
#7665=ADVANCED_FACE('',(#800),#93,.T.);
#7666=ADVANCED_FACE('',(#801),#94,.T.);
#7667=ADVANCED_FACE('',(#802),#95,.T.);
#7668=ADVANCED_FACE('',(#803),#96,.T.);
#7669=ADVANCED_FACE('',(#804,#409),#7312,.T.);
#7670=ADVANCED_FACE('',(#805),#7313,.T.);
#7671=ADVANCED_FACE('',(#806),#7314,.T.);
#7672=ADVANCED_FACE('',(#807),#7315,.T.);
#7673=ADVANCED_FACE('',(#808),#7316,.T.);
#7674=ADVANCED_FACE('',(#809),#7317,.T.);
#7675=ADVANCED_FACE('',(#810),#7318,.T.);
#7676=ADVANCED_FACE('',(#811),#7319,.T.);
#7677=ADVANCED_FACE('',(#812),#7320,.T.);
#7678=ADVANCED_FACE('',(#813),#7321,.T.);
#7679=ADVANCED_FACE('',(#814),#7322,.T.);
#7680=ADVANCED_FACE('',(#815),#7323,.T.);
#7681=ADVANCED_FACE('',(#816),#7324,.T.);
#7682=ADVANCED_FACE('',(#817,#410),#7325,.T.);
#7683=ADVANCED_FACE('',(#818),#7326,.T.);
#7684=ADVANCED_FACE('',(#819),#97,.T.);
#7685=ADVANCED_FACE('',(#820),#98,.T.);
#7686=ADVANCED_FACE('',(#821),#99,.T.);
#7687=ADVANCED_FACE('',(#822),#100,.T.);
#7688=ADVANCED_FACE('',(#823),#101,.T.);
#7689=ADVANCED_FACE('',(#824),#102,.T.);
#7690=ADVANCED_FACE('',(#825),#103,.T.);
#7691=ADVANCED_FACE('',(#826),#104,.T.);
#7692=ADVANCED_FACE('',(#827),#7327,.T.);
#7693=ADVANCED_FACE('',(#828),#105,.T.);
#7694=ADVANCED_FACE('',(#829),#106,.T.);
#7695=ADVANCED_FACE('',(#830),#7328,.T.);
#7696=ADVANCED_FACE('',(#831),#7329,.T.);
#7697=ADVANCED_FACE('',(#832),#7330,.T.);
#7698=ADVANCED_FACE('',(#833),#107,.T.);
#7699=ADVANCED_FACE('',(#834),#108,.T.);
#7700=ADVANCED_FACE('',(#835),#7331,.T.);
#7701=ADVANCED_FACE('',(#836),#7332,.T.);
#7702=ADVANCED_FACE('',(#837),#7333,.T.);
#7703=ADVANCED_FACE('',(#838),#7334,.T.);
#7704=ADVANCED_FACE('',(#839),#7335,.T.);
#7705=ADVANCED_FACE('',(#840),#109,.T.);
#7706=ADVANCED_FACE('',(#841),#7336,.T.);
#7707=ADVANCED_FACE('',(#842),#7337,.T.);
#7708=ADVANCED_FACE('',(#843),#7338,.T.);
#7709=ADVANCED_FACE('',(#844),#7339,.T.);
#7710=ADVANCED_FACE('',(#845),#7340,.T.);
#7711=ADVANCED_FACE('',(#846),#7341,.T.);
#7712=ADVANCED_FACE('',(#847),#7342,.T.);
#7713=ADVANCED_FACE('',(#848),#7343,.T.);
#7714=ADVANCED_FACE('',(#849),#110,.T.);
#7715=ADVANCED_FACE('',(#850),#111,.T.);
#7716=ADVANCED_FACE('',(#851),#7344,.T.);
#7717=ADVANCED_FACE('',(#852),#7345,.T.);
#7718=ADVANCED_FACE('',(#853),#7346,.T.);
#7719=ADVANCED_FACE('',(#854),#112,.T.);
#7720=ADVANCED_FACE('',(#855),#113,.T.);
#7721=ADVANCED_FACE('',(#856),#7347,.T.);
#7722=ADVANCED_FACE('',(#857),#7348,.T.);
#7723=ADVANCED_FACE('',(#858),#7349,.T.);
#7724=ADVANCED_FACE('',(#859),#7350,.T.);
#7725=ADVANCED_FACE('',(#860),#7351,.T.);
#7726=ADVANCED_FACE('',(#861),#114,.T.);
#7727=ADVANCED_FACE('',(#862),#7352,.T.);
#7728=ADVANCED_FACE('',(#863),#115,.T.);
#7729=ADVANCED_FACE('',(#864),#116,.T.);
#7730=ADVANCED_FACE('',(#865),#117,.T.);
#7731=ADVANCED_FACE('',(#866),#118,.T.);
#7732=ADVANCED_FACE('',(#867),#7353,.T.);
#7733=ADVANCED_FACE('',(#868),#7354,.T.);
#7734=ADVANCED_FACE('',(#869),#119,.T.);
#7735=ADVANCED_FACE('',(#870),#7355,.T.);
#7736=ADVANCED_FACE('',(#871),#120,.T.);
#7737=ADVANCED_FACE('',(#872),#121,.T.);
#7738=ADVANCED_FACE('',(#873),#122,.T.);
#7739=ADVANCED_FACE('',(#874),#7356,.T.);
#7740=ADVANCED_FACE('',(#875),#123,.T.);
#7741=ADVANCED_FACE('',(#876),#124,.T.);
#7742=ADVANCED_FACE('',(#877),#125,.T.);
#7743=ADVANCED_FACE('',(#878),#126,.T.);
#7744=ADVANCED_FACE('',(#879),#127,.T.);
#7745=ADVANCED_FACE('',(#880),#7357,.T.);
#7746=ADVANCED_FACE('',(#881),#128,.T.);
#7747=ADVANCED_FACE('',(#882),#129,.T.);
#7748=ADVANCED_FACE('',(#883),#130,.T.);
#7749=ADVANCED_FACE('',(#884),#131,.T.);
#7750=ADVANCED_FACE('',(#885),#132,.T.);
#7751=ADVANCED_FACE('',(#886,#411),#7358,.T.);
#7752=ADVANCED_FACE('',(#887),#7359,.T.);
#7753=ADVANCED_FACE('',(#888),#7360,.T.);
#7754=ADVANCED_FACE('',(#889),#7361,.T.);
#7755=ADVANCED_FACE('',(#890),#7362,.T.);
#7756=ADVANCED_FACE('',(#891),#7363,.T.);
#7757=ADVANCED_FACE('',(#892),#7364,.T.);
#7758=ADVANCED_FACE('',(#893),#7365,.T.);
#7759=ADVANCED_FACE('',(#894),#7366,.T.);
#7760=ADVANCED_FACE('',(#895),#7367,.T.);
#7761=ADVANCED_FACE('',(#896),#7368,.T.);
#7762=ADVANCED_FACE('',(#897),#7369,.T.);
#7763=ADVANCED_FACE('',(#898),#7370,.T.);
#7764=ADVANCED_FACE('',(#899),#7371,.T.);
#7765=ADVANCED_FACE('',(#900),#7372,.T.);
#7766=ADVANCED_FACE('',(#901),#133,.T.);
#7767=ADVANCED_FACE('',(#902),#134,.T.);
#7768=ADVANCED_FACE('',(#903),#135,.T.);
#7769=ADVANCED_FACE('',(#904),#136,.T.);
#7770=ADVANCED_FACE('',(#905),#137,.T.);
#7771=ADVANCED_FACE('',(#906),#138,.T.);
#7772=ADVANCED_FACE('',(#907),#139,.T.);
#7773=ADVANCED_FACE('',(#908),#140,.T.);
#7774=ADVANCED_FACE('',(#909),#7373,.T.);
#7775=ADVANCED_FACE('',(#910),#141,.T.);
#7776=ADVANCED_FACE('',(#911),#7374,.T.);
#7777=ADVANCED_FACE('',(#912),#142,.T.);
#7778=ADVANCED_FACE('',(#913),#143,.T.);
#7779=ADVANCED_FACE('',(#914),#144,.T.);
#7780=ADVANCED_FACE('',(#915),#7375,.T.);
#7781=ADVANCED_FACE('',(#916),#7376,.T.);
#7782=ADVANCED_FACE('',(#917),#7377,.T.);
#7783=ADVANCED_FACE('',(#918),#7378,.T.);
#7784=ADVANCED_FACE('',(#919),#7379,.T.);
#7785=ADVANCED_FACE('',(#920),#145,.T.);
#7786=ADVANCED_FACE('',(#921),#146,.T.);
#7787=ADVANCED_FACE('',(#922),#7380,.T.);
#7788=ADVANCED_FACE('',(#923),#7381,.T.);
#7789=ADVANCED_FACE('',(#924),#7382,.T.);
#7790=ADVANCED_FACE('',(#925),#7383,.T.);
#7791=ADVANCED_FACE('',(#926),#7384,.T.);
#7792=ADVANCED_FACE('',(#927),#7385,.T.);
#7793=ADVANCED_FACE('',(#928),#7386,.T.);
#7794=ADVANCED_FACE('',(#929),#7387,.T.);
#7795=ADVANCED_FACE('',(#930),#7388,.T.);
#7796=ADVANCED_FACE('',(#931),#7389,.T.);
#7797=ADVANCED_FACE('',(#932),#7390,.T.);
#7798=ADVANCED_FACE('',(#933),#7391,.T.);
#7799=ADVANCED_FACE('',(#934),#7392,.T.);
#7800=ADVANCED_FACE('',(#935),#7393,.T.);
#7801=ADVANCED_FACE('',(#936),#7394,.T.);
#7802=ADVANCED_FACE('',(#937),#7395,.T.);
#7803=ADVANCED_FACE('',(#938),#7396,.T.);
#7804=ADVANCED_FACE('',(#939),#414,.T.);
#7805=ADVANCED_FACE('',(#940),#442,.T.);
#7806=ADVANCED_FACE('',(#941),#443,.T.);
#7807=ADVANCED_FACE('',(#942),#444,.T.);
#7808=ADVANCED_FACE('',(#943),#415,.T.);
#7809=ADVANCED_FACE('',(#944),#445,.T.);
#7810=ADVANCED_FACE('',(#945),#446,.T.);
#7811=ADVANCED_FACE('',(#946),#447,.T.);
#7812=ADVANCED_FACE('',(#947),#448,.T.);
#7813=ADVANCED_FACE('',(#948),#449,.T.);
#7814=ADVANCED_FACE('',(#949),#450,.T.);
#7815=ADVANCED_FACE('',(#950),#451,.T.);
#7816=ADVANCED_FACE('',(#951),#7397,.F.);
#7817=ADVANCED_FACE('',(#952),#7398,.F.);
#7818=ADVANCED_FACE('',(#953),#7399,.T.);
#7819=ADVANCED_FACE('',(#954,#412),#7400,.F.);
#7820=ADVANCED_FACE('',(#955),#7401,.F.);
#7821=ADVANCED_FACE('',(#956),#7402,.F.);
#7822=ADVANCED_FACE('',(#957),#7403,.T.);
#7823=ADVANCED_FACE('',(#958),#452,.F.);
#7824=ADVANCED_FACE('',(#959),#7404,.T.);
#7825=ADVANCED_FACE('',(#960),#7405,.T.);
#7826=ADVANCED_FACE('',(#961),#7406,.T.);
#7827=ADVANCED_FACE('',(#962),#7407,.T.);
#7828=ADVANCED_FACE('',(#963),#7408,.T.);
#7829=ADVANCED_FACE('',(#964),#7409,.F.);
#7830=ADVANCED_FACE('',(#965),#7410,.T.);
#7831=ADVANCED_FACE('',(#966),#7411,.T.);
#7832=ADVANCED_FACE('',(#967),#453,.F.);
#7833=ADVANCED_FACE('',(#968),#7412,.T.);
#7834=ADVANCED_FACE('',(#969),#7413,.T.);
#7835=ADVANCED_FACE('',(#970),#7414,.T.);
#7836=ADVANCED_FACE('',(#971),#7415,.T.);
#7837=ADVANCED_FACE('',(#972),#7416,.F.);
#7838=ADVANCED_FACE('',(#973),#7417,.T.);
#7839=ADVANCED_FACE('',(#974),#7418,.T.);
#7840=ADVANCED_FACE('',(#975),#454,.F.);
#7841=ADVANCED_FACE('',(#976),#7419,.T.);
#7842=ADVANCED_FACE('',(#977),#7420,.T.);
#7843=ADVANCED_FACE('',(#978),#7421,.T.);
#7844=ADVANCED_FACE('',(#979),#7422,.T.);
#7845=ADVANCED_FACE('',(#980),#7423,.F.);
#7846=ADVANCED_FACE('',(#981),#7424,.T.);
#7847=ADVANCED_FACE('',(#982),#455,.F.);
#7848=ADVANCED_FACE('',(#983),#7425,.T.);
#7849=ADVANCED_FACE('',(#984),#7426,.T.);
#7850=ADVANCED_FACE('',(#985),#7427,.T.);
#7851=ADVANCED_FACE('',(#986),#7428,.T.);
#7852=ADVANCED_FACE('',(#987),#7429,.T.);
#7853=ADVANCED_FACE('',(#988),#7430,.F.);
#7854=ADVANCED_FACE('',(#989),#7431,.T.);
#7855=ADVANCED_FACE('',(#990),#7432,.T.);
#7856=ADVANCED_FACE('',(#991),#456,.F.);
#7857=ADVANCED_FACE('',(#992),#7433,.T.);
#7858=ADVANCED_FACE('',(#993),#7434,.T.);
#7859=ADVANCED_FACE('',(#994),#7435,.T.);
#7860=ADVANCED_FACE('',(#995),#7436,.T.);
#7861=ADVANCED_FACE('',(#996),#7437,.F.);
#7862=ADVANCED_FACE('',(#997),#7438,.T.);
#7863=ADVANCED_FACE('',(#998),#457,.F.);
#7864=ADVANCED_FACE('',(#999),#7439,.T.);
#7865=ADVANCED_FACE('',(#1000),#7440,.T.);
#7866=ADVANCED_FACE('',(#1001),#7441,.T.);
#7867=ADVANCED_FACE('',(#1002),#7442,.T.);
#7868=ADVANCED_FACE('',(#1003),#7443,.T.);
#7869=ADVANCED_FACE('',(#1004),#7444,.F.);
#7870=ADVANCED_FACE('',(#1005),#7445,.T.);
#7871=ADVANCED_FACE('',(#1006),#7446,.T.);
#7872=ADVANCED_FACE('',(#1007),#458,.F.);
#7873=ADVANCED_FACE('',(#1008),#7447,.T.);
#7874=ADVANCED_FACE('',(#1009),#7448,.T.);
#7875=ADVANCED_FACE('',(#1010),#7449,.T.);
#7876=ADVANCED_FACE('',(#1011),#7450,.T.);
#7877=ADVANCED_FACE('',(#1012),#7451,.F.);
#7878=ADVANCED_FACE('',(#1013),#7452,.T.);
#7879=ADVANCED_FACE('',(#1014),#459,.F.);
#7880=ADVANCED_FACE('',(#1015),#7453,.T.);
#7881=ADVANCED_FACE('',(#1016),#7454,.T.);
#7882=ADVANCED_FACE('',(#1017),#7455,.T.);
#7883=ADVANCED_FACE('',(#1018),#7456,.T.);
#7884=ADVANCED_FACE('',(#1019),#7457,.T.);
#7885=ADVANCED_FACE('',(#1020),#7458,.F.);
#7886=CLOSED_SHELL('',(#7459,#7460,#7461,#7462,#7463,#7464,#7465,#7466,
#7467,#7468,#7469,#7470,#7471,#7472,#7473,#7474,#7475,#7476,#7477,#7478,
#7479,#7480,#7481,#7482,#7483,#7484,#7485,#7486,#7487,#7488,#7489,#7490,
#7491,#7492,#7493,#7494,#7495,#7496,#7497,#7498,#7499,#7500,#7501,#7502,
#7503,#7504,#7505,#7506,#7507,#7508,#7509,#7510,#7511,#7512,#7513,#7514,
#7515,#7516,#7517,#7518,#7519,#7520,#7521,#7522,#7523,#7524,#7525,#7526,
#7527,#7528,#7529,#7530,#7531,#7532,#7533,#7534,#7535,#7536,#7537,#7538,
#7539,#7540,#7541,#7542,#7543,#7544,#7545,#7546,#7547,#7548,#7549,#7550,
#7551,#7552,#7553,#7554,#7555,#7556,#7557,#7558,#7559,#7560,#7561,#7562,
#7563,#7564,#7565,#7566,#7567,#7568,#7569,#7570,#7571,#7572,#7573,#7574,
#7575,#7576,#7577,#7578,#7579,#7580,#7581,#7582,#7583,#7584,#7585,#7586,
#7587,#7588,#7589,#7590,#7591,#7592,#7593,#7594,#7595,#7596,#7597,#7598,
#7599,#7600,#7601,#7602,#7603,#7604,#7605,#7606,#7607,#7608,#7609,#7610,
#7611,#7612,#7613,#7614,#7615,#7616,#7617,#7618,#7619,#7620,#7621,#7622,
#7623,#7624,#7625,#7626,#7627,#7628,#7629,#7630,#7631,#7632,#7633,#7634,
#7635,#7636,#7637,#7638,#7639,#7640,#7641,#7642,#7643,#7644,#7645,#7646,
#7647,#7648,#7649,#7650,#7651,#7652,#7653,#7654,#7655,#7656,#7657,#7658,
#7659,#7660,#7661,#7662,#7663,#7664,#7665,#7666,#7667,#7668,#7669,#7670,
#7671,#7672,#7673,#7674,#7675,#7676,#7677,#7678,#7679,#7680,#7681,#7682,
#7683,#7684,#7685,#7686,#7687,#7688,#7689,#7690,#7691,#7692,#7693,#7694,
#7695,#7696,#7697,#7698,#7699,#7700,#7701,#7702,#7703,#7704,#7705,#7706,
#7707,#7708,#7709,#7710,#7711,#7712,#7713,#7714,#7715,#7716,#7717,#7718,
#7719,#7720,#7721,#7722,#7723,#7724,#7725,#7726,#7727,#7728,#7729,#7730,
#7731,#7732,#7733,#7734,#7735,#7736,#7737,#7738,#7739,#7740,#7741,#7742,
#7743,#7744,#7745,#7746,#7747,#7748,#7749,#7750,#7751,#7752,#7753,#7754,
#7755,#7756,#7757,#7758,#7759,#7760,#7761,#7762,#7763,#7764,#7765,#7766,
#7767,#7768,#7769,#7770,#7771,#7772,#7773,#7774,#7775,#7776,#7777,#7778,
#7779,#7780,#7781,#7782,#7783,#7784,#7785,#7786,#7787,#7788,#7789,#7790,
#7791,#7792,#7793,#7794,#7795,#7796,#7797,#7798,#7799,#7800,#7801,#7802,
#7803,#7804,#7805,#7806,#7807,#7808,#7809,#7810,#7811,#7812,#7813,#7814,
#7815,#7816,#7817,#7818,#7819,#7820,#7821));
#7887=CLOSED_SHELL('',(#7822,#7823,#7824,#7825,#7826,#7827,#7828,#7829));
#7888=CLOSED_SHELL('',(#7830,#7831,#7832,#7833,#7834,#7835,#7836,#7837));
#7889=CLOSED_SHELL('',(#7838,#7839,#7840,#7841,#7842,#7843,#7844,#7845));
#7890=CLOSED_SHELL('',(#7846,#7847,#7848,#7849,#7850,#7851,#7852,#7853));
#7891=CLOSED_SHELL('',(#7854,#7855,#7856,#7857,#7858,#7859,#7860,#7861));
#7892=CLOSED_SHELL('',(#7862,#7863,#7864,#7865,#7866,#7867,#7868,#7869));
#7893=CLOSED_SHELL('',(#7870,#7871,#7872,#7873,#7874,#7875,#7876,#7877));
#7894=CLOSED_SHELL('',(#7878,#7879,#7880,#7881,#7882,#7883,#7884,#7885));
#7895=DERIVED_UNIT_ELEMENT(#7897,1.);
#7896=DERIVED_UNIT_ELEMENT(#14180,-3.);
#7897=(
MASS_UNIT()
NAMED_UNIT(*)
SI_UNIT(.KILO.,.GRAM.)
);
#7898=DERIVED_UNIT((#7895,#7896));
#7899=MEASURE_REPRESENTATION_ITEM('density measure',
POSITIVE_RATIO_MEASURE(7850.),#7898);
#7900=PROPERTY_DEFINITION_REPRESENTATION(#7905,#7902);
#7901=PROPERTY_DEFINITION_REPRESENTATION(#7906,#7903);
#7902=REPRESENTATION('material name',(#7904),#14177);
#7903=REPRESENTATION('density',(#7899),#14177);
#7904=DESCRIPTIVE_REPRESENTATION_ITEM('Acciaio','Acciaio');
#7905=PROPERTY_DEFINITION('material property','material name',#14187);
#7906=PROPERTY_DEFINITION('material property','density of part',#14187);
#7907=AXIS2_PLACEMENT_3D('',#9878,#8295,#8296);
#7908=AXIS2_PLACEMENT_3D('',#9879,#8297,#8298);
#7909=AXIS2_PLACEMENT_3D('',#9888,#8303,#8304);
#7910=AXIS2_PLACEMENT_3D('',#9897,#8309,#8310);
#7911=AXIS2_PLACEMENT_3D('',#9902,#8313,#8314);
#7912=AXIS2_PLACEMENT_3D('',#9904,#8316,#8317);
#7913=AXIS2_PLACEMENT_3D('',#9954,#8343,#8344);
#7914=AXIS2_PLACEMENT_3D('',#9958,#8347,#8348);
#7915=AXIS2_PLACEMENT_3D('',#9964,#8352,#8353);
#7916=AXIS2_PLACEMENT_3D('',#9967,#8354,#8355);
#7917=AXIS2_PLACEMENT_3D('',#9971,#8357,#8358);
#7918=AXIS2_PLACEMENT_3D('',#9973,#8360,#8361);
#7919=AXIS2_PLACEMENT_3D('',#9982,#8366,#8367);
#7920=AXIS2_PLACEMENT_3D('',#9987,#8371,#8372);
#7921=AXIS2_PLACEMENT_3D('',#9991,#8375,#8376);
#7922=AXIS2_PLACEMENT_3D('',#9994,#8379,#8380);
#7923=AXIS2_PLACEMENT_3D('',#10000,#8384,#8385);
#7924=AXIS2_PLACEMENT_3D('',#10003,#8386,#8387);
#7925=AXIS2_PLACEMENT_3D('',#10007,#8389,#8390);
#7926=AXIS2_PLACEMENT_3D('',#10009,#8392,#8393);
#7927=AXIS2_PLACEMENT_3D('',#10018,#8398,#8399);
#7928=AXIS2_PLACEMENT_3D('',#10023,#8403,#8404);
#7929=AXIS2_PLACEMENT_3D('',#10027,#8407,#8408);
#7930=AXIS2_PLACEMENT_3D('',#10030,#8411,#8412);
#7931=AXIS2_PLACEMENT_3D('',#10049,#8422,#8423);
#7932=AXIS2_PLACEMENT_3D('',#10053,#8425,#8426);
#7933=AXIS2_PLACEMENT_3D('',#10057,#8428,#8429);
#7934=AXIS2_PLACEMENT_3D('',#10061,#8431,#8432);
#7935=AXIS2_PLACEMENT_3D('',#10065,#8434,#8435);
#7936=AXIS2_PLACEMENT_3D('',#10069,#8437,#8438);
#7937=AXIS2_PLACEMENT_3D('',#10073,#8440,#8441);
#7938=AXIS2_PLACEMENT_3D('',#10077,#8443,#8444);
#7939=AXIS2_PLACEMENT_3D('',#10083,#8448,#8449);
#7940=AXIS2_PLACEMENT_3D('',#10086,#8450,#8451);
#7941=AXIS2_PLACEMENT_3D('',#10090,#8453,#8454);
#7942=AXIS2_PLACEMENT_3D('',#10092,#8456,#8457);
#7943=AXIS2_PLACEMENT_3D('',#10098,#8461,#8462);
#7944=AXIS2_PLACEMENT_3D('',#10102,#8465,#8466);
#7945=AXIS2_PLACEMENT_3D('',#10105,#8469,#8470);
#7946=AXIS2_PLACEMENT_3D('',#10109,#8473,#8474);
#7947=AXIS2_PLACEMENT_3D('',#10115,#8478,#8479);
#7948=AXIS2_PLACEMENT_3D('',#10121,#8483,#8484);
#7949=AXIS2_PLACEMENT_3D('',#10125,#8486,#8487);
#7950=AXIS2_PLACEMENT_3D('',#10127,#8489,#8490);
#7951=AXIS2_PLACEMENT_3D('',#10131,#8493,#8494);
#7952=AXIS2_PLACEMENT_3D('',#10134,#8495,#8496);
#7953=AXIS2_PLACEMENT_3D('',#10138,#8498,#8499);
#7954=AXIS2_PLACEMENT_3D('',#10140,#8501,#8502);
#7955=AXIS2_PLACEMENT_3D('',#10146,#8506,#8507);
#7956=AXIS2_PLACEMENT_3D('',#10150,#8510,#8511);
#7957=AXIS2_PLACEMENT_3D('',#10153,#8514,#8515);
#7958=AXIS2_PLACEMENT_3D('',#10157,#8518,#8519);
#7959=AXIS2_PLACEMENT_3D('',#10161,#8522,#8523);
#7960=AXIS2_PLACEMENT_3D('',#10165,#8526,#8527);
#7961=AXIS2_PLACEMENT_3D('',#10169,#8529,#8530);
#7962=AXIS2_PLACEMENT_3D('',#10171,#8532,#8533);
#7963=AXIS2_PLACEMENT_3D('',#10174,#8534,#8535);
#7964=AXIS2_PLACEMENT_3D('',#10178,#8537,#8538);
#7965=AXIS2_PLACEMENT_3D('',#10180,#8540,#8541);
#7966=AXIS2_PLACEMENT_3D('',#10186,#8545,#8546);
#7967=AXIS2_PLACEMENT_3D('',#10190,#8549,#8550);
#7968=AXIS2_PLACEMENT_3D('',#10193,#8553,#8554);
#7969=AXIS2_PLACEMENT_3D('',#10195,#8556,#8557);
#7970=AXIS2_PLACEMENT_3D('',#10199,#8559,#8560);
#7971=AXIS2_PLACEMENT_3D('',#10201,#8562,#8563);
#7972=AXIS2_PLACEMENT_3D('',#10205,#8565,#8566);
#7973=AXIS2_PLACEMENT_3D('',#10207,#8568,#8569);
#7974=AXIS2_PLACEMENT_3D('',#10211,#8571,#8572);
#7975=AXIS2_PLACEMENT_3D('',#10213,#8574,#8575);
#7976=AXIS2_PLACEMENT_3D('',#10217,#8577,#8578);
#7977=AXIS2_PLACEMENT_3D('',#10219,#8580,#8581);
#7978=AXIS2_PLACEMENT_3D('',#10223,#8583,#8584);
#7979=AXIS2_PLACEMENT_3D('',#10225,#8586,#8587);
#7980=AXIS2_PLACEMENT_3D('',#10229,#8589,#8590);
#7981=AXIS2_PLACEMENT_3D('',#10231,#8592,#8593);
#7982=AXIS2_PLACEMENT_3D('',#10235,#8595,#8596);
#7983=AXIS2_PLACEMENT_3D('',#10237,#8598,#8599);
#7984=AXIS2_PLACEMENT_3D('',#10241,#8601,#8602);
#7985=AXIS2_PLACEMENT_3D('',#10243,#8604,#8605);
#7986=AXIS2_PLACEMENT_3D('',#10247,#8608,#8609);
#7987=AXIS2_PLACEMENT_3D('',#10249,#8611,#8612);
#7988=AXIS2_PLACEMENT_3D('',#10251,#8614,#8615);
#7989=AXIS2_PLACEMENT_3D('',#10253,#8617,#8618);
#7990=AXIS2_PLACEMENT_3D('',#10257,#8621,#8622);
#7991=AXIS2_PLACEMENT_3D('',#10259,#8624,#8625);
#7992=AXIS2_PLACEMENT_3D('',#10261,#8627,#8628);
#7993=AXIS2_PLACEMENT_3D('',#10263,#8630,#8631);
#7994=AXIS2_PLACEMENT_3D('',#10267,#8633,#8634);
#7995=AXIS2_PLACEMENT_3D('',#10269,#8636,#8637);
#7996=AXIS2_PLACEMENT_3D('',#10273,#8640,#8641);
#7997=AXIS2_PLACEMENT_3D('',#10275,#8642,#8643);
#7998=AXIS2_PLACEMENT_3D('',#10277,#8645,#8646);
#7999=AXIS2_PLACEMENT_3D('',#10281,#8649,#8650);
#8000=AXIS2_PLACEMENT_3D('',#10283,#8651,#8652);
#8001=AXIS2_PLACEMENT_3D('',#10285,#8654,#8655);
#8002=AXIS2_PLACEMENT_3D('',#10289,#8658,#8659);
#8003=AXIS2_PLACEMENT_3D('',#10291,#8660,#8661);
#8004=AXIS2_PLACEMENT_3D('',#10293,#8663,#8664);
#8005=AXIS2_PLACEMENT_3D('',#10297,#8667,#8668);
#8006=AXIS2_PLACEMENT_3D('',#10299,#8669,#8670);
#8007=AXIS2_PLACEMENT_3D('',#10301,#8672,#8673);
#8008=AXIS2_PLACEMENT_3D('',#10305,#8676,#8677);
#8009=AXIS2_PLACEMENT_3D('',#10307,#8678,#8679);
#8010=AXIS2_PLACEMENT_3D('',#10309,#8681,#8682);
#8011=AXIS2_PLACEMENT_3D('',#10313,#8685,#8686);
#8012=AXIS2_PLACEMENT_3D('',#10315,#8687,#8688);
#8013=AXIS2_PLACEMENT_3D('',#10317,#8690,#8691);
#8014=AXIS2_PLACEMENT_3D('',#10321,#8694,#8695);
#8015=AXIS2_PLACEMENT_3D('',#10327,#8699,#8700);
#8016=AXIS2_PLACEMENT_3D('',#10331,#8703,#8704);
#8017=AXIS2_PLACEMENT_3D('',#10333,#8706,#8707);
#8018=AXIS2_PLACEMENT_3D('',#10335,#8709,#8710);
#8019=AXIS2_PLACEMENT_3D('',#10336,#8711,#8712);
#8020=AXIS2_PLACEMENT_3D('',#10337,#8713,#8714);
#8021=AXIS2_PLACEMENT_3D('',#10339,#8716,#8717);
#8022=AXIS2_PLACEMENT_3D('',#10340,#8718,#8719);
#8023=AXIS2_PLACEMENT_3D('',#10346,#8723,#8724);
#8024=AXIS2_PLACEMENT_3D('',#10349,#8725,#8726);
#8025=AXIS2_PLACEMENT_3D('',#10351,#8727,#8728);
#8026=AXIS2_PLACEMENT_3D('',#10352,#8729,#8730);
#8027=AXIS2_PLACEMENT_3D('',#10353,#8731,#8732);
#8028=AXIS2_PLACEMENT_3D('',#10356,#8734,#8735);
#8029=AXIS2_PLACEMENT_3D('',#10357,#8736,#8737);
#8030=AXIS2_PLACEMENT_3D('',#10359,#8738,#8739);
#8031=AXIS2_PLACEMENT_3D('',#10362,#8741,#8742);
#8032=AXIS2_PLACEMENT_3D('',#10363,#8743,#8744);
#8033=AXIS2_PLACEMENT_3D('',#10365,#8745,#8746);
#8034=AXIS2_PLACEMENT_3D('',#10368,#8748,#8749);
#8035=AXIS2_PLACEMENT_3D('',#10369,#8750,#8751);
#8036=AXIS2_PLACEMENT_3D('',#10370,#8752,#8753);
#8037=AXIS2_PLACEMENT_3D('',#10379,#8758,#8759);
#8038=AXIS2_PLACEMENT_3D('',#10381,#8760,#8761);
#8039=AXIS2_PLACEMENT_3D('',#10384,#8763,#8764);
#8040=AXIS2_PLACEMENT_3D('',#10385,#8765,#8766);
#8041=AXIS2_PLACEMENT_3D('',#10387,#8767,#8768);
#8042=AXIS2_PLACEMENT_3D('',#10390,#8770,#8771);
#8043=AXIS2_PLACEMENT_3D('',#10391,#8772,#8773);
#8044=AXIS2_PLACEMENT_3D('',#10392,#8774,#8775);
#8045=AXIS2_PLACEMENT_3D('',#11105,#8868,#8869);
#8046=AXIS2_PLACEMENT_3D('',#11114,#8874,#8875);
#8047=AXIS2_PLACEMENT_3D('',#11120,#8879,#8880);
#8048=AXIS2_PLACEMENT_3D('',#11126,#8884,#8885);
#8049=AXIS2_PLACEMENT_3D('',#11129,#8888,#8889);
#8050=AXIS2_PLACEMENT_3D('',#11138,#8894,#8895);
#8051=AXIS2_PLACEMENT_3D('',#11144,#8899,#8900);
#8052=AXIS2_PLACEMENT_3D('',#11150,#8904,#8905);
#8053=AXIS2_PLACEMENT_3D('',#11156,#8909,#8910);
#8054=AXIS2_PLACEMENT_3D('',#11162,#8914,#8915);
#8055=AXIS2_PLACEMENT_3D('',#11168,#8919,#8920);
#8056=AXIS2_PLACEMENT_3D('',#11171,#8923,#8924);
#8057=AXIS2_PLACEMENT_3D('',#11172,#8925,#8926);
#8058=AXIS2_PLACEMENT_3D('',#11189,#8935,#8936);
#8059=AXIS2_PLACEMENT_3D('',#11195,#8940,#8941);
#8060=AXIS2_PLACEMENT_3D('',#11199,#8944,#8945);
#8061=AXIS2_PLACEMENT_3D('',#11203,#8948,#8949);
#8062=AXIS2_PLACEMENT_3D('',#11205,#8951,#8952);
#8063=AXIS2_PLACEMENT_3D('',#11206,#8953,#8954);
#8064=AXIS2_PLACEMENT_3D('',#11212,#8958,#8959);
#8065=AXIS2_PLACEMENT_3D('',#11216,#8962,#8963);
#8066=AXIS2_PLACEMENT_3D('',#11220,#8966,#8967);
#8067=AXIS2_PLACEMENT_3D('',#11222,#8969,#8970);
#8068=AXIS2_PLACEMENT_3D('',#11223,#8971,#8972);
#8069=AXIS2_PLACEMENT_3D('',#11370,#8983,#8984);
#8070=AXIS2_PLACEMENT_3D('',#11376,#8988,#8989);
#8071=AXIS2_PLACEMENT_3D('',#11379,#8992,#8993);
#8072=AXIS2_PLACEMENT_3D('',#11385,#8997,#8998);
#8073=AXIS2_PLACEMENT_3D('',#11508,#9008,#9009);
#8074=AXIS2_PLACEMENT_3D('',#11512,#9012,#9013);
#8075=AXIS2_PLACEMENT_3D('',#11516,#9016,#9017);
#8076=AXIS2_PLACEMENT_3D('',#11571,#9023,#9024);
#8077=AXIS2_PLACEMENT_3D('',#11575,#9027,#9028);
#8078=AXIS2_PLACEMENT_3D('',#11579,#9031,#9032);
#8079=AXIS2_PLACEMENT_3D('',#11581,#9034,#9035);
#8080=AXIS2_PLACEMENT_3D('',#11582,#9036,#9037);
#8081=AXIS2_PLACEMENT_3D('',#11583,#9038,#9039);
#8082=AXIS2_PLACEMENT_3D('',#11589,#9043,#9044);
#8083=AXIS2_PLACEMENT_3D('',#11610,#9048,#9049);
#8084=AXIS2_PLACEMENT_3D('',#11648,#9054,#9055);
#8085=AXIS2_PLACEMENT_3D('',#11652,#9058,#9059);
#8086=AXIS2_PLACEMENT_3D('',#11654,#9061,#9062);
#8087=AXIS2_PLACEMENT_3D('',#12067,#9083,#9084);
#8088=AXIS2_PLACEMENT_3D('',#12068,#9085,#9086);
#8089=AXIS2_PLACEMENT_3D('',#12069,#9087,#9088);
#8090=AXIS2_PLACEMENT_3D('',#12075,#9092,#9093);
#8091=AXIS2_PLACEMENT_3D('',#12079,#9096,#9097);
#8092=AXIS2_PLACEMENT_3D('',#12083,#9100,#9101);
#8093=AXIS2_PLACEMENT_3D('',#12085,#9103,#9104);
#8094=AXIS2_PLACEMENT_3D('',#12273,#9114,#9115);
#8095=AXIS2_PLACEMENT_3D('',#12276,#9118,#9119);
#8096=AXIS2_PLACEMENT_3D('',#12367,#9128,#9129);
#8097=AXIS2_PLACEMENT_3D('',#12405,#9134,#9135);
#8098=AXIS2_PLACEMENT_3D('',#12579,#9148,#9149);
#8099=AXIS2_PLACEMENT_3D('',#12649,#9155,#9156);
#8100=AXIS2_PLACEMENT_3D('',#12650,#9157,#9158);
#8101=AXIS2_PLACEMENT_3D('',#12651,#9159,#9160);
#8102=AXIS2_PLACEMENT_3D('',#12660,#9165,#9166);
#8103=AXIS2_PLACEMENT_3D('',#12666,#9170,#9171);
#8104=AXIS2_PLACEMENT_3D('',#12669,#9174,#9175);
#8105=AXIS2_PLACEMENT_3D('',#12675,#9179,#9180);
#8106=AXIS2_PLACEMENT_3D('',#12679,#9183,#9184);
#8107=AXIS2_PLACEMENT_3D('',#12683,#9187,#9188);
#8108=AXIS2_PLACEMENT_3D('',#12687,#9191,#9192);
#8109=AXIS2_PLACEMENT_3D('',#12691,#9195,#9196);
#8110=AXIS2_PLACEMENT_3D('',#12695,#9199,#9200);
#8111=AXIS2_PLACEMENT_3D('',#12699,#9203,#9204);
#8112=AXIS2_PLACEMENT_3D('',#12701,#9206,#9207);
#8113=AXIS2_PLACEMENT_3D('',#12702,#9208,#9209);
#8114=AXIS2_PLACEMENT_3D('',#12839,#9218,#9219);
#8115=AXIS2_PLACEMENT_3D('',#12876,#9223,#9224);
#8116=AXIS2_PLACEMENT_3D('',#12880,#9227,#9228);
#8117=AXIS2_PLACEMENT_3D('',#12884,#9231,#9232);
#8118=AXIS2_PLACEMENT_3D('',#12922,#9237,#9238);
#8119=AXIS2_PLACEMENT_3D('',#12926,#9241,#9242);
#8120=AXIS2_PLACEMENT_3D('',#12930,#9245,#9246);
#8121=AXIS2_PLACEMENT_3D('',#12934,#9249,#9250);
#8122=AXIS2_PLACEMENT_3D('',#12938,#9253,#9254);
#8123=AXIS2_PLACEMENT_3D('',#12957,#9257,#9258);
#8124=AXIS2_PLACEMENT_3D('',#12958,#9259,#9260);
#8125=AXIS2_PLACEMENT_3D('',#12964,#9264,#9265);
#8126=AXIS2_PLACEMENT_3D('',#12968,#9268,#9269);
#8127=AXIS2_PLACEMENT_3D('',#12972,#9272,#9273);
#8128=AXIS2_PLACEMENT_3D('',#12976,#9276,#9277);
#8129=AXIS2_PLACEMENT_3D('',#12980,#9280,#9281);
#8130=AXIS2_PLACEMENT_3D('',#12982,#9283,#9284);
#8131=AXIS2_PLACEMENT_3D('',#13019,#9288,#9289);
#8132=AXIS2_PLACEMENT_3D('',#13023,#9292,#9293);
#8133=AXIS2_PLACEMENT_3D('',#13027,#9296,#9297);
#8134=AXIS2_PLACEMENT_3D('',#13065,#9302,#9303);
#8135=AXIS2_PLACEMENT_3D('',#13069,#9306,#9307);
#8136=AXIS2_PLACEMENT_3D('',#13073,#9310,#9311);
#8137=AXIS2_PLACEMENT_3D('',#13077,#9314,#9315);
#8138=AXIS2_PLACEMENT_3D('',#13081,#9318,#9319);
#8139=AXIS2_PLACEMENT_3D('',#13100,#9322,#9323);
#8140=AXIS2_PLACEMENT_3D('',#13196,#9329,#9330);
#8141=AXIS2_PLACEMENT_3D('',#13202,#9334,#9335);
#8142=AXIS2_PLACEMENT_3D('',#13224,#9340,#9341);
#8143=AXIS2_PLACEMENT_3D('',#13279,#9347,#9348);
#8144=AXIS2_PLACEMENT_3D('',#13368,#9356,#9357);
#8145=AXIS2_PLACEMENT_3D('',#13455,#9364,#9365);
#8146=AXIS2_PLACEMENT_3D('',#13456,#9366,#9367);
#8147=AXIS2_PLACEMENT_3D('',#13457,#9368,#9369);
#8148=AXIS2_PLACEMENT_3D('',#13463,#9373,#9374);
#8149=AXIS2_PLACEMENT_3D('',#13467,#9377,#9378);
#8150=AXIS2_PLACEMENT_3D('',#13471,#9381,#9382);
#8151=AXIS2_PLACEMENT_3D('',#13475,#9385,#9386);
#8152=AXIS2_PLACEMENT_3D('',#13479,#9389,#9390);
#8153=AXIS2_PLACEMENT_3D('',#13483,#9393,#9394);
#8154=AXIS2_PLACEMENT_3D('',#13487,#9397,#9398);
#8155=AXIS2_PLACEMENT_3D('',#13491,#9401,#9402);
#8156=AXIS2_PLACEMENT_3D('',#13495,#9405,#9406);
#8157=AXIS2_PLACEMENT_3D('',#13499,#9409,#9410);
#8158=AXIS2_PLACEMENT_3D('',#13503,#9413,#9414);
#8159=AXIS2_PLACEMENT_3D('',#13505,#9416,#9417);
#8160=AXIS2_PLACEMENT_3D('',#13642,#9426,#9427);
#8161=AXIS2_PLACEMENT_3D('',#13662,#9430,#9431);
#8162=AXIS2_PLACEMENT_3D('',#13717,#9437,#9438);
#8163=AXIS2_PLACEMENT_3D('',#13721,#9441,#9442);
#8164=AXIS2_PLACEMENT_3D('',#13725,#9445,#9446);
#8165=AXIS2_PLACEMENT_3D('',#13729,#9449,#9450);
#8166=AXIS2_PLACEMENT_3D('',#13733,#9453,#9454);
#8167=AXIS2_PLACEMENT_3D('',#13769,#9458,#9459);
#8168=AXIS2_PLACEMENT_3D('',#13770,#9460,#9461);
#8169=AXIS2_PLACEMENT_3D('',#13776,#9465,#9466);
#8170=AXIS2_PLACEMENT_3D('',#13780,#9469,#9470);
#8171=AXIS2_PLACEMENT_3D('',#13784,#9473,#9474);
#8172=AXIS2_PLACEMENT_3D('',#13788,#9477,#9478);
#8173=AXIS2_PLACEMENT_3D('',#13792,#9481,#9482);
#8174=AXIS2_PLACEMENT_3D('',#13796,#9485,#9486);
#8175=AXIS2_PLACEMENT_3D('',#13800,#9489,#9490);
#8176=AXIS2_PLACEMENT_3D('',#13802,#9492,#9493);
#8177=AXIS2_PLACEMENT_3D('',#13803,#9494,#9495);
#8178=AXIS2_PLACEMENT_3D('',#13809,#9499,#9500);
#8179=AXIS2_PLACEMENT_3D('',#13813,#9503,#9504);
#8180=AXIS2_PLACEMENT_3D('',#13817,#9507,#9508);
#8181=AXIS2_PLACEMENT_3D('',#13821,#9511,#9512);
#8182=AXIS2_PLACEMENT_3D('',#13825,#9515,#9516);
#8183=AXIS2_PLACEMENT_3D('',#13827,#9518,#9519);
#8184=AXIS2_PLACEMENT_3D('',#13828,#9520,#9521);
#8185=AXIS2_PLACEMENT_3D('',#13830,#9522,#9523);
#8186=AXIS2_PLACEMENT_3D('',#13831,#9524,#9525);
#8187=AXIS2_PLACEMENT_3D('',#13832,#9526,#9527);
#8188=AXIS2_PLACEMENT_3D('',#13833,#9528,#9529);
#8189=AXIS2_PLACEMENT_3D('',#13835,#9531,#9532);
#8190=AXIS2_PLACEMENT_3D('',#13836,#9533,#9534);
#8191=AXIS2_PLACEMENT_3D('',#13837,#9535,#9536);
#8192=AXIS2_PLACEMENT_3D('',#13838,#9537,#9538);
#8193=AXIS2_PLACEMENT_3D('',#13841,#9540,#9541);
#8194=AXIS2_PLACEMENT_3D('',#13842,#9542,#9543);
#8195=AXIS2_PLACEMENT_3D('',#13843,#9544,#9545);
#8196=AXIS2_PLACEMENT_3D('',#13844,#9546,#9547);
#8197=AXIS2_PLACEMENT_3D('',#13845,#9548,#9549);
#8198=AXIS2_PLACEMENT_3D('',#13846,#9550,#9551);
#8199=AXIS2_PLACEMENT_3D('',#13847,#9552,#9553);
#8200=AXIS2_PLACEMENT_3D('',#13849,#9554,#9555);
#8201=AXIS2_PLACEMENT_3D('',#13851,#9557,#9558);
#8202=AXIS2_PLACEMENT_3D('',#13852,#9559,#9560);
#8203=AXIS2_PLACEMENT_3D('',#13853,#9561,#9562);
#8204=AXIS2_PLACEMENT_3D('',#13856,#9564,#9565);
#8205=AXIS2_PLACEMENT_3D('',#13857,#9566,#9567);
#8206=AXIS2_PLACEMENT_3D('',#13859,#9569,#9570);
#8207=AXIS2_PLACEMENT_3D('',#13860,#9571,#9572);
#8208=AXIS2_PLACEMENT_3D('',#13862,#9574,#9575);
#8209=AXIS2_PLACEMENT_3D('',#13863,#9576,#9577);
#8210=AXIS2_PLACEMENT_3D('',#13865,#9579,#9580);
#8211=AXIS2_PLACEMENT_3D('',#13866,#9581,#9582);
#8212=AXIS2_PLACEMENT_3D('',#13867,#9583,#9584);
#8213=AXIS2_PLACEMENT_3D('',#13868,#9585,#9586);
#8214=AXIS2_PLACEMENT_3D('',#13870,#9588,#9589);
#8215=AXIS2_PLACEMENT_3D('',#13871,#9590,#9591);
#8216=AXIS2_PLACEMENT_3D('',#13880,#9596,#9597);
#8217=AXIS2_PLACEMENT_3D('',#13882,#9598,#9599);
#8218=AXIS2_PLACEMENT_3D('',#13884,#9600,#9601);
#8219=AXIS2_PLACEMENT_3D('',#13886,#9603,#9604);
#8220=AXIS2_PLACEMENT_3D('',#13892,#9608,#9609);
#8221=AXIS2_PLACEMENT_3D('',#13898,#9613,#9614);
#8222=AXIS2_PLACEMENT_3D('',#13904,#9618,#9619);
#8223=AXIS2_PLACEMENT_3D('',#13907,#9622,#9623);
#8224=AXIS2_PLACEMENT_3D('',#13908,#9624,#9625);
#8225=AXIS2_PLACEMENT_3D('',#13909,#9626,#9627);
#8226=AXIS2_PLACEMENT_3D('',#13918,#9632,#9633);
#8227=AXIS2_PLACEMENT_3D('',#13924,#9637,#9638);
#8228=AXIS2_PLACEMENT_3D('',#13926,#9639,#9640);
#8229=AXIS2_PLACEMENT_3D('',#13928,#9641,#9642);
#8230=AXIS2_PLACEMENT_3D('',#13930,#9644,#9645);
#8231=AXIS2_PLACEMENT_3D('',#13936,#9649,#9650);
#8232=AXIS2_PLACEMENT_3D('',#13942,#9654,#9655);
#8233=AXIS2_PLACEMENT_3D('',#13945,#9658,#9659);
#8234=AXIS2_PLACEMENT_3D('',#13946,#9660,#9661);
#8235=AXIS2_PLACEMENT_3D('',#13947,#9662,#9663);
#8236=AXIS2_PLACEMENT_3D('',#13956,#9668,#9669);
#8237=AXIS2_PLACEMENT_3D('',#13962,#9673,#9674);
#8238=AXIS2_PLACEMENT_3D('',#13964,#9675,#9676);
#8239=AXIS2_PLACEMENT_3D('',#13966,#9677,#9678);
#8240=AXIS2_PLACEMENT_3D('',#13968,#9680,#9681);
#8241=AXIS2_PLACEMENT_3D('',#13974,#9685,#9686);
#8242=AXIS2_PLACEMENT_3D('',#13980,#9690,#9691);
#8243=AXIS2_PLACEMENT_3D('',#13983,#9694,#9695);
#8244=AXIS2_PLACEMENT_3D('',#13984,#9696,#9697);
#8245=AXIS2_PLACEMENT_3D('',#13985,#9698,#9699);
#8246=AXIS2_PLACEMENT_3D('',#13994,#9704,#9705);
#8247=AXIS2_PLACEMENT_3D('',#13996,#9706,#9707);
#8248=AXIS2_PLACEMENT_3D('',#13998,#9708,#9709);
#8249=AXIS2_PLACEMENT_3D('',#14000,#9711,#9712);
#8250=AXIS2_PLACEMENT_3D('',#14006,#9716,#9717);
#8251=AXIS2_PLACEMENT_3D('',#14012,#9721,#9722);
#8252=AXIS2_PLACEMENT_3D('',#14018,#9726,#9727);
#8253=AXIS2_PLACEMENT_3D('',#14021,#9730,#9731);
#8254=AXIS2_PLACEMENT_3D('',#14022,#9732,#9733);
#8255=AXIS2_PLACEMENT_3D('',#14023,#9734,#9735);
#8256=AXIS2_PLACEMENT_3D('',#14032,#9740,#9741);
#8257=AXIS2_PLACEMENT_3D('',#14038,#9745,#9746);
#8258=AXIS2_PLACEMENT_3D('',#14040,#9747,#9748);
#8259=AXIS2_PLACEMENT_3D('',#14042,#9749,#9750);
#8260=AXIS2_PLACEMENT_3D('',#14044,#9752,#9753);
#8261=AXIS2_PLACEMENT_3D('',#14050,#9757,#9758);
#8262=AXIS2_PLACEMENT_3D('',#14056,#9762,#9763);
#8263=AXIS2_PLACEMENT_3D('',#14059,#9766,#9767);
#8264=AXIS2_PLACEMENT_3D('',#14060,#9768,#9769);
#8265=AXIS2_PLACEMENT_3D('',#14061,#9770,#9771);
#8266=AXIS2_PLACEMENT_3D('',#14070,#9776,#9777);
#8267=AXIS2_PLACEMENT_3D('',#14072,#9778,#9779);
#8268=AXIS2_PLACEMENT_3D('',#14074,#9780,#9781);
#8269=AXIS2_PLACEMENT_3D('',#14076,#9783,#9784);
#8270=AXIS2_PLACEMENT_3D('',#14082,#9788,#9789);
#8271=AXIS2_PLACEMENT_3D('',#14088,#9793,#9794);
#8272=AXIS2_PLACEMENT_3D('',#14094,#9798,#9799);
#8273=AXIS2_PLACEMENT_3D('',#14097,#9802,#9803);
#8274=AXIS2_PLACEMENT_3D('',#14098,#9804,#9805);
#8275=AXIS2_PLACEMENT_3D('',#14099,#9806,#9807);
#8276=AXIS2_PLACEMENT_3D('',#14108,#9812,#9813);
#8277=AXIS2_PLACEMENT_3D('',#14114,#9817,#9818);
#8278=AXIS2_PLACEMENT_3D('',#14116,#9819,#9820);
#8279=AXIS2_PLACEMENT_3D('',#14118,#9821,#9822);
#8280=AXIS2_PLACEMENT_3D('',#14120,#9824,#9825);
#8281=AXIS2_PLACEMENT_3D('',#14126,#9829,#9830);
#8282=AXIS2_PLACEMENT_3D('',#14132,#9834,#9835);
#8283=AXIS2_PLACEMENT_3D('',#14135,#9838,#9839);
#8284=AXIS2_PLACEMENT_3D('',#14136,#9840,#9841);
#8285=AXIS2_PLACEMENT_3D('',#14137,#9842,#9843);
#8286=AXIS2_PLACEMENT_3D('',#14146,#9848,#9849);
#8287=AXIS2_PLACEMENT_3D('',#14148,#9850,#9851);
#8288=AXIS2_PLACEMENT_3D('',#14150,#9852,#9853);
#8289=AXIS2_PLACEMENT_3D('',#14152,#9855,#9856);
#8290=AXIS2_PLACEMENT_3D('',#14158,#9860,#9861);
#8291=AXIS2_PLACEMENT_3D('',#14164,#9865,#9866);
#8292=AXIS2_PLACEMENT_3D('',#14170,#9870,#9871);
#8293=AXIS2_PLACEMENT_3D('',#14173,#9874,#9875);
#8294=AXIS2_PLACEMENT_3D('',#14174,#9876,#9877);
#8295=DIRECTION('axis',(0.,0.,1.));
#8296=DIRECTION('refdir',(1.,0.,0.));
#8297=DIRECTION('center_axis',(-7.60975174315632E-9,-1.,0.));
#8298=DIRECTION('ref_axis',(1.,-7.60975174315632E-9,0.));
#8299=DIRECTION('',(-1.,7.60975174315632E-9,0.));
#8300=DIRECTION('',(0.,0.,1.));
#8301=DIRECTION('',(1.,-7.60975174315632E-9,0.));
#8302=DIRECTION('',(0.,0.,1.));
#8303=DIRECTION('center_axis',(7.60975180811937E-9,1.,0.));
#8304=DIRECTION('ref_axis',(-1.,7.60975180811937E-9,0.));
#8305=DIRECTION('',(1.,-7.60975180811937E-9,0.));
#8306=DIRECTION('',(0.,0.,-1.));
#8307=DIRECTION('',(-1.,7.60975180811937E-9,0.));
#8308=DIRECTION('',(0.,0.,1.));
#8309=DIRECTION('center_axis',(0.,0.,1.));
#8310=DIRECTION('ref_axis',(-1.,0.,0.));
#8311=DIRECTION('',(0.,1.,0.));
#8312=DIRECTION('',(0.,1.,0.));
#8313=DIRECTION('center_axis',(0.,0.,-1.));
#8314=DIRECTION('ref_axis',(1.66533453693774E-15,1.,0.));
#8315=DIRECTION('',(0.,1.,0.));
#8316=DIRECTION('center_axis',(-1.,0.,0.));
#8317=DIRECTION('ref_axis',(0.,0.,1.));
#8318=DIRECTION('',(0.,1.,0.));
#8319=DIRECTION('',(0.,0.,1.));
#8320=DIRECTION('',(0.,1.,0.));
#8321=DIRECTION('',(0.,0.,-1.));
#8322=DIRECTION('',(0.,1.,0.));
#8323=DIRECTION('',(0.,0.,1.));
#8324=DIRECTION('',(0.,1.,0.));
#8325=DIRECTION('',(0.,0.,-1.));
#8326=DIRECTION('',(0.,1.,0.));
#8327=DIRECTION('',(0.,0.,1.));
#8328=DIRECTION('',(0.,1.,0.));
#8329=DIRECTION('',(0.,0.,-1.));
#8330=DIRECTION('',(0.,1.,0.));
#8331=DIRECTION('',(0.,0.,1.));
#8332=DIRECTION('',(0.,1.,0.));
#8333=DIRECTION('',(0.,0.,-1.));
#8334=DIRECTION('',(0.,1.,0.));
#8335=DIRECTION('',(0.,0.,1.));
#8336=DIRECTION('',(0.,1.,0.));
#8337=DIRECTION('',(0.,0.,-1.));
#8338=DIRECTION('',(0.,1.,0.));
#8339=DIRECTION('',(0.,0.,-1.));
#8340=DIRECTION('',(0.,1.,0.));
#8341=DIRECTION('',(0.,0.,1.));
#8342=DIRECTION('',(0.,1.,0.));
#8343=DIRECTION('center_axis',(0.,0.,1.));
#8344=DIRECTION('ref_axis',(0.,1.,0.));
#8345=DIRECTION('',(0.,1.,0.));
#8346=DIRECTION('',(-1.,0.,0.));
#8347=DIRECTION('center_axis',(0.,0.,1.));
#8348=DIRECTION('ref_axis',(0.,1.,0.));
#8349=DIRECTION('',(0.,1.,0.));
#8350=DIRECTION('',(1.,0.,0.));
#8351=DIRECTION('',(0.,1.,0.));
#8352=DIRECTION('center_axis',(0.,0.,1.));
#8353=DIRECTION('ref_axis',(0.,1.,0.));
#8354=DIRECTION('center_axis',(0.,0.,-1.));
#8355=DIRECTION('ref_axis',(-1.,0.,0.));
#8356=DIRECTION('',(0.,0.,1.));
#8357=DIRECTION('center_axis',(0.,0.,-1.));
#8358=DIRECTION('ref_axis',(0.,1.,0.));
#8359=DIRECTION('',(0.,0.,1.));
#8360=DIRECTION('center_axis',(0.,-1.,0.));
#8361=DIRECTION('ref_axis',(1.,0.,0.));
#8362=DIRECTION('',(-1.,0.,0.));
#8363=DIRECTION('',(0.,0.,1.));
#8364=DIRECTION('',(1.,0.,0.));
#8365=DIRECTION('',(0.,0.,1.));
#8366=DIRECTION('center_axis',(-1.,0.,0.));
#8367=DIRECTION('ref_axis',(0.,-1.,0.));
#8368=DIRECTION('',(0.,1.,0.));
#8369=DIRECTION('',(0.,-1.,0.));
#8370=DIRECTION('',(0.,0.,1.));
#8371=DIRECTION('center_axis',(0.,1.,0.));
#8372=DIRECTION('ref_axis',(-1.,0.,0.));
#8373=DIRECTION('',(-1.,0.,0.));
#8374=DIRECTION('',(0.,0.,1.));
#8375=DIRECTION('center_axis',(0.,0.,1.));
#8376=DIRECTION('ref_axis',(-1.,0.,0.));
#8377=DIRECTION('',(0.,1.,0.));
#8378=DIRECTION('',(0.,1.,0.));
#8379=DIRECTION('center_axis',(0.,0.,1.));
#8380=DIRECTION('ref_axis',(0.,1.,0.));
#8381=DIRECTION('',(0.,1.,0.));
#8382=DIRECTION('',(1.,0.,0.));
#8383=DIRECTION('',(0.,1.,0.));
#8384=DIRECTION('center_axis',(0.,0.,1.));
#8385=DIRECTION('ref_axis',(0.,1.,0.));
#8386=DIRECTION('center_axis',(0.,0.,-1.));
#8387=DIRECTION('ref_axis',(-1.,0.,0.));
#8388=DIRECTION('',(0.,0.,1.));
#8389=DIRECTION('center_axis',(0.,0.,-1.));
#8390=DIRECTION('ref_axis',(0.,1.,0.));
#8391=DIRECTION('',(0.,0.,1.));
#8392=DIRECTION('center_axis',(0.,-1.,0.));
#8393=DIRECTION('ref_axis',(1.,0.,0.));
#8394=DIRECTION('',(-1.,0.,0.));
#8395=DIRECTION('',(0.,0.,1.));
#8396=DIRECTION('',(1.,0.,0.));
#8397=DIRECTION('',(0.,0.,1.));
#8398=DIRECTION('center_axis',(-1.,0.,0.));
#8399=DIRECTION('ref_axis',(0.,-1.,0.));
#8400=DIRECTION('',(0.,1.,0.));
#8401=DIRECTION('',(0.,-1.,0.));
#8402=DIRECTION('',(0.,0.,1.));
#8403=DIRECTION('center_axis',(0.,1.,0.));
#8404=DIRECTION('ref_axis',(-1.,0.,0.));
#8405=DIRECTION('',(-1.,0.,0.));
#8406=DIRECTION('',(0.,0.,1.));
#8407=DIRECTION('center_axis',(0.,0.,1.));
#8408=DIRECTION('ref_axis',(-1.,0.,0.));
#8409=DIRECTION('',(0.,1.,0.));
#8410=DIRECTION('',(0.,1.,0.));
#8411=DIRECTION('center_axis',(0.,0.,1.));
#8412=DIRECTION('ref_axis',(0.,1.,0.));
#8413=DIRECTION('',(0.,1.,0.));
#8414=DIRECTION('',(1.,0.,0.));
#8415=DIRECTION('',(1.,0.,0.));
#8416=DIRECTION('',(0.,-1.,0.));
#8417=DIRECTION('',(-1.,0.,0.));
#8418=DIRECTION('',(1.,0.,0.));
#8419=DIRECTION('',(0.,1.,0.));
#8420=DIRECTION('',(-1.,0.,0.));
#8421=DIRECTION('',(0.,-1.,0.));
#8422=DIRECTION('center_axis',(0.,0.,-1.));
#8423=DIRECTION('ref_axis',(-1.,0.,0.));
#8424=DIRECTION('',(0.,-1.,0.));
#8425=DIRECTION('center_axis',(0.,0.,-1.));
#8426=DIRECTION('ref_axis',(-1.,0.,0.));
#8427=DIRECTION('',(0.,-1.,0.));
#8428=DIRECTION('center_axis',(0.,0.,-1.));
#8429=DIRECTION('ref_axis',(-1.,0.,0.));
#8430=DIRECTION('',(0.,-1.,0.));
#8431=DIRECTION('center_axis',(0.,0.,-1.));
#8432=DIRECTION('ref_axis',(-1.,0.,0.));
#8433=DIRECTION('',(0.,-1.,0.));
#8434=DIRECTION('center_axis',(0.,0.,-1.));
#8435=DIRECTION('ref_axis',(-1.,0.,0.));
#8436=DIRECTION('',(0.,-1.,0.));
#8437=DIRECTION('center_axis',(0.,0.,-1.));
#8438=DIRECTION('ref_axis',(-1.,0.,0.));
#8439=DIRECTION('',(0.,-1.,0.));
#8440=DIRECTION('center_axis',(0.,0.,-1.));
#8441=DIRECTION('ref_axis',(1.,0.,0.));
#8442=DIRECTION('',(0.,-1.,0.));
#8443=DIRECTION('center_axis',(0.,0.,-1.));
#8444=DIRECTION('ref_axis',(-1.,0.,0.));
#8445=DIRECTION('',(0.,-1.,0.));
#8446=DIRECTION('',(1.,0.,0.));
#8447=DIRECTION('',(0.,1.,0.));
#8448=DIRECTION('center_axis',(0.,0.,1.));
#8449=DIRECTION('ref_axis',(0.,1.,0.));
#8450=DIRECTION('center_axis',(0.,0.,-1.));
#8451=DIRECTION('ref_axis',(-1.,0.,0.));
#8452=DIRECTION('',(0.,0.,1.));
#8453=DIRECTION('center_axis',(0.,0.,-1.));
#8454=DIRECTION('ref_axis',(0.,1.,0.));
#8455=DIRECTION('',(0.,0.,1.));
#8456=DIRECTION('center_axis',(0.,-1.,0.));
#8457=DIRECTION('ref_axis',(1.,0.,0.));
#8458=DIRECTION('',(-1.,0.,0.));
#8459=DIRECTION('',(0.,0.,1.));
#8460=DIRECTION('',(1.,0.,0.));
#8461=DIRECTION('center_axis',(0.,1.,0.));
#8462=DIRECTION('ref_axis',(-1.,0.,0.));
#8463=DIRECTION('',(-1.,0.,0.));
#8464=DIRECTION('',(0.,0.,1.));
#8465=DIRECTION('center_axis',(0.,0.,1.));
#8466=DIRECTION('ref_axis',(-1.,0.,0.));
#8467=DIRECTION('',(0.,1.,0.));
#8468=DIRECTION('',(0.,1.,0.));
#8469=DIRECTION('center_axis',(0.,0.,1.));
#8470=DIRECTION('ref_axis',(0.,1.,0.));
#8471=DIRECTION('',(1.,0.,0.));
#8472=DIRECTION('',(0.,1.,0.));
#8473=DIRECTION('center_axis',(0.,-1.,0.));
#8474=DIRECTION('ref_axis',(1.,0.,0.));
#8475=DIRECTION('',(-1.,0.,0.));
#8476=DIRECTION('',(0.,0.,1.));
#8477=DIRECTION('',(1.,0.,0.));
#8478=DIRECTION('center_axis',(0.,1.,0.));
#8479=DIRECTION('ref_axis',(-1.,0.,0.));
#8480=DIRECTION('',(1.,0.,0.));
#8481=DIRECTION('',(-1.,0.,0.));
#8482=DIRECTION('',(0.,0.,1.));
#8483=DIRECTION('center_axis',(0.,0.,1.));
#8484=DIRECTION('ref_axis',(-1.,0.,0.));
#8485=DIRECTION('',(0.,1.,0.));
#8486=DIRECTION('center_axis',(0.,0.,-1.));
#8487=DIRECTION('ref_axis',(-6.12323399573678E-17,1.,0.));
#8488=DIRECTION('',(0.,1.,0.));
#8489=DIRECTION('center_axis',(0.,0.,1.));
#8490=DIRECTION('ref_axis',(0.,1.,0.));
#8491=DIRECTION('',(1.,0.,0.));
#8492=DIRECTION('',(0.,1.,0.));
#8493=DIRECTION('center_axis',(0.,0.,1.));
#8494=DIRECTION('ref_axis',(0.,1.,0.));
#8495=DIRECTION('center_axis',(0.,0.,-1.));
#8496=DIRECTION('ref_axis',(-1.,0.,0.));
#8497=DIRECTION('',(0.,0.,1.));
#8498=DIRECTION('center_axis',(0.,0.,-1.));
#8499=DIRECTION('ref_axis',(0.,1.,0.));
#8500=DIRECTION('',(0.,0.,1.));
#8501=DIRECTION('center_axis',(0.,-1.,0.));
#8502=DIRECTION('ref_axis',(1.,0.,0.));
#8503=DIRECTION('',(-1.,0.,0.));
#8504=DIRECTION('',(0.,0.,1.));
#8505=DIRECTION('',(1.,0.,0.));
#8506=DIRECTION('center_axis',(0.,1.,0.));
#8507=DIRECTION('ref_axis',(-1.,0.,0.));
#8508=DIRECTION('',(-1.,0.,0.));
#8509=DIRECTION('',(0.,0.,1.));
#8510=DIRECTION('center_axis',(0.,0.,1.));
#8511=DIRECTION('ref_axis',(-1.,0.,0.));
#8512=DIRECTION('',(0.,1.,0.));
#8513=DIRECTION('',(0.,1.,0.));
#8514=DIRECTION('center_axis',(0.,0.,1.));
#8515=DIRECTION('ref_axis',(0.,1.,0.));
#8516=DIRECTION('',(1.,0.,0.));
#8517=DIRECTION('',(0.,1.,0.));
#8518=DIRECTION('center_axis',(0.,-1.,0.));
#8519=DIRECTION('ref_axis',(1.,0.,0.));
#8520=DIRECTION('',(0.,0.,1.));
#8521=DIRECTION('',(1.,0.,0.));
#8522=DIRECTION('center_axis',(0.,1.,0.));
#8523=DIRECTION('ref_axis',(-1.,0.,0.));
#8524=DIRECTION('',(-1.,0.,0.));
#8525=DIRECTION('',(0.,0.,1.));
#8526=DIRECTION('center_axis',(0.,0.,1.));
#8527=DIRECTION('ref_axis',(-1.,0.,0.));
#8528=DIRECTION('',(0.,1.,0.));
#8529=DIRECTION('center_axis',(0.,0.,-1.));
#8530=DIRECTION('ref_axis',(-6.12323399573676E-17,1.,0.));
#8531=DIRECTION('',(0.,1.,0.));
#8532=DIRECTION('center_axis',(0.,0.,1.));
#8533=DIRECTION('ref_axis',(0.,1.,0.));
#8534=DIRECTION('center_axis',(0.,0.,-1.));
#8535=DIRECTION('ref_axis',(-1.,0.,0.));
#8536=DIRECTION('',(0.,0.,1.));
#8537=DIRECTION('center_axis',(0.,0.,-1.));
#8538=DIRECTION('ref_axis',(0.,1.,0.));
#8539=DIRECTION('',(0.,0.,1.));
#8540=DIRECTION('center_axis',(0.,-1.,0.));
#8541=DIRECTION('ref_axis',(1.,0.,0.));
#8542=DIRECTION('',(-1.,0.,0.));
#8543=DIRECTION('',(0.,0.,1.));
#8544=DIRECTION('',(1.,0.,0.));
#8545=DIRECTION('center_axis',(0.,1.,0.));
#8546=DIRECTION('ref_axis',(-1.,0.,0.));
#8547=DIRECTION('',(-1.,0.,0.));
#8548=DIRECTION('',(0.,0.,1.));
#8549=DIRECTION('center_axis',(0.,0.,1.));
#8550=DIRECTION('ref_axis',(-1.,0.,0.));
#8551=DIRECTION('',(0.,1.,0.));
#8552=DIRECTION('',(0.,1.,0.));
#8553=DIRECTION('center_axis',(0.,0.,1.));
#8554=DIRECTION('ref_axis',(0.,1.,0.));
#8555=DIRECTION('',(0.,1.,0.));
#8556=DIRECTION('center_axis',(0.,0.,-1.));
#8557=DIRECTION('ref_axis',(-1.,0.,0.));
#8558=DIRECTION('',(0.,0.,1.));
#8559=DIRECTION('center_axis',(0.,0.,1.));
#8560=DIRECTION('ref_axis',(-1.,0.,0.));
#8561=DIRECTION('',(0.,0.,-1.));
#8562=DIRECTION('center_axis',(0.,0.,-1.));
#8563=DIRECTION('ref_axis',(-1.,0.,0.));
#8564=DIRECTION('',(0.,0.,1.));
#8565=DIRECTION('center_axis',(0.,0.,1.));
#8566=DIRECTION('ref_axis',(-1.,0.,0.));
#8567=DIRECTION('',(0.,0.,-1.));
#8568=DIRECTION('center_axis',(0.,0.,-1.));
#8569=DIRECTION('ref_axis',(-1.,0.,0.));
#8570=DIRECTION('',(0.,0.,1.));
#8571=DIRECTION('center_axis',(0.,0.,1.));
#8572=DIRECTION('ref_axis',(-1.,0.,0.));
#8573=DIRECTION('',(0.,0.,-1.));
#8574=DIRECTION('center_axis',(0.,0.,-1.));
#8575=DIRECTION('ref_axis',(-1.,0.,0.));
#8576=DIRECTION('',(0.,0.,1.));
#8577=DIRECTION('center_axis',(0.,0.,1.));
#8578=DIRECTION('ref_axis',(-1.,0.,0.));
#8579=DIRECTION('',(0.,0.,-1.));
#8580=DIRECTION('center_axis',(0.,0.,-1.));
#8581=DIRECTION('ref_axis',(-1.,0.,0.));
#8582=DIRECTION('',(0.,0.,1.));
#8583=DIRECTION('center_axis',(0.,0.,1.));
#8584=DIRECTION('ref_axis',(-1.,0.,0.));
#8585=DIRECTION('',(0.,0.,-1.));
#8586=DIRECTION('center_axis',(0.,0.,-1.));
#8587=DIRECTION('ref_axis',(-1.,0.,0.));
#8588=DIRECTION('',(0.,0.,1.));
#8589=DIRECTION('center_axis',(0.,0.,1.));
#8590=DIRECTION('ref_axis',(-1.,0.,0.));
#8591=DIRECTION('',(0.,0.,-1.));
#8592=DIRECTION('center_axis',(0.,0.,-1.));
#8593=DIRECTION('ref_axis',(-1.,0.,0.));
#8594=DIRECTION('',(0.,0.,1.));
#8595=DIRECTION('center_axis',(0.,0.,1.));
#8596=DIRECTION('ref_axis',(-1.,0.,0.));
#8597=DIRECTION('',(0.,0.,-1.));
#8598=DIRECTION('center_axis',(0.,0.,-1.));
#8599=DIRECTION('ref_axis',(-1.,0.,0.));
#8600=DIRECTION('',(0.,0.,1.));
#8601=DIRECTION('center_axis',(0.,0.,1.));
#8602=DIRECTION('ref_axis',(-1.,0.,0.));
#8603=DIRECTION('',(0.,0.,-1.));
#8604=DIRECTION('center_axis',(-1.,0.,0.));
#8605=DIRECTION('ref_axis',(0.,0.,1.));
#8606=DIRECTION('',(0.,-1.,0.));
#8607=DIRECTION('',(0.,0.,-1.));
#8608=DIRECTION('center_axis',(-1.,0.,0.));
#8609=DIRECTION('ref_axis',(0.,0.,1.));
#8610=DIRECTION('',(0.,-1.,0.));
#8611=DIRECTION('center_axis',(-1.,0.,0.));
#8612=DIRECTION('ref_axis',(0.,0.,1.));
#8613=DIRECTION('',(0.,-1.,0.));
#8614=DIRECTION('center_axis',(-1.,0.,0.));
#8615=DIRECTION('ref_axis',(0.,0.,1.));
#8616=DIRECTION('',(0.,-1.,0.));
#8617=DIRECTION('center_axis',(-1.,0.,0.));
#8618=DIRECTION('ref_axis',(0.,0.,1.));
#8619=DIRECTION('',(0.,0.,-1.));
#8620=DIRECTION('',(0.,-1.,0.));
#8621=DIRECTION('center_axis',(-1.,0.,0.));
#8622=DIRECTION('ref_axis',(0.,0.,1.));
#8623=DIRECTION('',(0.,-1.,0.));
#8624=DIRECTION('center_axis',(-1.,0.,0.));
#8625=DIRECTION('ref_axis',(0.,0.,1.));
#8626=DIRECTION('',(0.,-1.,0.));
#8627=DIRECTION('center_axis',(-1.,0.,0.));
#8628=DIRECTION('ref_axis',(0.,0.,1.));
#8629=DIRECTION('',(0.,-1.,0.));
#8630=DIRECTION('center_axis',(0.,0.,-1.));
#8631=DIRECTION('ref_axis',(1.,1.22464679914735E-16,0.));
#8632=DIRECTION('',(0.,0.,1.));
#8633=DIRECTION('center_axis',(0.,0.,1.));
#8634=DIRECTION('ref_axis',(-1.,0.,0.));
#8635=DIRECTION('',(0.,0.,-1.));
#8636=DIRECTION('center_axis',(1.,0.,0.));
#8637=DIRECTION('ref_axis',(0.,0.,-1.));
#8638=DIRECTION('',(0.,1.,0.));
#8639=DIRECTION('',(0.,0.,1.));
#8640=DIRECTION('center_axis',(0.,0.,-1.));
#8641=DIRECTION('ref_axis',(1.,1.22464679914735E-16,0.));
#8642=DIRECTION('center_axis',(0.,0.,1.));
#8643=DIRECTION('ref_axis',(-1.,0.,0.));
#8644=DIRECTION('',(0.,0.,-1.));
#8645=DIRECTION('center_axis',(1.,0.,0.));
#8646=DIRECTION('ref_axis',(0.,0.,-1.));
#8647=DIRECTION('',(0.,1.,0.));
#8648=DIRECTION('',(0.,0.,1.));
#8649=DIRECTION('center_axis',(0.,0.,-1.));
#8650=DIRECTION('ref_axis',(1.,1.22464679914735E-16,0.));
#8651=DIRECTION('center_axis',(0.,0.,1.));
#8652=DIRECTION('ref_axis',(-1.,0.,0.));
#8653=DIRECTION('',(0.,0.,-1.));
#8654=DIRECTION('center_axis',(1.,0.,0.));
#8655=DIRECTION('ref_axis',(0.,0.,-1.));
#8656=DIRECTION('',(0.,1.,0.));
#8657=DIRECTION('',(0.,0.,1.));
#8658=DIRECTION('center_axis',(0.,0.,-1.));
#8659=DIRECTION('ref_axis',(1.,1.22464679914735E-16,0.));
#8660=DIRECTION('center_axis',(0.,0.,1.));
#8661=DIRECTION('ref_axis',(-1.,0.,0.));
#8662=DIRECTION('',(0.,0.,-1.));
#8663=DIRECTION('center_axis',(1.,0.,0.));
#8664=DIRECTION('ref_axis',(0.,0.,-1.));
#8665=DIRECTION('',(0.,1.,0.));
#8666=DIRECTION('',(0.,0.,1.));
#8667=DIRECTION('center_axis',(0.,0.,-1.));
#8668=DIRECTION('ref_axis',(1.,1.22464679914735E-16,0.));
#8669=DIRECTION('center_axis',(0.,0.,1.));
#8670=DIRECTION('ref_axis',(-1.,0.,0.));
#8671=DIRECTION('',(0.,0.,-1.));
#8672=DIRECTION('center_axis',(1.,0.,0.));
#8673=DIRECTION('ref_axis',(0.,0.,-1.));
#8674=DIRECTION('',(0.,1.,0.));
#8675=DIRECTION('',(0.,0.,1.));
#8676=DIRECTION('center_axis',(0.,0.,-1.));
#8677=DIRECTION('ref_axis',(1.,1.22464679914735E-16,0.));
#8678=DIRECTION('center_axis',(0.,0.,1.));
#8679=DIRECTION('ref_axis',(-1.,0.,0.));
#8680=DIRECTION('',(0.,0.,-1.));
#8681=DIRECTION('center_axis',(1.,0.,0.));
#8682=DIRECTION('ref_axis',(0.,0.,-1.));
#8683=DIRECTION('',(0.,1.,0.));
#8684=DIRECTION('',(0.,0.,1.));
#8685=DIRECTION('center_axis',(0.,0.,-1.));
#8686=DIRECTION('ref_axis',(1.,0.,0.));
#8687=DIRECTION('center_axis',(0.,0.,1.));
#8688=DIRECTION('ref_axis',(1.,0.,0.));
#8689=DIRECTION('',(0.,0.,-1.));
#8690=DIRECTION('center_axis',(1.,0.,0.));
#8691=DIRECTION('ref_axis',(0.,0.,-1.));
#8692=DIRECTION('',(0.,1.,0.));
#8693=DIRECTION('',(0.,0.,1.));
#8694=DIRECTION('center_axis',(0.,0.,1.));
#8695=DIRECTION('ref_axis',(0.,1.,0.));
#8696=DIRECTION('',(0.,-1.,0.));
#8697=DIRECTION('',(-1.,0.,0.));
#8698=DIRECTION('',(0.,1.,0.));
#8699=DIRECTION('center_axis',(0.,0.,1.));
#8700=DIRECTION('ref_axis',(-1.,0.,0.));
#8701=DIRECTION('',(0.,1.,0.));
#8702=DIRECTION('',(1.,0.,0.));
#8703=DIRECTION('center_axis',(0.,0.,-1.));
#8704=DIRECTION('ref_axis',(1.,1.22464679914735E-16,0.));
#8705=DIRECTION('',(0.,0.,-1.));
#8706=DIRECTION('center_axis',(1.,0.,0.));
#8707=DIRECTION('ref_axis',(0.,0.,-1.));
#8708=DIRECTION('',(0.,0.,-1.));
#8709=DIRECTION('center_axis',(-1.,0.,0.));
#8710=DIRECTION('ref_axis',(0.,0.,1.));
#8711=DIRECTION('center_axis',(0.,1.,0.));
#8712=DIRECTION('ref_axis',(0.,0.,-1.));
#8713=DIRECTION('center_axis',(1.,0.,0.));
#8714=DIRECTION('ref_axis',(0.,0.,-1.));
#8715=DIRECTION('',(0.,0.,-1.));
#8716=DIRECTION('center_axis',(0.,-1.,0.));
#8717=DIRECTION('ref_axis',(0.,0.,1.));
#8718=DIRECTION('center_axis',(0.,1.,0.));
#8719=DIRECTION('ref_axis',(0.,0.,-1.));
#8720=DIRECTION('',(0.,0.,-1.));
#8721=DIRECTION('',(1.,0.,0.));
#8722=DIRECTION('',(0.,0.,-1.));
#8723=DIRECTION('center_axis',(0.,0.,1.));
#8724=DIRECTION('ref_axis',(1.,0.,0.));
#8725=DIRECTION('center_axis',(0.,0.,1.));
#8726=DIRECTION('ref_axis',(-1.,0.,0.));
#8727=DIRECTION('center_axis',(0.,-1.,0.));
#8728=DIRECTION('ref_axis',(-1.,0.,0.));
#8729=DIRECTION('center_axis',(0.,0.,1.));
#8730=DIRECTION('ref_axis',(-1.,0.,0.));
#8731=DIRECTION('center_axis',(0.,0.,1.));
#8732=DIRECTION('ref_axis',(-1.,0.,0.));
#8733=DIRECTION('',(0.,0.,-1.));
#8734=DIRECTION('center_axis',(0.,0.,-1.));
#8735=DIRECTION('ref_axis',(-1.,0.,0.));
#8736=DIRECTION('center_axis',(0.,0.,1.));
#8737=DIRECTION('ref_axis',(-1.,0.,0.));
#8738=DIRECTION('center_axis',(0.,0.,-1.));
#8739=DIRECTION('ref_axis',(-1.,0.,0.));
#8740=DIRECTION('',(0.,0.,-1.));
#8741=DIRECTION('center_axis',(0.,0.,1.));
#8742=DIRECTION('ref_axis',(-1.,0.,0.));
#8743=DIRECTION('center_axis',(0.,0.,1.));
#8744=DIRECTION('ref_axis',(-1.,0.,0.));
#8745=DIRECTION('center_axis',(0.,0.,1.));
#8746=DIRECTION('ref_axis',(-1.,0.,0.));
#8747=DIRECTION('',(0.,0.,-1.));
#8748=DIRECTION('center_axis',(0.,0.,-1.));
#8749=DIRECTION('ref_axis',(-1.,0.,0.));
#8750=DIRECTION('center_axis',(0.,0.,1.));
#8751=DIRECTION('ref_axis',(-1.,0.,0.));
#8752=DIRECTION('center_axis',(0.,0.,-1.));
#8753=DIRECTION('ref_axis',(-1.,0.,0.));
#8754=DIRECTION('',(0.,-1.,0.));
#8755=DIRECTION('',(1.,0.,0.));
#8756=DIRECTION('',(0.,1.,0.));
#8757=DIRECTION('',(-1.,0.,0.));
#8758=DIRECTION('center_axis',(0.,0.,1.));
#8759=DIRECTION('ref_axis',(-1.,0.,0.));
#8760=DIRECTION('center_axis',(0.,0.,-1.));
#8761=DIRECTION('ref_axis',(-1.,0.,0.));
#8762=DIRECTION('',(0.,0.,-1.));
#8763=DIRECTION('center_axis',(0.,0.,1.));
#8764=DIRECTION('ref_axis',(-1.,0.,0.));
#8765=DIRECTION('center_axis',(0.,0.,1.));
#8766=DIRECTION('ref_axis',(-1.,0.,0.));
#8767=DIRECTION('center_axis',(0.,0.,1.));
#8768=DIRECTION('ref_axis',(-1.,0.,0.));
#8769=DIRECTION('',(0.,0.,-1.));
#8770=DIRECTION('center_axis',(0.,0.,-1.));
#8771=DIRECTION('ref_axis',(-1.,0.,0.));
#8772=DIRECTION('center_axis',(0.,0.,1.));
#8773=DIRECTION('ref_axis',(-1.,0.,0.));
#8774=DIRECTION('center_axis',(0.,0.,1.));
#8775=DIRECTION('ref_axis',(0.,1.,0.));
#8776=DIRECTION('',(0.,-1.,0.));
#8777=DIRECTION('',(-1.,0.,0.));
#8778=DIRECTION('',(0.,-1.,0.));
#8779=DIRECTION('',(1.,0.,0.));
#8780=DIRECTION('',(0.,1.,0.));
#8781=DIRECTION('',(-1.,0.,0.));
#8782=DIRECTION('',(-1.,0.,0.));
#8783=DIRECTION('',(0.,1.,0.));
#8784=DIRECTION('',(1.,0.,0.));
#8785=DIRECTION('',(0.,-1.,0.));
#8786=DIRECTION('',(0.,-1.,0.));
#8787=DIRECTION('',(0.957826291768272,-0.287347863742609,0.));
#8788=DIRECTION('',(0.,-1.,0.));
#8789=DIRECTION('',(-0.953603249563838,0.301066176149513,0.));
#8790=DIRECTION('',(0.,1.,0.));
#8791=DIRECTION('',(0.949628638274192,0.31337748701766,0.));
#8792=DIRECTION('',(0.,-1.,0.));
#8793=DIRECTION('',(-0.952424163677959,-0.304775675608045,0.));
#8794=DIRECTION('',(1.,0.,0.));
#8795=DIRECTION('',(0.,-1.,0.));
#8796=DIRECTION('',(-1.,0.,0.));
#8797=DIRECTION('',(1.,0.,0.));
#8798=DIRECTION('',(0.,-1.,0.));
#8799=DIRECTION('',(-1.,0.,0.));
#8800=DIRECTION('',(0.,1.,0.));
#8801=DIRECTION('',(1.,0.,0.));
#8802=DIRECTION('',(0.,-1.,0.));
#8803=DIRECTION('',(-1.,0.,0.));
#8804=DIRECTION('',(0.,-1.,0.));
#8805=DIRECTION('',(-1.,0.,0.));
#8806=DIRECTION('',(0.,1.,0.));
#8807=DIRECTION('',(1.,0.,0.));
#8808=DIRECTION('',(1.,0.,0.));
#8809=DIRECTION('',(0.,-1.,0.));
#8810=DIRECTION('',(-1.,0.,0.));
#8811=DIRECTION('',(1.,0.,0.));
#8812=DIRECTION('',(0.,-1.,0.));
#8813=DIRECTION('',(-1.,0.,0.));
#8814=DIRECTION('',(0.,1.,0.));
#8815=DIRECTION('',(0.993035297455859,0.117817222878297,0.));
#8816=DIRECTION('',(0.,-1.,0.));
#8817=DIRECTION('',(-1.,0.,0.));
#8818=DIRECTION('',(0.,-1.,0.));
#8819=DIRECTION('',(-1.,0.,0.));
#8820=DIRECTION('',(0.,1.,0.));
#8821=DIRECTION('',(1.,0.,0.));
#8822=DIRECTION('',(0.,-1.,0.));
#8823=DIRECTION('',(1.,0.,0.));
#8824=DIRECTION('',(0.,-1.,0.));
#8825=DIRECTION('',(-1.,0.,0.));
#8826=DIRECTION('',(0.,-1.,0.));
#8827=DIRECTION('',(-1.,0.,0.));
#8828=DIRECTION('',(0.,1.,0.));
#8829=DIRECTION('',(1.,0.,0.));
#8830=DIRECTION('',(0.982154796195763,-0.188074337190537,0.));
#8831=DIRECTION('',(1.,0.,0.));
#8832=DIRECTION('',(0.,-1.,0.));
#8833=DIRECTION('',(-1.,0.,0.));
#8834=DIRECTION('',(0.,1.,0.));
#8835=DIRECTION('',(0.983129498577494,0.182910877278431,0.));
#8836=DIRECTION('',(0.748074484817401,-0.663614771659869,0.));
#8837=DIRECTION('',(1.,0.,0.));
#8838=DIRECTION('',(0.,-1.,0.));
#8839=DIRECTION('',(-1.,0.,0.));
#8840=DIRECTION('',(0.,1.,0.));
#8841=DIRECTION('',(1.,0.,0.));
#8842=DIRECTION('',(-0.737013070180479,0.675878490842211,0.));
#8843=DIRECTION('',(0.,1.,0.));
#8844=DIRECTION('',(0.734402688934756,-0.678713997561122,0.));
#8845=DIRECTION('',(0.810275891660149,0.586048615214088,0.));
#8846=DIRECTION('',(0.,-1.,0.));
#8847=DIRECTION('',(-0.813949080916234,-0.580936221693585,0.));
#8848=DIRECTION('',(0.,-1.,0.));
#8849=DIRECTION('',(0.852601782524069,0.522561193006886,0.));
#8850=DIRECTION('',(-1.,0.,0.));
#8851=DIRECTION('',(-0.177526549903187,-0.984116011494311,0.));
#8852=DIRECTION('',(0.999958175092886,-0.00914593160399767,0.));
#8853=DIRECTION('',(0.,-1.,0.));
#8854=DIRECTION('',(-1.,0.,0.));
#8855=DIRECTION('',(0.,-1.,0.));
#8856=DIRECTION('',(-1.,0.,0.));
#8857=DIRECTION('',(-1.,0.,0.));
#8858=DIRECTION('',(0.,1.,0.));
#8859=DIRECTION('',(1.,0.,0.));
#8860=DIRECTION('',(-1.,0.,0.));
#8861=DIRECTION('',(0.,1.,0.));
#8862=DIRECTION('',(0.847665037579512,0.530531793642308,0.));
#8863=DIRECTION('',(0.,-1.,0.));
#8864=DIRECTION('',(-0.830444896850361,-0.557100774811158,0.));
#8865=DIRECTION('',(0.,-1.,0.));
#8866=DIRECTION('',(1.,0.,0.));
#8867=DIRECTION('',(0.,-1.,0.));
#8868=DIRECTION('center_axis',(0.,1.,0.));
#8869=DIRECTION('ref_axis',(-1.,0.,0.));
#8870=DIRECTION('',(1.,0.,0.));
#8871=DIRECTION('',(0.,0.,1.));
#8872=DIRECTION('',(-1.,0.,0.));
#8873=DIRECTION('',(0.,0.,1.));
#8874=DIRECTION('center_axis',(-1.,0.,0.));
#8875=DIRECTION('ref_axis',(0.,-1.,0.));
#8876=DIRECTION('',(0.,1.,0.));
#8877=DIRECTION('',(0.,-1.,0.));
#8878=DIRECTION('',(0.,0.,1.));
#8879=DIRECTION('center_axis',(0.,-1.,0.));
#8880=DIRECTION('ref_axis',(1.,0.,0.));
#8881=DIRECTION('',(-1.,0.,0.));
#8882=DIRECTION('',(1.,0.,0.));
#8883=DIRECTION('',(0.,0.,1.));
#8884=DIRECTION('center_axis',(1.,0.,0.));
#8885=DIRECTION('ref_axis',(0.,1.,0.));
#8886=DIRECTION('',(0.,-1.,0.));
#8887=DIRECTION('',(0.,1.,0.));
#8888=DIRECTION('center_axis',(-1.,0.,0.));
#8889=DIRECTION('ref_axis',(0.,-1.,0.));
#8890=DIRECTION('',(0.,1.,0.));
#8891=DIRECTION('',(0.,0.,1.));
#8892=DIRECTION('',(0.,-1.,0.));
#8893=DIRECTION('',(0.,0.,1.));
#8894=DIRECTION('center_axis',(-0.222007105304847,0.975045047776851,0.));
#8895=DIRECTION('ref_axis',(-0.975045047776851,-0.222007105304847,0.));
#8896=DIRECTION('',(0.975045047776851,0.222007105304847,0.));
#8897=DIRECTION('',(-0.975045047776851,-0.222007105304847,0.));
#8898=DIRECTION('',(0.,0.,1.));
#8899=DIRECTION('center_axis',(1.,0.,0.));
#8900=DIRECTION('ref_axis',(0.,1.,0.));
#8901=DIRECTION('',(0.,-1.,0.));
#8902=DIRECTION('',(0.,1.,0.));
#8903=DIRECTION('',(0.,0.,1.));
#8904=DIRECTION('center_axis',(0.186814434920129,-0.982395219301007,0.));
#8905=DIRECTION('ref_axis',(0.982395219301007,0.186814434920129,0.));
#8906=DIRECTION('',(-0.982395219301007,-0.186814434920129,0.));
#8907=DIRECTION('',(0.982395219301007,0.186814434920129,0.));
#8908=DIRECTION('',(0.,0.,1.));
#8909=DIRECTION('center_axis',(0.186814434920128,0.982395219301007,0.));
#8910=DIRECTION('ref_axis',(-0.982395219301007,0.186814434920128,0.));
#8911=DIRECTION('',(0.982395219301007,-0.186814434920128,0.));
#8912=DIRECTION('',(-0.982395219301007,0.186814434920128,0.));
#8913=DIRECTION('',(0.,0.,1.));
#8914=DIRECTION('center_axis',(1.,0.,0.));
#8915=DIRECTION('ref_axis',(0.,1.,0.));
#8916=DIRECTION('',(0.,-1.,0.));
#8917=DIRECTION('',(0.,1.,0.));
#8918=DIRECTION('',(0.,0.,1.));
#8919=DIRECTION('center_axis',(-0.221789593637402,-0.975094547289726,0.));
#8920=DIRECTION('ref_axis',(0.975094547289726,-0.221789593637402,0.));
#8921=DIRECTION('',(-0.975094547289726,0.221789593637402,0.));
#8922=DIRECTION('',(0.975094547289726,-0.221789593637402,0.));
#8923=DIRECTION('center_axis',(0.,0.,1.));
#8924=DIRECTION('ref_axis',(1.,0.,0.));
#8925=DIRECTION('center_axis',(0.,0.,1.));
#8926=DIRECTION('ref_axis',(0.,1.,0.));
#8927=DIRECTION('',(0.,1.,0.));
#8928=DIRECTION('',(1.,3.58271542171181E-16,0.));
#8929=DIRECTION('',(0.,-1.,0.));
#8930=DIRECTION('',(-1.,-3.58271542171181E-16,0.));
#8931=DIRECTION('',(0.,1.,0.));
#8932=DIRECTION('',(1.,0.,0.));
#8933=DIRECTION('',(0.,-1.,0.));
#8934=DIRECTION('',(-1.,0.,0.));
#8935=DIRECTION('center_axis',(-1.,0.,0.));
#8936=DIRECTION('ref_axis',(0.,-1.,0.));
#8937=DIRECTION('',(0.,0.,1.));
#8938=DIRECTION('',(0.,-1.,0.));
#8939=DIRECTION('',(0.,0.,1.));
#8940=DIRECTION('center_axis',(0.,1.,0.));
#8941=DIRECTION('ref_axis',(-1.,0.,0.));
#8942=DIRECTION('',(-1.,0.,0.));
#8943=DIRECTION('',(0.,0.,1.));
#8944=DIRECTION('center_axis',(1.,0.,0.));
#8945=DIRECTION('ref_axis',(0.,1.,0.));
#8946=DIRECTION('',(0.,1.,0.));
#8947=DIRECTION('',(0.,0.,1.));
#8948=DIRECTION('center_axis',(0.,-1.,0.));
#8949=DIRECTION('ref_axis',(1.,0.,0.));
#8950=DIRECTION('',(1.,0.,0.));
#8951=DIRECTION('center_axis',(0.,0.,1.));
#8952=DIRECTION('ref_axis',(1.,0.,0.));
#8953=DIRECTION('center_axis',(-1.,0.,0.));
#8954=DIRECTION('ref_axis',(0.,-1.,0.));
#8955=DIRECTION('',(0.,0.,1.));
#8956=DIRECTION('',(0.,-1.,0.));
#8957=DIRECTION('',(0.,0.,1.));
#8958=DIRECTION('center_axis',(-3.58271542171181E-16,1.,0.));
#8959=DIRECTION('ref_axis',(-1.,-3.58271542171181E-16,0.));
#8960=DIRECTION('',(-1.,-3.58271542171181E-16,0.));
#8961=DIRECTION('',(0.,0.,1.));
#8962=DIRECTION('center_axis',(1.,0.,0.));
#8963=DIRECTION('ref_axis',(0.,1.,0.));
#8964=DIRECTION('',(0.,1.,0.));
#8965=DIRECTION('',(0.,0.,1.));
#8966=DIRECTION('center_axis',(3.58271542171181E-16,-1.,0.));
#8967=DIRECTION('ref_axis',(1.,3.58271542171181E-16,0.));
#8968=DIRECTION('',(1.,3.58271542171181E-16,0.));
#8969=DIRECTION('center_axis',(0.,0.,1.));
#8970=DIRECTION('ref_axis',(1.,0.,0.));
#8971=DIRECTION('center_axis',(-1.,0.,0.));
#8972=DIRECTION('ref_axis',(0.,-1.,0.));
#8973=DIRECTION('',(0.,1.,0.));
#8974=DIRECTION('',(0.,0.,1.));
#8975=DIRECTION('',(0.,-1.,0.));
#8976=DIRECTION('',(0.,0.,1.));
#8977=DIRECTION('',(0.,0.,1.));
#8978=DIRECTION('',(0.,0.,1.));
#8979=DIRECTION('',(0.,0.,1.));
#8980=DIRECTION('',(0.,0.,1.));
#8981=DIRECTION('',(0.,0.,1.));
#8982=DIRECTION('',(0.,0.,1.));
#8983=DIRECTION('center_axis',(1.,0.,0.));
#8984=DIRECTION('ref_axis',(0.,1.,0.));
#8985=DIRECTION('',(0.,-1.,0.));
#8986=DIRECTION('',(0.,1.,0.));
#8987=DIRECTION('',(0.,0.,1.));
#8988=DIRECTION('center_axis',(0.,1.,0.));
#8989=DIRECTION('ref_axis',(-1.,0.,0.));
#8990=DIRECTION('',(1.,0.,0.));
#8991=DIRECTION('',(-1.,0.,0.));
#8992=DIRECTION('center_axis',(0.,-1.,0.));
#8993=DIRECTION('ref_axis',(1.,0.,0.));
#8994=DIRECTION('',(0.,0.,1.));
#8995=DIRECTION('',(1.,0.,0.));
#8996=DIRECTION('',(0.,0.,1.));
#8997=DIRECTION('center_axis',(-1.,0.,0.));
#8998=DIRECTION('ref_axis',(0.,-1.,0.));
#8999=DIRECTION('',(0.,-1.,0.));
#9000=DIRECTION('',(0.,0.,1.));
#9001=DIRECTION('',(0.,0.,1.));
#9002=DIRECTION('',(0.,0.,1.));
#9003=DIRECTION('',(0.,0.,1.));
#9004=DIRECTION('',(0.,0.,1.));
#9005=DIRECTION('',(0.,0.,1.));
#9006=DIRECTION('',(0.,0.,1.));
#9007=DIRECTION('',(0.,0.,1.));
#9008=DIRECTION('center_axis',(-0.530531793642308,0.847665037579512,0.));
#9009=DIRECTION('ref_axis',(-0.847665037579512,-0.530531793642308,0.));
#9010=DIRECTION('',(-0.847665037579512,-0.530531793642308,0.));
#9011=DIRECTION('',(0.,0.,1.));
#9012=DIRECTION('center_axis',(1.,0.,0.));
#9013=DIRECTION('ref_axis',(0.,1.,0.));
#9014=DIRECTION('',(0.,1.,0.));
#9015=DIRECTION('',(0.,0.,1.));
#9016=DIRECTION('center_axis',(0.557100774811158,-0.830444896850361,0.));
#9017=DIRECTION('ref_axis',(0.830444896850361,0.557100774811158,0.));
#9018=DIRECTION('',(0.830444896850361,0.557100774811158,0.));
#9019=DIRECTION('',(0.,0.,1.));
#9020=DIRECTION('',(0.,0.,1.));
#9021=DIRECTION('',(0.,0.,1.));
#9022=DIRECTION('',(0.,0.,1.));
#9023=DIRECTION('center_axis',(1.,0.,0.));
#9024=DIRECTION('ref_axis',(0.,1.,0.));
#9025=DIRECTION('',(0.,1.,0.));
#9026=DIRECTION('',(0.,0.,1.));
#9027=DIRECTION('center_axis',(0.,1.,0.));
#9028=DIRECTION('ref_axis',(-1.,0.,0.));
#9029=DIRECTION('',(-1.,0.,0.));
#9030=DIRECTION('',(0.,0.,1.));
#9031=DIRECTION('center_axis',(1.,0.,0.));
#9032=DIRECTION('ref_axis',(0.,1.,0.));
#9033=DIRECTION('',(0.,1.,0.));
#9034=DIRECTION('center_axis',(0.,0.,1.));
#9035=DIRECTION('ref_axis',(-1.,0.,0.));
#9036=DIRECTION('center_axis',(0.,0.,1.));
#9037=DIRECTION('ref_axis',(0.,1.,0.));
#9038=DIRECTION('center_axis',(1.,0.,0.));
#9039=DIRECTION('ref_axis',(0.,1.,0.));
#9040=DIRECTION('',(0.,0.,1.));
#9041=DIRECTION('',(0.,1.,0.));
#9042=DIRECTION('',(0.,0.,1.));
#9043=DIRECTION('center_axis',(0.,-1.,0.));
#9044=DIRECTION('ref_axis',(1.,0.,0.));
#9045=DIRECTION('',(1.,0.,0.));
#9046=DIRECTION('',(0.,0.,1.));
#9047=DIRECTION('',(0.,0.,1.));
#9048=DIRECTION('center_axis',(0.,-1.,0.));
#9049=DIRECTION('ref_axis',(1.,0.,0.));
#9050=DIRECTION('',(1.,0.,0.));
#9051=DIRECTION('',(0.,0.,1.));
#9052=DIRECTION('',(0.,0.,1.));
#9053=DIRECTION('',(0.,0.,1.));
#9054=DIRECTION('center_axis',(-1.,0.,0.));
#9055=DIRECTION('ref_axis',(0.,-1.,0.));
#9056=DIRECTION('',(0.,-1.,0.));
#9057=DIRECTION('',(0.,0.,1.));
#9058=DIRECTION('center_axis',(0.,1.,0.));
#9059=DIRECTION('ref_axis',(-1.,0.,0.));
#9060=DIRECTION('',(-1.,0.,0.));
#9061=DIRECTION('center_axis',(0.,0.,1.));
#9062=DIRECTION('ref_axis',(-1.,0.,0.));
#9063=DIRECTION('',(0.,0.,1.));
#9064=DIRECTION('',(0.,0.,1.));
#9065=DIRECTION('',(0.,0.,1.));
#9066=DIRECTION('',(0.,0.,1.));
#9067=DIRECTION('',(0.,0.,1.));
#9068=DIRECTION('',(0.,0.,1.));
#9069=DIRECTION('',(0.,0.,1.));
#9070=DIRECTION('',(0.,0.,1.));
#9071=DIRECTION('',(0.,0.,1.));
#9072=DIRECTION('',(0.,0.,1.));
#9073=DIRECTION('',(0.,0.,1.));
#9074=DIRECTION('',(0.,0.,1.));
#9075=DIRECTION('',(0.,0.,1.));
#9076=DIRECTION('',(0.,0.,1.));
#9077=DIRECTION('',(0.,0.,1.));
#9078=DIRECTION('',(0.,0.,1.));
#9079=DIRECTION('',(0.,0.,1.));
#9080=DIRECTION('',(0.,0.,1.));
#9081=DIRECTION('',(0.,0.,1.));
#9082=DIRECTION('',(0.,0.,1.));
#9083=DIRECTION('center_axis',(0.,0.,1.));
#9084=DIRECTION('ref_axis',(-1.,0.,0.));
#9085=DIRECTION('center_axis',(0.,0.,1.));
#9086=DIRECTION('ref_axis',(0.,1.,0.));
#9087=DIRECTION('center_axis',(0.,-1.,0.));
#9088=DIRECTION('ref_axis',(1.,0.,0.));
#9089=DIRECTION('',(0.,0.,1.));
#9090=DIRECTION('',(1.,0.,0.));
#9091=DIRECTION('',(0.,0.,1.));
#9092=DIRECTION('center_axis',(-1.,0.,0.));
#9093=DIRECTION('ref_axis',(0.,-1.,0.));
#9094=DIRECTION('',(0.,-1.,0.));
#9095=DIRECTION('',(0.,0.,1.));
#9096=DIRECTION('center_axis',(0.,1.,0.));
#9097=DIRECTION('ref_axis',(-1.,0.,0.));
#9098=DIRECTION('',(-1.,0.,0.));
#9099=DIRECTION('',(0.,0.,1.));
#9100=DIRECTION('center_axis',(1.,0.,0.));
#9101=DIRECTION('ref_axis',(0.,1.,0.));
#9102=DIRECTION('',(0.,1.,0.));
#9103=DIRECTION('center_axis',(0.,0.,1.));
#9104=DIRECTION('ref_axis',(1.,0.,0.));
#9105=DIRECTION('',(0.,0.,1.));
#9106=DIRECTION('',(0.,0.,1.));
#9107=DIRECTION('',(0.,0.,1.));
#9108=DIRECTION('',(0.,0.,1.));
#9109=DIRECTION('',(0.,0.,1.));
#9110=DIRECTION('',(0.,0.,1.));
#9111=DIRECTION('',(0.,0.,1.));
#9112=DIRECTION('',(0.,0.,1.));
#9113=DIRECTION('',(0.,0.,1.));
#9114=DIRECTION('center_axis',(0.,-1.,0.));
#9115=DIRECTION('ref_axis',(1.,0.,0.));
#9116=DIRECTION('',(-1.,0.,0.));
#9117=DIRECTION('',(1.,0.,0.));
#9118=DIRECTION('center_axis',(0.984116011494311,-0.177526549903187,0.));
#9119=DIRECTION('ref_axis',(0.177526549903187,0.984116011494311,0.));
#9120=DIRECTION('',(0.,0.,1.));
#9121=DIRECTION('',(0.177526549903187,0.984116011494311,0.));
#9122=DIRECTION('',(0.,0.,1.));
#9123=DIRECTION('',(0.,0.,1.));
#9124=DIRECTION('',(0.,0.,1.));
#9125=DIRECTION('',(0.,0.,1.));
#9126=DIRECTION('',(0.,0.,1.));
#9127=DIRECTION('',(0.,0.,1.));
#9128=DIRECTION('center_axis',(0.00914593160399767,0.999958175092886,0.));
#9129=DIRECTION('ref_axis',(-0.999958175092886,0.00914593160399767,0.));
#9130=DIRECTION('',(-0.999958175092886,0.00914593160399767,0.));
#9131=DIRECTION('',(0.,0.,1.));
#9132=DIRECTION('',(0.,0.,1.));
#9133=DIRECTION('',(0.,0.,1.));
#9134=DIRECTION('center_axis',(1.,0.,0.));
#9135=DIRECTION('ref_axis',(0.,1.,0.));
#9136=DIRECTION('',(0.,1.,0.));
#9137=DIRECTION('',(0.,0.,1.));
#9138=DIRECTION('',(0.,0.,1.));
#9139=DIRECTION('',(0.,0.,1.));
#9140=DIRECTION('',(0.,0.,1.));
#9141=DIRECTION('',(0.,0.,1.));
#9142=DIRECTION('',(0.,0.,1.));
#9143=DIRECTION('',(0.,0.,1.));
#9144=DIRECTION('',(0.,0.,1.));
#9145=DIRECTION('',(0.,0.,1.));
#9146=DIRECTION('',(0.,0.,1.));
#9147=DIRECTION('',(0.,0.,1.));
#9148=DIRECTION('center_axis',(0.,-1.,0.));
#9149=DIRECTION('ref_axis',(1.,0.,0.));
#9150=DIRECTION('',(1.,0.,0.));
#9151=DIRECTION('',(0.,0.,1.));
#9152=DIRECTION('',(0.,0.,1.));
#9153=DIRECTION('',(0.,0.,1.));
#9154=DIRECTION('',(0.,0.,1.));
#9155=DIRECTION('center_axis',(0.,0.,1.));
#9156=DIRECTION('ref_axis',(-1.,0.,0.));
#9157=DIRECTION('center_axis',(0.,0.,1.));
#9158=DIRECTION('ref_axis',(0.,1.,0.));
#9159=DIRECTION('center_axis',(-1.,0.,0.));
#9160=DIRECTION('ref_axis',(0.,-1.,0.));
#9161=DIRECTION('',(0.,1.,0.));
#9162=DIRECTION('',(0.,0.,1.));
#9163=DIRECTION('',(0.,-1.,0.));
#9164=DIRECTION('',(0.,0.,1.));
#9165=DIRECTION('center_axis',(0.291719638299754,-0.956503869636846,0.));
#9166=DIRECTION('ref_axis',(0.956503869636846,0.291719638299754,0.));
#9167=DIRECTION('',(-0.956503869636846,-0.291719638299754,0.));
#9168=DIRECTION('',(0.956503869636846,0.291719638299754,0.));
#9169=DIRECTION('',(0.,0.,1.));
#9170=DIRECTION('center_axis',(0.283992573806552,0.958826479621172,0.));
#9171=DIRECTION('ref_axis',(-0.958826479621172,0.283992573806552,0.));
#9172=DIRECTION('',(0.958826479621172,-0.283992573806552,0.));
#9173=DIRECTION('',(-0.958826479621172,0.283992573806552,0.));
#9174=DIRECTION('center_axis',(1.,0.,0.));
#9175=DIRECTION('ref_axis',(0.,1.,0.));
#9176=DIRECTION('',(0.,0.,1.));
#9177=DIRECTION('',(0.,1.,0.));
#9178=DIRECTION('',(0.,0.,1.));
#9179=DIRECTION('center_axis',(0.287347863742609,0.957826291768272,0.));
#9180=DIRECTION('ref_axis',(-0.957826291768272,0.287347863742609,0.));
#9181=DIRECTION('',(-0.957826291768272,0.287347863742609,0.));
#9182=DIRECTION('',(0.,0.,1.));
#9183=DIRECTION('center_axis',(1.,0.,0.));
#9184=DIRECTION('ref_axis',(0.,1.,0.));
#9185=DIRECTION('',(0.,1.,0.));
#9186=DIRECTION('',(0.,0.,1.));
#9187=DIRECTION('center_axis',(-0.301066176149513,-0.953603249563838,0.));
#9188=DIRECTION('ref_axis',(0.953603249563838,-0.301066176149513,0.));
#9189=DIRECTION('',(0.953603249563838,-0.301066176149513,0.));
#9190=DIRECTION('',(0.,0.,1.));
#9191=DIRECTION('center_axis',(-1.,0.,0.));
#9192=DIRECTION('ref_axis',(0.,-1.,0.));
#9193=DIRECTION('',(0.,-1.,0.));
#9194=DIRECTION('',(0.,0.,1.));
#9195=DIRECTION('center_axis',(-0.31337748701766,0.949628638274192,0.));
#9196=DIRECTION('ref_axis',(-0.949628638274192,-0.31337748701766,0.));
#9197=DIRECTION('',(-0.949628638274192,-0.31337748701766,0.));
#9198=DIRECTION('',(0.,0.,1.));
#9199=DIRECTION('center_axis',(1.,0.,0.));
#9200=DIRECTION('ref_axis',(0.,1.,0.));
#9201=DIRECTION('',(0.,1.,0.));
#9202=DIRECTION('',(0.,0.,1.));
#9203=DIRECTION('center_axis',(0.304775675608045,-0.952424163677959,0.));
#9204=DIRECTION('ref_axis',(0.952424163677959,0.304775675608045,0.));
#9205=DIRECTION('',(0.952424163677959,0.304775675608045,0.));
#9206=DIRECTION('center_axis',(0.,0.,1.));
#9207=DIRECTION('ref_axis',(1.,0.,0.));
#9208=DIRECTION('center_axis',(0.,0.,1.));
#9209=DIRECTION('ref_axis',(0.,1.,0.));
#9210=DIRECTION('',(0.,0.,1.));
#9211=DIRECTION('',(0.,0.,1.));
#9212=DIRECTION('',(0.,0.,1.));
#9213=DIRECTION('',(0.,0.,1.));
#9214=DIRECTION('',(0.,0.,1.));
#9215=DIRECTION('',(0.,0.,1.));
#9216=DIRECTION('',(0.,0.,1.));
#9217=DIRECTION('',(0.,0.,1.));
#9218=DIRECTION('center_axis',(0.,0.,1.));
#9219=DIRECTION('ref_axis',(-1.,0.,0.));
#9220=DIRECTION('',(0.,0.,1.));
#9221=DIRECTION('',(0.,0.,1.));
#9222=DIRECTION('',(0.,0.,1.));
#9223=DIRECTION('center_axis',(0.,1.,0.));
#9224=DIRECTION('ref_axis',(-1.,0.,0.));
#9225=DIRECTION('',(-1.,0.,0.));
#9226=DIRECTION('',(0.,0.,1.));
#9227=DIRECTION('center_axis',(1.,0.,0.));
#9228=DIRECTION('ref_axis',(0.,1.,0.));
#9229=DIRECTION('',(0.,1.,0.));
#9230=DIRECTION('',(0.,0.,1.));
#9231=DIRECTION('center_axis',(0.,-1.,0.));
#9232=DIRECTION('ref_axis',(1.,0.,0.));
#9233=DIRECTION('',(1.,0.,0.));
#9234=DIRECTION('',(0.,0.,1.));
#9235=DIRECTION('',(0.,0.,1.));
#9236=DIRECTION('',(0.,0.,1.));
#9237=DIRECTION('center_axis',(0.,1.,0.));
#9238=DIRECTION('ref_axis',(-1.,0.,0.));
#9239=DIRECTION('',(-1.,0.,0.));
#9240=DIRECTION('',(0.,0.,1.));
#9241=DIRECTION('center_axis',(1.,0.,0.));
#9242=DIRECTION('ref_axis',(0.,1.,0.));
#9243=DIRECTION('',(0.,1.,0.));
#9244=DIRECTION('',(0.,0.,1.));
#9245=DIRECTION('center_axis',(0.,-1.,0.));
#9246=DIRECTION('ref_axis',(1.,0.,0.));
#9247=DIRECTION('',(1.,0.,0.));
#9248=DIRECTION('',(0.,0.,1.));
#9249=DIRECTION('center_axis',(-1.,0.,0.));
#9250=DIRECTION('ref_axis',(0.,-1.,0.));
#9251=DIRECTION('',(0.,-1.,0.));
#9252=DIRECTION('',(0.,0.,1.));
#9253=DIRECTION('center_axis',(0.,1.,0.));
#9254=DIRECTION('ref_axis',(-1.,0.,0.));
#9255=DIRECTION('',(-1.,0.,0.));
#9256=DIRECTION('',(0.,0.,1.));
#9257=DIRECTION('center_axis',(0.,0.,1.));
#9258=DIRECTION('ref_axis',(-1.,0.,0.));
#9259=DIRECTION('center_axis',(1.,0.,0.));
#9260=DIRECTION('ref_axis',(0.,1.,0.));
#9261=DIRECTION('',(0.,0.,1.));
#9262=DIRECTION('',(0.,1.,0.));
#9263=DIRECTION('',(0.,0.,1.));
#9264=DIRECTION('center_axis',(0.,-1.,0.));
#9265=DIRECTION('ref_axis',(1.,0.,0.));
#9266=DIRECTION('',(1.,0.,0.));
#9267=DIRECTION('',(0.,0.,1.));
#9268=DIRECTION('center_axis',(1.,0.,0.));
#9269=DIRECTION('ref_axis',(0.,1.,0.));
#9270=DIRECTION('',(0.,1.,0.));
#9271=DIRECTION('',(0.,0.,1.));
#9272=DIRECTION('center_axis',(0.,-1.,0.));
#9273=DIRECTION('ref_axis',(1.,0.,0.));
#9274=DIRECTION('',(1.,0.,0.));
#9275=DIRECTION('',(0.,0.,1.));
#9276=DIRECTION('center_axis',(-1.,0.,0.));
#9277=DIRECTION('ref_axis',(0.,-1.,0.));
#9278=DIRECTION('',(0.,-1.,0.));
#9279=DIRECTION('',(0.,0.,1.));
#9280=DIRECTION('center_axis',(0.,1.,0.));
#9281=DIRECTION('ref_axis',(-1.,0.,0.));
#9282=DIRECTION('',(-1.,0.,0.));
#9283=DIRECTION('center_axis',(0.,0.,1.));
#9284=DIRECTION('ref_axis',(1.,0.,0.));
#9285=DIRECTION('',(0.,0.,1.));
#9286=DIRECTION('',(0.,0.,1.));
#9287=DIRECTION('',(0.,0.,1.));
#9288=DIRECTION('center_axis',(0.,1.,0.));
#9289=DIRECTION('ref_axis',(-1.,0.,0.));
#9290=DIRECTION('',(-1.,0.,0.));
#9291=DIRECTION('',(0.,0.,1.));
#9292=DIRECTION('center_axis',(1.,0.,0.));
#9293=DIRECTION('ref_axis',(0.,1.,0.));
#9294=DIRECTION('',(0.,1.,0.));
#9295=DIRECTION('',(0.,0.,1.));
#9296=DIRECTION('center_axis',(0.,-1.,0.));
#9297=DIRECTION('ref_axis',(1.,0.,0.));
#9298=DIRECTION('',(1.,0.,0.));
#9299=DIRECTION('',(0.,0.,1.));
#9300=DIRECTION('',(0.,0.,1.));
#9301=DIRECTION('',(0.,0.,1.));
#9302=DIRECTION('center_axis',(0.,1.,0.));
#9303=DIRECTION('ref_axis',(-1.,0.,0.));
#9304=DIRECTION('',(-1.,0.,0.));
#9305=DIRECTION('',(0.,0.,1.));
#9306=DIRECTION('center_axis',(1.,0.,0.));
#9307=DIRECTION('ref_axis',(0.,1.,0.));
#9308=DIRECTION('',(0.,1.,0.));
#9309=DIRECTION('',(0.,0.,1.));
#9310=DIRECTION('center_axis',(0.,-1.,0.));
#9311=DIRECTION('ref_axis',(1.,0.,0.));
#9312=DIRECTION('',(1.,0.,0.));
#9313=DIRECTION('',(0.,0.,1.));
#9314=DIRECTION('center_axis',(-1.,0.,0.));
#9315=DIRECTION('ref_axis',(0.,-1.,0.));
#9316=DIRECTION('',(0.,-1.,0.));
#9317=DIRECTION('',(0.,0.,1.));
#9318=DIRECTION('center_axis',(-0.117817222878297,0.993035297455859,0.));
#9319=DIRECTION('ref_axis',(-0.993035297455859,-0.117817222878297,0.));
#9320=DIRECTION('',(-0.993035297455859,-0.117817222878297,0.));
#9321=DIRECTION('',(0.,0.,1.));
#9322=DIRECTION('center_axis',(0.,0.,1.));
#9323=DIRECTION('ref_axis',(-1.,0.,0.));
#9324=DIRECTION('',(0.,0.,1.));
#9325=DIRECTION('',(0.,0.,1.));
#9326=DIRECTION('',(0.,0.,1.));
#9327=DIRECTION('',(0.,0.,1.));
#9328=DIRECTION('',(0.,0.,1.));
#9329=DIRECTION('center_axis',(-1.,0.,0.));
#9330=DIRECTION('ref_axis',(0.,-1.,0.));
#9331=DIRECTION('',(0.,1.,0.));
#9332=DIRECTION('',(0.,-1.,0.));
#9333=DIRECTION('',(0.,0.,1.));
#9334=DIRECTION('center_axis',(0.,-1.,0.));
#9335=DIRECTION('ref_axis',(1.,0.,0.));
#9336=DIRECTION('',(-1.,0.,0.));
#9337=DIRECTION('',(1.,0.,0.));
#9338=DIRECTION('',(0.,0.,1.));
#9339=DIRECTION('',(0.,0.,1.));
#9340=DIRECTION('center_axis',(1.,0.,0.));
#9341=DIRECTION('ref_axis',(0.,1.,0.));
#9342=DIRECTION('',(0.,1.,0.));
#9343=DIRECTION('',(0.,0.,1.));
#9344=DIRECTION('',(0.,0.,1.));
#9345=DIRECTION('',(0.,0.,1.));
#9346=DIRECTION('',(0.,0.,1.));
#9347=DIRECTION('center_axis',(-0.522561193006886,0.852601782524069,0.));
#9348=DIRECTION('ref_axis',(-0.852601782524069,-0.522561193006886,0.));
#9349=DIRECTION('',(-0.852601782524069,-0.522561193006886,0.));
#9350=DIRECTION('',(0.,0.,1.));
#9351=DIRECTION('',(0.,0.,1.));
#9352=DIRECTION('',(0.,0.,1.));
#9353=DIRECTION('',(0.,0.,1.));
#9354=DIRECTION('',(0.,0.,1.));
#9355=DIRECTION('',(0.,0.,1.));
#9356=DIRECTION('center_axis',(0.,-1.,0.));
#9357=DIRECTION('ref_axis',(1.,0.,0.));
#9358=DIRECTION('',(1.,0.,0.));
#9359=DIRECTION('',(0.,0.,1.));
#9360=DIRECTION('',(0.,0.,1.));
#9361=DIRECTION('',(0.,0.,1.));
#9362=DIRECTION('',(0.,0.,1.));
#9363=DIRECTION('',(0.,0.,1.));
#9364=DIRECTION('center_axis',(0.,0.,1.));
#9365=DIRECTION('ref_axis',(-1.,0.,0.));
#9366=DIRECTION('center_axis',(0.,0.,1.));
#9367=DIRECTION('ref_axis',(0.,1.,0.));
#9368=DIRECTION('center_axis',(0.663614771659869,0.748074484817401,0.));
#9369=DIRECTION('ref_axis',(-0.748074484817401,0.663614771659869,0.));
#9370=DIRECTION('',(0.,0.,1.));
#9371=DIRECTION('',(-0.748074484817401,0.663614771659869,0.));
#9372=DIRECTION('',(0.,0.,1.));
#9373=DIRECTION('center_axis',(0.,1.,0.));
#9374=DIRECTION('ref_axis',(-1.,0.,0.));
#9375=DIRECTION('',(-1.,0.,0.));
#9376=DIRECTION('',(0.,0.,1.));
#9377=DIRECTION('center_axis',(1.,0.,0.));
#9378=DIRECTION('ref_axis',(0.,1.,0.));
#9379=DIRECTION('',(0.,1.,0.));
#9380=DIRECTION('',(0.,0.,1.));
#9381=DIRECTION('center_axis',(0.,-1.,0.));
#9382=DIRECTION('ref_axis',(1.,0.,0.));
#9383=DIRECTION('',(1.,0.,0.));
#9384=DIRECTION('',(0.,0.,1.));
#9385=DIRECTION('center_axis',(-1.,0.,0.));
#9386=DIRECTION('ref_axis',(0.,-1.,0.));
#9387=DIRECTION('',(0.,-1.,0.));
#9388=DIRECTION('',(0.,0.,1.));
#9389=DIRECTION('center_axis',(0.,1.,0.));
#9390=DIRECTION('ref_axis',(-1.,0.,0.));
#9391=DIRECTION('',(-1.,0.,0.));
#9392=DIRECTION('',(0.,0.,1.));
#9393=DIRECTION('center_axis',(-0.675878490842211,-0.737013070180479,0.));
#9394=DIRECTION('ref_axis',(0.737013070180479,-0.675878490842211,0.));
#9395=DIRECTION('',(0.737013070180479,-0.675878490842211,0.));
#9396=DIRECTION('',(0.,0.,1.));
#9397=DIRECTION('center_axis',(-1.,0.,0.));
#9398=DIRECTION('ref_axis',(0.,-1.,0.));
#9399=DIRECTION('',(0.,-1.,0.));
#9400=DIRECTION('',(0.,0.,1.));
#9401=DIRECTION('center_axis',(0.678713997561122,0.734402688934756,0.));
#9402=DIRECTION('ref_axis',(-0.734402688934756,0.678713997561122,0.));
#9403=DIRECTION('',(-0.734402688934756,0.678713997561122,0.));
#9404=DIRECTION('',(0.,0.,1.));
#9405=DIRECTION('center_axis',(-0.586048615214088,0.810275891660149,0.));
#9406=DIRECTION('ref_axis',(-0.810275891660149,-0.586048615214088,0.));
#9407=DIRECTION('',(-0.810275891660149,-0.586048615214088,0.));
#9408=DIRECTION('',(0.,0.,1.));
#9409=DIRECTION('center_axis',(1.,0.,0.));
#9410=DIRECTION('ref_axis',(0.,1.,0.));
#9411=DIRECTION('',(0.,1.,0.));
#9412=DIRECTION('',(0.,0.,1.));
#9413=DIRECTION('center_axis',(0.580936221693585,-0.813949080916234,0.));
#9414=DIRECTION('ref_axis',(0.813949080916234,0.580936221693585,0.));
#9415=DIRECTION('',(0.813949080916234,0.580936221693585,0.));
#9416=DIRECTION('center_axis',(0.,0.,1.));
#9417=DIRECTION('ref_axis',(1.,0.,0.));
#9418=DIRECTION('',(0.,0.,1.));
#9419=DIRECTION('',(0.,0.,1.));
#9420=DIRECTION('',(0.,0.,1.));
#9421=DIRECTION('',(0.,0.,1.));
#9422=DIRECTION('',(0.,0.,1.));
#9423=DIRECTION('',(0.,0.,1.));
#9424=DIRECTION('',(0.,0.,1.));
#9425=DIRECTION('',(0.,0.,1.));
#9426=DIRECTION('center_axis',(0.,0.,1.));
#9427=DIRECTION('ref_axis',(-1.,0.,0.));
#9428=DIRECTION('',(0.,0.,1.));
#9429=DIRECTION('',(0.,0.,1.));
#9430=DIRECTION('center_axis',(0.188074337190537,0.982154796195763,0.));
#9431=DIRECTION('ref_axis',(-0.982154796195763,0.188074337190537,0.));
#9432=DIRECTION('',(-0.982154796195763,0.188074337190537,0.));
#9433=DIRECTION('',(0.,0.,1.));
#9434=DIRECTION('',(0.,0.,1.));
#9435=DIRECTION('',(0.,0.,1.));
#9436=DIRECTION('',(0.,0.,1.));
#9437=DIRECTION('center_axis',(0.,1.,0.));
#9438=DIRECTION('ref_axis',(-1.,0.,0.));
#9439=DIRECTION('',(-1.,0.,0.));
#9440=DIRECTION('',(0.,0.,1.));
#9441=DIRECTION('center_axis',(1.,0.,0.));
#9442=DIRECTION('ref_axis',(0.,1.,0.));
#9443=DIRECTION('',(0.,1.,0.));
#9444=DIRECTION('',(0.,0.,1.));
#9445=DIRECTION('center_axis',(0.,-1.,0.));
#9446=DIRECTION('ref_axis',(1.,0.,0.));
#9447=DIRECTION('',(1.,0.,0.));
#9448=DIRECTION('',(0.,0.,1.));
#9449=DIRECTION('center_axis',(-1.,0.,0.));
#9450=DIRECTION('ref_axis',(0.,-1.,0.));
#9451=DIRECTION('',(0.,-1.,0.));
#9452=DIRECTION('',(0.,0.,1.));
#9453=DIRECTION('center_axis',(-0.182910877278431,0.983129498577494,0.));
#9454=DIRECTION('ref_axis',(-0.983129498577494,-0.182910877278431,0.));
#9455=DIRECTION('',(-0.983129498577494,-0.182910877278431,0.));
#9456=DIRECTION('',(0.,0.,1.));
#9457=DIRECTION('',(0.,0.,1.));
#9458=DIRECTION('center_axis',(0.,0.,1.));
#9459=DIRECTION('ref_axis',(-1.,0.,0.));
#9460=DIRECTION('center_axis',(1.,0.,0.));
#9461=DIRECTION('ref_axis',(0.,1.,0.));
#9462=DIRECTION('',(0.,0.,1.));
#9463=DIRECTION('',(0.,1.,0.));
#9464=DIRECTION('',(0.,0.,1.));
#9465=DIRECTION('center_axis',(0.,1.,0.));
#9466=DIRECTION('ref_axis',(-1.,0.,0.));
#9467=DIRECTION('',(-1.,0.,0.));
#9468=DIRECTION('',(0.,0.,1.));
#9469=DIRECTION('center_axis',(1.,0.,0.));
#9470=DIRECTION('ref_axis',(0.,1.,0.));
#9471=DIRECTION('',(0.,1.,0.));
#9472=DIRECTION('',(0.,0.,1.));
#9473=DIRECTION('center_axis',(0.,-1.,0.));
#9474=DIRECTION('ref_axis',(1.,0.,0.));
#9475=DIRECTION('',(1.,0.,0.));
#9476=DIRECTION('',(0.,0.,1.));
#9477=DIRECTION('center_axis',(1.,0.,0.));
#9478=DIRECTION('ref_axis',(0.,1.,0.));
#9479=DIRECTION('',(0.,1.,0.));
#9480=DIRECTION('',(0.,0.,1.));
#9481=DIRECTION('center_axis',(0.,-1.,0.));
#9482=DIRECTION('ref_axis',(1.,0.,0.));
#9483=DIRECTION('',(1.,0.,0.));
#9484=DIRECTION('',(0.,0.,1.));
#9485=DIRECTION('center_axis',(-1.,0.,0.));
#9486=DIRECTION('ref_axis',(0.,-1.,0.));
#9487=DIRECTION('',(0.,-1.,0.));
#9488=DIRECTION('',(0.,0.,1.));
#9489=DIRECTION('center_axis',(0.,1.,0.));
#9490=DIRECTION('ref_axis',(-1.,0.,0.));
#9491=DIRECTION('',(-1.,0.,0.));
#9492=DIRECTION('center_axis',(0.,0.,1.));
#9493=DIRECTION('ref_axis',(1.,0.,0.));
#9494=DIRECTION('center_axis',(1.,0.,0.));
#9495=DIRECTION('ref_axis',(0.,1.,0.));
#9496=DIRECTION('',(0.,0.,1.));
#9497=DIRECTION('',(0.,1.,0.));
#9498=DIRECTION('',(0.,0.,1.));
#9499=DIRECTION('center_axis',(0.,-1.,0.));
#9500=DIRECTION('ref_axis',(1.,0.,0.));
#9501=DIRECTION('',(1.,0.,0.));
#9502=DIRECTION('',(0.,0.,1.));
#9503=DIRECTION('center_axis',(1.,0.,0.));
#9504=DIRECTION('ref_axis',(0.,1.,0.));
#9505=DIRECTION('',(0.,1.,0.));
#9506=DIRECTION('',(0.,0.,1.));
#9507=DIRECTION('center_axis',(0.,-1.,0.));
#9508=DIRECTION('ref_axis',(1.,0.,0.));
#9509=DIRECTION('',(1.,0.,0.));
#9510=DIRECTION('',(0.,0.,1.));
#9511=DIRECTION('center_axis',(-1.,0.,0.));
#9512=DIRECTION('ref_axis',(0.,-1.,0.));
#9513=DIRECTION('',(0.,-1.,0.));
#9514=DIRECTION('',(0.,0.,1.));
#9515=DIRECTION('center_axis',(0.,1.,0.));
#9516=DIRECTION('ref_axis',(-1.,0.,0.));
#9517=DIRECTION('',(-1.,0.,0.));
#9518=DIRECTION('center_axis',(0.,0.,1.));
#9519=DIRECTION('ref_axis',(1.,0.,0.));
#9520=DIRECTION('center_axis',(-0.408248290463863,-0.816496580927726,-0.408248290463863));
#9521=DIRECTION('ref_axis',(0.577350269189625,-0.577350269189626,0.577350269189626));
#9522=DIRECTION('center_axis',(0.,0.,1.));
#9523=DIRECTION('ref_axis',(0.,-1.,0.));
#9524=DIRECTION('center_axis',(0.,-1.,0.));
#9525=DIRECTION('ref_axis',(0.707106781186548,0.,0.707106781186547));
#9526=DIRECTION('center_axis',(1.,0.,0.));
#9527=DIRECTION('ref_axis',(0.,-0.707106781186548,0.707106781186547));
#9528=DIRECTION('center_axis',(0.,0.,-1.));
#9529=DIRECTION('ref_axis',(0.707106781186547,-0.707106781186547,0.));
#9530=DIRECTION('',(0.,0.,-1.));
#9531=DIRECTION('center_axis',(1.96261557335472E-16,0.707106781186547,0.707106781186548));
#9532=DIRECTION('ref_axis',(-1.96261557335472E-16,-0.707106781186548,0.707106781186547));
#9533=DIRECTION('center_axis',(0.,-1.,0.));
#9534=DIRECTION('ref_axis',(0.707106781186547,0.,0.707106781186548));
#9535=DIRECTION('center_axis',(0.707106781186548,0.707106781186547,-8.87468518373638E-31));
#9536=DIRECTION('ref_axis',(-0.707106781186547,0.707106781186548,8.87468518373637E-31));
#9537=DIRECTION('center_axis',(0.,0.,1.));
#9538=DIRECTION('ref_axis',(0.707106781186548,-0.707106781186547,0.));
#9539=DIRECTION('',(0.,0.,1.));
#9540=DIRECTION('center_axis',(0.,0.,-1.));
#9541=DIRECTION('ref_axis',(1.,8.32667268468867E-16,0.));
#9542=DIRECTION('center_axis',(-0.707106781186547,-1.96261557335472E-16,
0.707106781186548));
#9543=DIRECTION('ref_axis',(-0.707106781186548,-1.96261557335472E-16,-0.707106781186547));
#9544=DIRECTION('center_axis',(-0.408248290463863,-0.816496580927726,-0.408248290463863));
#9545=DIRECTION('ref_axis',(0.577350269189626,-0.577350269189625,0.577350269189626));
#9546=DIRECTION('center_axis',(0.,-1.,0.));
#9547=DIRECTION('ref_axis',(0.707106781186548,0.,0.707106781186547));
#9548=DIRECTION('center_axis',(1.,0.,0.));
#9549=DIRECTION('ref_axis',(0.,-0.707106781186548,0.707106781186547));
#9550=DIRECTION('center_axis',(-1.,0.,0.));
#9551=DIRECTION('ref_axis',(0.,-0.707106781186547,0.707106781186548));
#9552=DIRECTION('center_axis',(1.,0.,0.));
#9553=DIRECTION('ref_axis',(0.,-0.707106781186547,0.707106781186547));
#9554=DIRECTION('center_axis',(-0.707106781186548,-0.707106781186548,0.));
#9555=DIRECTION('ref_axis',(0.707106781186547,-0.707106781186547,0.));
#9556=DIRECTION('',(1.,0.,0.));
#9557=DIRECTION('center_axis',(0.,1.,0.));
#9558=DIRECTION('ref_axis',(0.707106781186547,0.,0.707106781186547));
#9559=DIRECTION('center_axis',(-0.707106781186546,0.707106781186549,0.));
#9560=DIRECTION('ref_axis',(0.707106781186549,0.707106781186546,0.));
#9561=DIRECTION('center_axis',(-1.,0.,0.));
#9562=DIRECTION('ref_axis',(0.,0.707106781186546,0.707106781186549));
#9563=DIRECTION('',(-1.,0.,0.));
#9564=DIRECTION('center_axis',(0.707106781186548,0.707106781186548,0.));
#9565=DIRECTION('ref_axis',(0.707106781186547,-0.707106781186547,0.));
#9566=DIRECTION('center_axis',(0.,-1.,0.));
#9567=DIRECTION('ref_axis',(-0.707106781186546,0.,0.707106781186549));
#9568=DIRECTION('',(0.,-1.,0.));
#9569=DIRECTION('center_axis',(-0.707106781186549,0.707106781186546,0.));
#9570=DIRECTION('ref_axis',(0.707106781186546,0.707106781186549,0.));
#9571=DIRECTION('center_axis',(0.,1.,0.));
#9572=DIRECTION('ref_axis',(0.707106781186547,0.,0.707106781186547));
#9573=DIRECTION('',(0.,1.,0.));
#9574=DIRECTION('center_axis',(1.,0.,0.));
#9575=DIRECTION('ref_axis',(0.,-0.707106781186547,0.707106781186547));
#9576=DIRECTION('center_axis',(0.,1.,0.));
#9577=DIRECTION('ref_axis',(1.,0.,0.));
#9578=DIRECTION('',(0.,0.,-1.));
#9579=DIRECTION('center_axis',(-1.,0.,0.));
#9580=DIRECTION('ref_axis',(0.,1.,0.));
#9581=DIRECTION('center_axis',(0.,0.,1.));
#9582=DIRECTION('ref_axis',(0.,1.,0.));
#9583=DIRECTION('center_axis',(0.,0.,-1.));
#9584=DIRECTION('ref_axis',(-1.,0.,0.));
#9585=DIRECTION('center_axis',(1.,0.,0.));
#9586=DIRECTION('ref_axis',(0.,0.,-1.));
#9587=DIRECTION('',(0.,0.,-1.));
#9588=DIRECTION('center_axis',(0.,-1.,0.));
#9589=DIRECTION('ref_axis',(0.,0.,1.));
#9590=DIRECTION('center_axis',(-1.,0.,0.));
#9591=DIRECTION('ref_axis',(0.,-1.,1.99468208463173E-15));
#9592=DIRECTION('',(0.,1.,-1.99468208463173E-15));
#9593=DIRECTION('',(0.,0.,1.));
#9594=DIRECTION('',(0.,-1.,1.99468208463173E-15));
#9595=DIRECTION('',(0.,0.,1.));
#9596=DIRECTION('center_axis',(0.,0.,1.));
#9597=DIRECTION('ref_axis',(0.,-1.,0.));
#9598=DIRECTION('center_axis',(0.,0.,1.));
#9599=DIRECTION('ref_axis',(0.,-1.,0.));
#9600=DIRECTION('center_axis',(0.,0.,-1.));
#9601=DIRECTION('ref_axis',(0.,-1.,0.));
#9602=DIRECTION('',(0.,0.,1.));
#9603=DIRECTION('center_axis',(-1.,0.,0.));
#9604=DIRECTION('ref_axis',(0.,-1.,-1.7285668831194E-15));
#9605=DIRECTION('',(0.,1.,1.7285668831194E-15));
#9606=DIRECTION('',(0.,-1.,-1.7285668831194E-15));
#9607=DIRECTION('',(0.,0.,1.));
#9608=DIRECTION('center_axis',(0.,1.,0.));
#9609=DIRECTION('ref_axis',(-1.,0.,0.));
#9610=DIRECTION('',(-1.,0.,0.));
#9611=DIRECTION('',(-1.,0.,0.));
#9612=DIRECTION('',(0.,0.,1.));
#9613=DIRECTION('center_axis',(1.,0.,0.));
#9614=DIRECTION('ref_axis',(0.,1.,0.));
#9615=DIRECTION('',(0.,1.,0.));
#9616=DIRECTION('',(0.,1.,0.));
#9617=DIRECTION('',(0.,0.,1.));
#9618=DIRECTION('center_axis',(0.,-1.,0.));
#9619=DIRECTION('ref_axis',(1.,0.,0.));
#9620=DIRECTION('',(1.,0.,0.));
#9621=DIRECTION('',(1.,0.,0.));
#9622=DIRECTION('center_axis',(0.,0.,1.));
#9623=DIRECTION('ref_axis',(-1.,0.,0.));
#9624=DIRECTION('center_axis',(0.,0.,1.));
#9625=DIRECTION('ref_axis',(-1.,0.,0.));
#9626=DIRECTION('center_axis',(0.,-1.,0.));
#9627=DIRECTION('ref_axis',(1.,0.,0.));
#9628=DIRECTION('',(1.,0.,0.));
#9629=DIRECTION('',(0.,0.,1.));
#9630=DIRECTION('',(1.,0.,0.));
#9631=DIRECTION('',(0.,0.,1.));
#9632=DIRECTION('center_axis',(-1.,0.,0.));
#9633=DIRECTION('ref_axis',(0.,-1.,1.99468208463176E-15));
#9634=DIRECTION('',(0.,1.,-1.99468208463176E-15));
#9635=DIRECTION('',(0.,-1.,1.99468208463176E-15));
#9636=DIRECTION('',(0.,0.,1.));
#9637=DIRECTION('center_axis',(0.,0.,1.));
#9638=DIRECTION('ref_axis',(0.,-1.,0.));
#9639=DIRECTION('center_axis',(0.,0.,1.));
#9640=DIRECTION('ref_axis',(0.,-1.,0.));
#9641=DIRECTION('center_axis',(0.,0.,-1.));
#9642=DIRECTION('ref_axis',(0.,-1.,0.));
#9643=DIRECTION('',(0.,0.,1.));
#9644=DIRECTION('center_axis',(-1.,0.,0.));
#9645=DIRECTION('ref_axis',(0.,-1.,-1.72856688311937E-15));
#9646=DIRECTION('',(0.,1.,1.72856688311937E-15));
#9647=DIRECTION('',(0.,-1.,-1.72856688311937E-15));
#9648=DIRECTION('',(0.,0.,1.));
#9649=DIRECTION('center_axis',(0.,1.,0.));
#9650=DIRECTION('ref_axis',(-1.,0.,0.));
#9651=DIRECTION('',(-1.,0.,0.));
#9652=DIRECTION('',(-1.,0.,0.));
#9653=DIRECTION('',(0.,0.,1.));
#9654=DIRECTION('center_axis',(1.,0.,0.));
#9655=DIRECTION('ref_axis',(0.,1.,0.));
#9656=DIRECTION('',(0.,1.,0.));
#9657=DIRECTION('',(0.,1.,0.));
#9658=DIRECTION('center_axis',(0.,0.,1.));
#9659=DIRECTION('ref_axis',(-1.,0.,0.));
#9660=DIRECTION('center_axis',(0.,0.,1.));
#9661=DIRECTION('ref_axis',(-1.,0.,0.));
#9662=DIRECTION('center_axis',(0.,-1.,0.));
#9663=DIRECTION('ref_axis',(1.,0.,0.));
#9664=DIRECTION('',(1.,0.,0.));
#9665=DIRECTION('',(0.,0.,1.));
#9666=DIRECTION('',(1.,0.,0.));
#9667=DIRECTION('',(0.,0.,1.));
#9668=DIRECTION('center_axis',(-1.,0.,0.));
#9669=DIRECTION('ref_axis',(0.,-1.,1.99468208463176E-15));
#9670=DIRECTION('',(0.,1.,-1.99468208463176E-15));
#9671=DIRECTION('',(0.,-1.,1.99468208463176E-15));
#9672=DIRECTION('',(0.,0.,1.));
#9673=DIRECTION('center_axis',(0.,0.,1.));
#9674=DIRECTION('ref_axis',(0.,-1.,0.));
#9675=DIRECTION('center_axis',(0.,0.,1.));
#9676=DIRECTION('ref_axis',(0.,-1.,0.));
#9677=DIRECTION('center_axis',(0.,0.,-1.));
#9678=DIRECTION('ref_axis',(0.,-1.,0.));
#9679=DIRECTION('',(0.,0.,1.));
#9680=DIRECTION('center_axis',(-1.,0.,0.));
#9681=DIRECTION('ref_axis',(0.,-1.,-1.72856688311937E-15));
#9682=DIRECTION('',(0.,1.,1.72856688311937E-15));
#9683=DIRECTION('',(0.,-1.,-1.72856688311937E-15));
#9684=DIRECTION('',(0.,0.,1.));
#9685=DIRECTION('center_axis',(0.,1.,0.));
#9686=DIRECTION('ref_axis',(-1.,0.,0.));
#9687=DIRECTION('',(-1.,0.,0.));
#9688=DIRECTION('',(-1.,0.,0.));
#9689=DIRECTION('',(0.,0.,1.));
#9690=DIRECTION('center_axis',(1.,0.,0.));
#9691=DIRECTION('ref_axis',(0.,1.,0.));
#9692=DIRECTION('',(0.,1.,0.));
#9693=DIRECTION('',(0.,1.,0.));
#9694=DIRECTION('center_axis',(0.,0.,1.));
#9695=DIRECTION('ref_axis',(-1.,0.,0.));
#9696=DIRECTION('center_axis',(0.,0.,1.));
#9697=DIRECTION('ref_axis',(-1.,0.,0.));
#9698=DIRECTION('center_axis',(-1.,0.,0.));
#9699=DIRECTION('ref_axis',(0.,-1.,1.99468208463172E-15));
#9700=DIRECTION('',(0.,1.,-1.99468208463172E-15));
#9701=DIRECTION('',(0.,0.,1.));
#9702=DIRECTION('',(0.,-1.,1.99468208463172E-15));
#9703=DIRECTION('',(0.,0.,1.));
#9704=DIRECTION('center_axis',(0.,0.,1.));
#9705=DIRECTION('ref_axis',(0.,-1.,0.));
#9706=DIRECTION('center_axis',(0.,0.,1.));
#9707=DIRECTION('ref_axis',(0.,-1.,0.));
#9708=DIRECTION('center_axis',(0.,0.,-1.));
#9709=DIRECTION('ref_axis',(0.,-1.,0.));
#9710=DIRECTION('',(0.,0.,1.));
#9711=DIRECTION('center_axis',(-1.,0.,0.));
#9712=DIRECTION('ref_axis',(0.,-1.,-1.72856688311939E-15));
#9713=DIRECTION('',(0.,1.,1.72856688311939E-15));
#9714=DIRECTION('',(0.,-1.,-1.72856688311939E-15));
#9715=DIRECTION('',(0.,0.,1.));
#9716=DIRECTION('center_axis',(0.,1.,0.));
#9717=DIRECTION('ref_axis',(-1.,0.,0.));
#9718=DIRECTION('',(-1.,0.,0.));
#9719=DIRECTION('',(-1.,0.,0.));
#9720=DIRECTION('',(0.,0.,1.));
#9721=DIRECTION('center_axis',(1.,0.,0.));
#9722=DIRECTION('ref_axis',(0.,1.,0.));
#9723=DIRECTION('',(0.,1.,0.));
#9724=DIRECTION('',(0.,1.,0.));
#9725=DIRECTION('',(0.,0.,1.));
#9726=DIRECTION('center_axis',(0.,-1.,0.));
#9727=DIRECTION('ref_axis',(1.,0.,0.));
#9728=DIRECTION('',(1.,0.,0.));
#9729=DIRECTION('',(1.,0.,0.));
#9730=DIRECTION('center_axis',(0.,0.,1.));
#9731=DIRECTION('ref_axis',(-1.,0.,0.));
#9732=DIRECTION('center_axis',(0.,0.,1.));
#9733=DIRECTION('ref_axis',(-1.,0.,0.));
#9734=DIRECTION('center_axis',(0.,-1.,0.));
#9735=DIRECTION('ref_axis',(1.,0.,0.));
#9736=DIRECTION('',(1.,0.,0.));
#9737=DIRECTION('',(0.,0.,1.));
#9738=DIRECTION('',(1.,0.,0.));
#9739=DIRECTION('',(0.,0.,1.));
#9740=DIRECTION('center_axis',(-1.,0.,0.));
#9741=DIRECTION('ref_axis',(0.,-1.,1.99468208463173E-15));
#9742=DIRECTION('',(0.,1.,-1.99468208463173E-15));
#9743=DIRECTION('',(0.,-1.,1.99468208463173E-15));
#9744=DIRECTION('',(0.,0.,1.));
#9745=DIRECTION('center_axis',(0.,0.,1.));
#9746=DIRECTION('ref_axis',(0.,-1.,0.));
#9747=DIRECTION('center_axis',(0.,0.,1.));
#9748=DIRECTION('ref_axis',(0.,-1.,0.));
#9749=DIRECTION('center_axis',(0.,0.,-1.));
#9750=DIRECTION('ref_axis',(0.,-1.,0.));
#9751=DIRECTION('',(0.,0.,1.));
#9752=DIRECTION('center_axis',(-1.,0.,0.));
#9753=DIRECTION('ref_axis',(0.,-1.,-1.7285668831194E-15));
#9754=DIRECTION('',(0.,1.,1.7285668831194E-15));
#9755=DIRECTION('',(0.,-1.,-1.7285668831194E-15));
#9756=DIRECTION('',(0.,0.,1.));
#9757=DIRECTION('center_axis',(0.,1.,0.));
#9758=DIRECTION('ref_axis',(-1.,0.,0.));
#9759=DIRECTION('',(-1.,0.,0.));
#9760=DIRECTION('',(-1.,0.,0.));
#9761=DIRECTION('',(0.,0.,1.));
#9762=DIRECTION('center_axis',(1.,0.,0.));
#9763=DIRECTION('ref_axis',(0.,1.,0.));
#9764=DIRECTION('',(0.,1.,0.));
#9765=DIRECTION('',(0.,1.,0.));
#9766=DIRECTION('center_axis',(0.,0.,1.));
#9767=DIRECTION('ref_axis',(-1.,0.,0.));
#9768=DIRECTION('center_axis',(0.,0.,1.));
#9769=DIRECTION('ref_axis',(-1.,0.,0.));
#9770=DIRECTION('center_axis',(-1.,0.,0.));
#9771=DIRECTION('ref_axis',(0.,-1.,1.99468208463176E-15));
#9772=DIRECTION('',(0.,1.,-1.99468208463176E-15));
#9773=DIRECTION('',(0.,0.,1.));
#9774=DIRECTION('',(0.,-1.,1.99468208463176E-15));
#9775=DIRECTION('',(0.,0.,1.));
#9776=DIRECTION('center_axis',(0.,0.,1.));
#9777=DIRECTION('ref_axis',(0.,-1.,0.));
#9778=DIRECTION('center_axis',(0.,0.,1.));
#9779=DIRECTION('ref_axis',(0.,-1.,0.));
#9780=DIRECTION('center_axis',(0.,0.,-1.));
#9781=DIRECTION('ref_axis',(0.,-1.,0.));
#9782=DIRECTION('',(0.,0.,1.));
#9783=DIRECTION('center_axis',(-1.,0.,0.));
#9784=DIRECTION('ref_axis',(0.,-1.,-1.72856688311937E-15));
#9785=DIRECTION('',(0.,1.,1.72856688311937E-15));
#9786=DIRECTION('',(0.,-1.,-1.72856688311937E-15));
#9787=DIRECTION('',(0.,0.,1.));
#9788=DIRECTION('center_axis',(0.,1.,0.));
#9789=DIRECTION('ref_axis',(-1.,0.,0.));
#9790=DIRECTION('',(-1.,0.,0.));
#9791=DIRECTION('',(-1.,0.,0.));
#9792=DIRECTION('',(0.,0.,1.));
#9793=DIRECTION('center_axis',(1.,0.,0.));
#9794=DIRECTION('ref_axis',(0.,1.,0.));
#9795=DIRECTION('',(0.,1.,0.));
#9796=DIRECTION('',(0.,1.,0.));
#9797=DIRECTION('',(0.,0.,1.));
#9798=DIRECTION('center_axis',(0.,-1.,0.));
#9799=DIRECTION('ref_axis',(1.,0.,0.));
#9800=DIRECTION('',(1.,0.,0.));
#9801=DIRECTION('',(1.,0.,0.));
#9802=DIRECTION('center_axis',(0.,0.,1.));
#9803=DIRECTION('ref_axis',(-1.,0.,0.));
#9804=DIRECTION('center_axis',(0.,0.,1.));
#9805=DIRECTION('ref_axis',(-1.,0.,0.));
#9806=DIRECTION('center_axis',(0.,-1.,0.));
#9807=DIRECTION('ref_axis',(1.,0.,0.));
#9808=DIRECTION('',(1.,0.,0.));
#9809=DIRECTION('',(0.,0.,1.));
#9810=DIRECTION('',(1.,0.,0.));
#9811=DIRECTION('',(0.,0.,1.));
#9812=DIRECTION('center_axis',(-1.,0.,0.));
#9813=DIRECTION('ref_axis',(0.,-1.,1.99468208463173E-15));
#9814=DIRECTION('',(0.,1.,-1.99468208463173E-15));
#9815=DIRECTION('',(0.,-1.,1.99468208463173E-15));
#9816=DIRECTION('',(0.,0.,1.));
#9817=DIRECTION('center_axis',(0.,0.,1.));
#9818=DIRECTION('ref_axis',(0.,-1.,0.));
#9819=DIRECTION('center_axis',(0.,0.,1.));
#9820=DIRECTION('ref_axis',(0.,-1.,0.));
#9821=DIRECTION('center_axis',(0.,0.,-1.));
#9822=DIRECTION('ref_axis',(0.,-1.,0.));
#9823=DIRECTION('',(0.,0.,1.));
#9824=DIRECTION('center_axis',(-1.,0.,0.));
#9825=DIRECTION('ref_axis',(0.,-1.,-1.7285668831194E-15));
#9826=DIRECTION('',(0.,1.,1.7285668831194E-15));
#9827=DIRECTION('',(0.,-1.,-1.7285668831194E-15));
#9828=DIRECTION('',(0.,0.,1.));
#9829=DIRECTION('center_axis',(0.,1.,0.));
#9830=DIRECTION('ref_axis',(-1.,0.,0.));
#9831=DIRECTION('',(-1.,0.,0.));
#9832=DIRECTION('',(-1.,0.,0.));
#9833=DIRECTION('',(0.,0.,1.));
#9834=DIRECTION('center_axis',(1.,0.,0.));
#9835=DIRECTION('ref_axis',(0.,1.,0.));
#9836=DIRECTION('',(0.,1.,0.));
#9837=DIRECTION('',(0.,1.,0.));
#9838=DIRECTION('center_axis',(0.,0.,1.));
#9839=DIRECTION('ref_axis',(-1.,0.,0.));
#9840=DIRECTION('center_axis',(0.,0.,1.));
#9841=DIRECTION('ref_axis',(-1.,0.,0.));
#9842=DIRECTION('center_axis',(-1.,0.,0.));
#9843=DIRECTION('ref_axis',(0.,-1.,1.99468208463173E-15));
#9844=DIRECTION('',(0.,1.,-1.99468208463173E-15));
#9845=DIRECTION('',(0.,0.,1.));
#9846=DIRECTION('',(0.,-1.,1.99468208463173E-15));
#9847=DIRECTION('',(0.,0.,1.));
#9848=DIRECTION('center_axis',(0.,0.,1.));
#9849=DIRECTION('ref_axis',(0.,-1.,0.));
#9850=DIRECTION('center_axis',(0.,0.,1.));
#9851=DIRECTION('ref_axis',(0.,-1.,0.));
#9852=DIRECTION('center_axis',(0.,0.,-1.));
#9853=DIRECTION('ref_axis',(0.,-1.,0.));
#9854=DIRECTION('',(0.,0.,1.));
#9855=DIRECTION('center_axis',(-1.,0.,0.));
#9856=DIRECTION('ref_axis',(0.,-1.,-1.7285668831194E-15));
#9857=DIRECTION('',(0.,1.,1.7285668831194E-15));
#9858=DIRECTION('',(0.,-1.,-1.7285668831194E-15));
#9859=DIRECTION('',(0.,0.,1.));
#9860=DIRECTION('center_axis',(0.,1.,0.));
#9861=DIRECTION('ref_axis',(-1.,0.,0.));
#9862=DIRECTION('',(-1.,0.,0.));
#9863=DIRECTION('',(-1.,0.,0.));
#9864=DIRECTION('',(0.,0.,1.));
#9865=DIRECTION('center_axis',(1.,0.,0.));
#9866=DIRECTION('ref_axis',(0.,1.,0.));
#9867=DIRECTION('',(0.,1.,0.));
#9868=DIRECTION('',(0.,1.,0.));
#9869=DIRECTION('',(0.,0.,1.));
#9870=DIRECTION('center_axis',(0.,-1.,0.));
#9871=DIRECTION('ref_axis',(1.,0.,0.));
#9872=DIRECTION('',(1.,0.,0.));
#9873=DIRECTION('',(1.,0.,0.));
#9874=DIRECTION('center_axis',(0.,0.,1.));
#9875=DIRECTION('ref_axis',(-1.,0.,0.));
#9876=DIRECTION('center_axis',(0.,0.,1.));
#9877=DIRECTION('ref_axis',(-1.,0.,0.));
#9878=CARTESIAN_POINT('',(0.,0.,0.));
#9879=CARTESIAN_POINT('Origin',(-0.799999997318786,5.0525392855586,1.25));
#9880=CARTESIAN_POINT('',(0.,5.0525392794708,1.25));
#9881=CARTESIAN_POINT('',(-0.799999997318786,5.0525392855586,1.25));
#9882=CARTESIAN_POINT('',(-4.40000001177655,5.05253931295371,1.25));
#9883=CARTESIAN_POINT('',(0.,5.0525392794708,1.275));
#9884=CARTESIAN_POINT('',(0.,5.0525392794708,1.25));
#9885=CARTESIAN_POINT('',(-0.799999997318786,5.0525392855586,1.275));
#9886=CARTESIAN_POINT('',(-0.799999997318786,5.0525392855586,1.275));
#9887=CARTESIAN_POINT('',(-0.8,5.0525392855586,1.565));
#9888=CARTESIAN_POINT('Origin',(0.,5.94999986700714,1.25));
#9889=CARTESIAN_POINT('',(-0.799999990489333,5.94999987309494,1.25));
#9890=CARTESIAN_POINT('',(0.,5.94999986700714,1.25));
#9891=CARTESIAN_POINT('',(-4.00000000970243,5.94999989744614,1.25));
#9892=CARTESIAN_POINT('',(-0.799999990489333,5.94999987309494,1.275));
#9893=CARTESIAN_POINT('',(-0.8,5.94999987309494,1.565));
#9894=CARTESIAN_POINT('',(0.,5.94999986700714,1.275));
#9895=CARTESIAN_POINT('',(0.,5.94999986700714,1.275));
#9896=CARTESIAN_POINT('',(0.,5.94999986700714,1.25));
#9897=CARTESIAN_POINT('Origin',(-0.399999998659393,5.50126957628287,1.275));
#9898=CARTESIAN_POINT('',(-0.8,7.00063478814144,1.275));
#9899=CARTESIAN_POINT('',(-1.29492515767133E-15,5.125,1.275));
#9900=CARTESIAN_POINT('',(0.,3.875,1.275));
#9901=CARTESIAN_POINT('',(0.,5.875,1.275));
#9902=CARTESIAN_POINT('Origin',(-6.24500451351651E-16,5.5,1.275));
#9903=CARTESIAN_POINT('',(0.,5.875,1.275));
#9904=CARTESIAN_POINT('Origin',(-0.8,8.5,1.88));
#9905=CARTESIAN_POINT('',(-0.799999982118607,7.04999984242022,1.25));
#9906=CARTESIAN_POINT('',(-0.8,8.5,1.25));
#9907=CARTESIAN_POINT('',(-0.799999982118607,7.04999984242022,1.275));
#9908=CARTESIAN_POINT('',(-0.8,7.04999984242022,1.565));
#9909=CARTESIAN_POINT('',(-0.799999982118607,7.94999982230365,1.275));
#9910=CARTESIAN_POINT('',(-0.8,7.99999991618097,1.275));
#9911=CARTESIAN_POINT('',(-0.799999982118607,7.94999982230365,1.25));
#9912=CARTESIAN_POINT('',(-0.8,7.94999982230365,1.565));
#9913=CARTESIAN_POINT('',(-0.799999982118607,9.04999979771674,1.25));
#9914=CARTESIAN_POINT('',(-0.8,8.5,1.25));
#9915=CARTESIAN_POINT('',(-0.799999982118607,9.04999979771674,1.275));
#9916=CARTESIAN_POINT('',(-0.8,9.04999979771674,1.565));
#9917=CARTESIAN_POINT('',(-0.799999982118607,9.94999977760017,1.275));
#9918=CARTESIAN_POINT('',(-0.8,8.99999989382923,1.275));
#9919=CARTESIAN_POINT('',(-0.799999982118607,9.94999977760017,1.25));
#9920=CARTESIAN_POINT('',(-0.8,9.94999977760017,1.565));
#9921=CARTESIAN_POINT('',(-0.799999982118607,11.0499997530133,1.25));
#9922=CARTESIAN_POINT('',(-0.8,8.5,1.25));
#9923=CARTESIAN_POINT('',(-0.799999982118607,11.0499997530133,1.275));
#9924=CARTESIAN_POINT('',(-0.8,11.0499997530133,1.565));
#9925=CARTESIAN_POINT('',(-0.799999982118607,11.9499997328967,1.275));
#9926=CARTESIAN_POINT('',(-0.8,9.99999987147748,1.275));
#9927=CARTESIAN_POINT('',(-0.799999982118607,11.9499997328967,1.25));
#9928=CARTESIAN_POINT('',(-0.8,11.9499997328967,1.565));
#9929=CARTESIAN_POINT('',(-0.799999982118607,13.0499997083098,1.25));
#9930=CARTESIAN_POINT('',(-0.8,8.5,1.25));
#9931=CARTESIAN_POINT('',(-0.799999982118607,13.0499997083098,1.275));
#9932=CARTESIAN_POINT('',(-0.8,13.0499997083098,1.565));
#9933=CARTESIAN_POINT('',(-0.799999982118607,13.9499996881932,1.275));
#9934=CARTESIAN_POINT('',(-0.8,10.9999998491257,1.275));
#9935=CARTESIAN_POINT('',(-0.799999982118607,13.9499996881932,1.25));
#9936=CARTESIAN_POINT('',(-0.8,13.9499996881932,1.565));
#9937=CARTESIAN_POINT('',(-0.799999982118607,15.0499996636063,1.25));
#9938=CARTESIAN_POINT('',(-0.8,8.5,1.25));
#9939=CARTESIAN_POINT('',(-0.799999982118607,15.0499996636063,1.275));
#9940=CARTESIAN_POINT('',(-0.8,15.0499996636063,1.565));
#9941=CARTESIAN_POINT('',(-0.799999982118607,15.9499996434897,1.275));
#9942=CARTESIAN_POINT('',(-0.8,11.999999826774,1.275));
#9943=CARTESIAN_POINT('',(-0.799999982118607,15.9499996434897,1.25));
#9944=CARTESIAN_POINT('',(-0.8,15.9499996434897,1.565));
#9945=CARTESIAN_POINT('',(-0.8,16.15,1.25));
#9946=CARTESIAN_POINT('',(-0.8,8.5,1.25));
#9947=CARTESIAN_POINT('',(-0.8,16.15,2.78));
#9948=CARTESIAN_POINT('',(-0.8,16.15,1.88));
#9949=CARTESIAN_POINT('',(-0.8,4.7002,2.78));
#9950=CARTESIAN_POINT('',(-0.8,8.5,2.78));
#9951=CARTESIAN_POINT('',(-0.8,4.7002,1.25));
#9952=CARTESIAN_POINT('',(-0.8,4.7002,2.4425));
#9953=CARTESIAN_POINT('',(-0.8,8.5,1.25));
#9954=CARTESIAN_POINT('Origin',(-8.,8.5,1.25));
#9955=CARTESIAN_POINT('',(0.,7.04999984242022,1.25));
#9956=CARTESIAN_POINT('',(0.,8.5,1.25));
#9957=CARTESIAN_POINT('',(-4.3999999910593,7.04999984242022,1.25));
#9958=CARTESIAN_POINT('Origin',(-8.,8.5,1.25));
#9959=CARTESIAN_POINT('',(-0.799999982118607,3.94999991171062,1.25));
#9960=CARTESIAN_POINT('',(-0.8,5.5813,1.25));
#9961=CARTESIAN_POINT('',(0.,3.94999991171062,1.25));
#9962=CARTESIAN_POINT('',(-4.,3.94999991171062,1.25));
#9963=CARTESIAN_POINT('',(0.,8.5,1.25));
#9964=CARTESIAN_POINT('Origin',(0.,3.4999999217689,1.25));
#9965=CARTESIAN_POINT('',(0.,3.125,1.25));
#9966=CARTESIAN_POINT('',(0.,3.875,1.25));
#9967=CARTESIAN_POINT('Origin',(0.,3.5,1.25));
#9968=CARTESIAN_POINT('',(0.,3.8749999217689,1.275));
#9969=CARTESIAN_POINT('',(0.,3.8749999217689,1.25));
#9970=CARTESIAN_POINT('',(-4.59242549680257E-17,3.1249999217689,1.275));
#9971=CARTESIAN_POINT('Origin',(0.,3.4999999217689,1.275));
#9972=CARTESIAN_POINT('',(-4.59242549680257E-17,3.1249999217689,1.25));
#9973=CARTESIAN_POINT('Origin',(-0.799999982118607,3.04999993182719,1.25));
#9974=CARTESIAN_POINT('',(0.,3.04999993182719,1.25));
#9975=CARTESIAN_POINT('',(-0.799999982118607,3.04999993182719,1.25));
#9976=CARTESIAN_POINT('',(-4.3999999910593,3.04999993182719,1.25));
#9977=CARTESIAN_POINT('',(0.,3.04999993182719,1.275));
#9978=CARTESIAN_POINT('',(0.,3.04999993182719,1.25));
#9979=CARTESIAN_POINT('',(-0.799999982118607,3.04999993182719,1.275));
#9980=CARTESIAN_POINT('',(-0.799999982118607,3.04999993182719,1.275));
#9981=CARTESIAN_POINT('',(-0.799999982118607,3.04999993182719,1.25));
#9982=CARTESIAN_POINT('Origin',(-0.799999982118607,3.94999991171062,1.25));
#9983=CARTESIAN_POINT('',(-0.8,5.5813,1.25));
#9984=CARTESIAN_POINT('',(-0.799999982118607,3.94999991171062,1.275));
#9985=CARTESIAN_POINT('',(-0.799999982118607,3.94999991171062,1.275));
#9986=CARTESIAN_POINT('',(-0.799999982118607,3.94999991171062,1.25));
#9987=CARTESIAN_POINT('Origin',(0.,3.94999991171062,1.25));
#9988=CARTESIAN_POINT('',(0.,3.94999991171062,1.275));
#9989=CARTESIAN_POINT('',(0.,3.94999991171062,1.275));
#9990=CARTESIAN_POINT('',(0.,3.94999991171062,1.25));
#9991=CARTESIAN_POINT('Origin',(-0.399999991059303,3.4999999217689,1.275));
#9992=CARTESIAN_POINT('',(0.,0.,1.275));
#9993=CARTESIAN_POINT('',(0.,0.,1.275));
#9994=CARTESIAN_POINT('Origin',(-8.,8.5,1.25));
#9995=CARTESIAN_POINT('',(-0.799999982118607,1.9499999564141,1.25));
#9996=CARTESIAN_POINT('',(-0.8,5.5813,1.25));
#9997=CARTESIAN_POINT('',(0.,1.9499999564141,1.25));
#9998=CARTESIAN_POINT('',(-4.,1.9499999564141,1.25));
#9999=CARTESIAN_POINT('',(0.,8.5,1.25));
#10000=CARTESIAN_POINT('Origin',(0.,1.50000007124618,1.25));
#10001=CARTESIAN_POINT('',(0.,1.125,1.25));
#10002=CARTESIAN_POINT('',(0.,1.875,1.25));
#10003=CARTESIAN_POINT('Origin',(0.,1.5,1.25));
#10004=CARTESIAN_POINT('',(0.,1.87500007124618,1.275));
#10005=CARTESIAN_POINT('',(0.,1.87500007124618,1.25));
#10006=CARTESIAN_POINT('',(-4.59242549680258E-17,1.12500007124618,1.275));
#10007=CARTESIAN_POINT('Origin',(0.,1.50000007124618,1.275));
#10008=CARTESIAN_POINT('',(-4.59242549680258E-17,1.12500007124618,1.25));
#10009=CARTESIAN_POINT('Origin',(-0.799999982118607,1.04999997653067,1.25));
#10010=CARTESIAN_POINT('',(0.,1.04999997653067,1.25));
#10011=CARTESIAN_POINT('',(-0.799999982118607,1.04999997653067,1.25));
#10012=CARTESIAN_POINT('',(-4.3999999910593,1.04999997653067,1.25));
#10013=CARTESIAN_POINT('',(0.,1.04999997653067,1.275));
#10014=CARTESIAN_POINT('',(0.,1.04999997653067,1.25));
#10015=CARTESIAN_POINT('',(-0.799999982118607,1.04999997653067,1.275));
#10016=CARTESIAN_POINT('',(-0.799999982118607,1.04999997653067,1.275));
#10017=CARTESIAN_POINT('',(-0.799999982118607,1.04999997653067,1.25));
#10018=CARTESIAN_POINT('Origin',(-0.799999982118607,1.9499999564141,1.25));
#10019=CARTESIAN_POINT('',(-0.8,5.5813,1.25));
#10020=CARTESIAN_POINT('',(-0.799999982118607,1.9499999564141,1.275));
#10021=CARTESIAN_POINT('',(-0.799999982118607,1.9499999564141,1.275));
#10022=CARTESIAN_POINT('',(-0.799999982118607,1.9499999564141,1.25));
#10023=CARTESIAN_POINT('Origin',(0.,1.9499999564141,1.25));
#10024=CARTESIAN_POINT('',(0.,1.9499999564141,1.275));
#10025=CARTESIAN_POINT('',(0.,1.9499999564141,1.275));
#10026=CARTESIAN_POINT('',(0.,1.9499999564141,1.25));
#10027=CARTESIAN_POINT('Origin',(-0.399999991059303,1.49999996647239,1.275));
#10028=CARTESIAN_POINT('',(0.,0.,1.275));
#10029=CARTESIAN_POINT('',(0.,0.,1.275));
#10030=CARTESIAN_POINT('Origin',(-8.,8.5,1.25));
#10031=CARTESIAN_POINT('',(-0.8,0.85,1.25));
#10032=CARTESIAN_POINT('',(-0.8,5.5813,1.25));
#10033=CARTESIAN_POINT('',(-4.5962,0.85,1.25));
#10034=CARTESIAN_POINT('',(-5.2928,0.85,1.25));
#10035=CARTESIAN_POINT('',(-15.2,0.85,1.25));
#10036=CARTESIAN_POINT('',(-8.,0.85,1.25));
#10037=CARTESIAN_POINT('',(-15.2,16.15,1.25));
#10038=CARTESIAN_POINT('',(-15.2,8.5,1.25));
#10039=CARTESIAN_POINT('',(-8.,16.15,1.25));
#10040=CARTESIAN_POINT('',(0.,15.9499996434897,1.25));
#10041=CARTESIAN_POINT('',(-4.,15.9499996434897,1.25));
#10042=CARTESIAN_POINT('',(0.,17.,1.25));
#10043=CARTESIAN_POINT('',(0.,8.5,1.25));
#10044=CARTESIAN_POINT('',(-16.,17.,1.25));
#10045=CARTESIAN_POINT('',(-8.,17.,1.25));
#10046=CARTESIAN_POINT('',(-16.,15.8695903128374,1.25));
#10047=CARTESIAN_POINT('',(-16.,8.5,1.25));
#10048=CARTESIAN_POINT('',(-16.,15.1195903128374,1.25));
#10049=CARTESIAN_POINT('Origin',(-16.,15.4945903128374,1.25));
#10050=CARTESIAN_POINT('',(-16.,13.8695903128374,1.25));
#10051=CARTESIAN_POINT('',(-16.,8.5,1.25));
#10052=CARTESIAN_POINT('',(-16.,13.1195903128374,1.25));
#10053=CARTESIAN_POINT('Origin',(-16.,13.4945903128374,1.25));
#10054=CARTESIAN_POINT('',(-16.,11.8695903128374,1.25));
#10055=CARTESIAN_POINT('',(-16.,8.5,1.25));
#10056=CARTESIAN_POINT('',(-16.,11.1195903128374,1.25));
#10057=CARTESIAN_POINT('Origin',(-16.,11.4945903128374,1.25));
#10058=CARTESIAN_POINT('',(-16.,9.86959031283739,1.25));
#10059=CARTESIAN_POINT('',(-16.,8.5,1.25));
#10060=CARTESIAN_POINT('',(-16.,9.11959031283738,1.25));
#10061=CARTESIAN_POINT('Origin',(-16.,9.49459031283738,1.25));
#10062=CARTESIAN_POINT('',(-16.,7.86959031283739,1.25));
#10063=CARTESIAN_POINT('',(-16.,8.5,1.25));
#10064=CARTESIAN_POINT('',(-16.,7.11959031283738,1.25));
#10065=CARTESIAN_POINT('Origin',(-16.,7.49459031283738,1.25));
#10066=CARTESIAN_POINT('',(-16.,5.86959031283738,1.25));
#10067=CARTESIAN_POINT('',(-16.,8.5,1.25));
#10068=CARTESIAN_POINT('',(-16.,5.11959031283738,1.25));
#10069=CARTESIAN_POINT('Origin',(-16.,5.49459031283738,1.25));
#10070=CARTESIAN_POINT('',(-16.,3.86959031283738,1.25));
#10071=CARTESIAN_POINT('',(-16.,8.5,1.25));
#10072=CARTESIAN_POINT('',(-16.,3.11959031283739,1.25));
#10073=CARTESIAN_POINT('Origin',(-16.,3.49459031283738,1.25));
#10074=CARTESIAN_POINT('',(-16.,1.86971502244169,1.25));
#10075=CARTESIAN_POINT('',(-16.,8.5,1.25));
#10076=CARTESIAN_POINT('',(-16.,1.11971502244169,1.25));
#10077=CARTESIAN_POINT('Origin',(-16.,1.49471502244169,1.25));
#10078=CARTESIAN_POINT('',(-16.,0.,1.25));
#10079=CARTESIAN_POINT('',(-16.,8.5,1.25));
#10080=CARTESIAN_POINT('',(0.,0.,1.25));
#10081=CARTESIAN_POINT('',(-8.,0.,1.25));
#10082=CARTESIAN_POINT('',(0.,8.5,1.25));
#10083=CARTESIAN_POINT('Origin',(0.,15.499999653548,1.25));
#10084=CARTESIAN_POINT('',(0.,15.125,1.25));
#10085=CARTESIAN_POINT('',(0.,15.875,1.25));
#10086=CARTESIAN_POINT('Origin',(0.,15.5,1.25));
#10087=CARTESIAN_POINT('',(0.,15.874999653548,1.275));
#10088=CARTESIAN_POINT('',(0.,15.874999653548,1.25));
#10089=CARTESIAN_POINT('',(-4.59242549680259E-17,15.124999653548,1.275));
#10090=CARTESIAN_POINT('Origin',(0.,15.499999653548,1.275));
#10091=CARTESIAN_POINT('',(-4.59242549680259E-17,15.124999653548,1.25));
#10092=CARTESIAN_POINT('Origin',(-0.799999982118607,15.0499996636063,1.25));
#10093=CARTESIAN_POINT('',(0.,15.0499996636063,1.25));
#10094=CARTESIAN_POINT('',(-4.3999999910593,15.0499996636063,1.25));
#10095=CARTESIAN_POINT('',(0.,15.0499996636063,1.275));
#10096=CARTESIAN_POINT('',(0.,15.0499996636063,1.25));
#10097=CARTESIAN_POINT('',(-0.799999982118607,15.0499996636063,1.275));
#10098=CARTESIAN_POINT('Origin',(0.,15.9499996434897,1.25));
#10099=CARTESIAN_POINT('',(0.,15.9499996434897,1.275));
#10100=CARTESIAN_POINT('',(0.,15.9499996434897,1.275));
#10101=CARTESIAN_POINT('',(0.,15.9499996434897,1.25));
#10102=CARTESIAN_POINT('Origin',(-0.399999991059303,15.499999653548,1.275));
#10103=CARTESIAN_POINT('',(0.,0.,1.275));
#10104=CARTESIAN_POINT('',(0.,0.,1.275));
#10105=CARTESIAN_POINT('Origin',(-8.,8.5,1.25));
#10106=CARTESIAN_POINT('',(0.,13.9499996881932,1.25));
#10107=CARTESIAN_POINT('',(-4.,13.9499996881932,1.25));
#10108=CARTESIAN_POINT('',(0.,8.5,1.25));
#10109=CARTESIAN_POINT('Origin',(-0.799999982118607,9.04999979771674,1.25));
#10110=CARTESIAN_POINT('',(0.,9.04999979771674,1.25));
#10111=CARTESIAN_POINT('',(-4.3999999910593,9.04999979771674,1.25));
#10112=CARTESIAN_POINT('',(0.,9.04999979771674,1.275));
#10113=CARTESIAN_POINT('',(0.,9.04999979771674,1.25));
#10114=CARTESIAN_POINT('',(-0.799999982118607,9.04999979771674,1.275));
#10115=CARTESIAN_POINT('Origin',(0.,9.94999977760017,1.25));
#10116=CARTESIAN_POINT('',(0.,9.94999977760017,1.25));
#10117=CARTESIAN_POINT('',(-4.,9.94999977760017,1.25));
#10118=CARTESIAN_POINT('',(0.,9.94999977760017,1.275));
#10119=CARTESIAN_POINT('',(0.,9.94999977760017,1.275));
#10120=CARTESIAN_POINT('',(0.,9.94999977760017,1.25));
#10121=CARTESIAN_POINT('Origin',(-0.399999991059303,9.49999978765845,1.275));
#10122=CARTESIAN_POINT('',(-2.29621274840128E-17,9.125,1.275));
#10123=CARTESIAN_POINT('',(0.,0.,1.275));
#10124=CARTESIAN_POINT('',(-2.29621274840129E-17,9.875,1.275));
#10125=CARTESIAN_POINT('Origin',(0.,9.5,1.275));
#10126=CARTESIAN_POINT('',(0.,0.,1.275));
#10127=CARTESIAN_POINT('Origin',(-8.,8.5,1.25));
#10128=CARTESIAN_POINT('',(0.,7.94999982230365,1.25));
#10129=CARTESIAN_POINT('',(-4.,7.94999982230365,1.25));
#10130=CARTESIAN_POINT('',(0.,8.5,1.25));
#10131=CARTESIAN_POINT('Origin',(0.,13.4999996982515,1.25));
#10132=CARTESIAN_POINT('',(0.,13.125,1.25));
#10133=CARTESIAN_POINT('',(0.,13.875,1.25));
#10134=CARTESIAN_POINT('Origin',(0.,13.5,1.25));
#10135=CARTESIAN_POINT('',(0.,13.8749996982515,1.275));
#10136=CARTESIAN_POINT('',(0.,13.8749996982515,1.25));
#10137=CARTESIAN_POINT('',(-4.59242549680259E-17,13.1249996982515,1.275));
#10138=CARTESIAN_POINT('Origin',(0.,13.4999996982515,1.275));
#10139=CARTESIAN_POINT('',(-4.59242549680259E-17,13.1249996982515,1.25));
#10140=CARTESIAN_POINT('Origin',(-0.799999982118607,13.0499997083098,1.25));
#10141=CARTESIAN_POINT('',(0.,13.0499997083098,1.25));
#10142=CARTESIAN_POINT('',(-4.3999999910593,13.0499997083098,1.25));
#10143=CARTESIAN_POINT('',(0.,13.0499997083098,1.275));
#10144=CARTESIAN_POINT('',(0.,13.0499997083098,1.25));
#10145=CARTESIAN_POINT('',(-0.799999982118607,13.0499997083098,1.275));
#10146=CARTESIAN_POINT('Origin',(0.,13.9499996881932,1.25));
#10147=CARTESIAN_POINT('',(0.,13.9499996881932,1.275));
#10148=CARTESIAN_POINT('',(0.,13.9499996881932,1.275));
#10149=CARTESIAN_POINT('',(0.,13.9499996881932,1.25));
#10150=CARTESIAN_POINT('Origin',(-0.399999991059303,13.4999996982515,1.275));
#10151=CARTESIAN_POINT('',(0.,0.,1.275));
#10152=CARTESIAN_POINT('',(0.,0.,1.275));
#10153=CARTESIAN_POINT('Origin',(-8.,8.5,1.25));
#10154=CARTESIAN_POINT('',(0.,11.9499997328967,1.25));
#10155=CARTESIAN_POINT('',(-4.,11.9499997328967,1.25));
#10156=CARTESIAN_POINT('',(0.,8.5,1.25));
#10157=CARTESIAN_POINT('Origin',(-0.799999982118607,7.04999984242022,1.25));
#10158=CARTESIAN_POINT('',(0.,7.04999984242022,1.275));
#10159=CARTESIAN_POINT('',(0.,7.04999984242022,1.25));
#10160=CARTESIAN_POINT('',(-0.799999982118607,7.04999984242022,1.275));
#10161=CARTESIAN_POINT('Origin',(0.,7.94999982230365,1.25));
#10162=CARTESIAN_POINT('',(0.,7.94999982230365,1.275));
#10163=CARTESIAN_POINT('',(0.,7.94999982230365,1.275));
#10164=CARTESIAN_POINT('',(0.,7.94999982230365,1.25));
#10165=CARTESIAN_POINT('Origin',(-0.399999991059303,7.49999983236194,1.275));
#10166=CARTESIAN_POINT('',(-2.29621274840129E-17,7.125,1.275));
#10167=CARTESIAN_POINT('',(0.,0.,1.275));
#10168=CARTESIAN_POINT('',(-2.29621274840129E-17,7.875,1.275));
#10169=CARTESIAN_POINT('Origin',(0.,7.5,1.275));
#10170=CARTESIAN_POINT('',(0.,0.,1.275));
#10171=CARTESIAN_POINT('Origin',(0.,11.499999742955,1.25));
#10172=CARTESIAN_POINT('',(0.,11.125,1.25));
#10173=CARTESIAN_POINT('',(0.,11.875,1.25));
#10174=CARTESIAN_POINT('Origin',(0.,11.5,1.25));
#10175=CARTESIAN_POINT('',(0.,11.874999742955,1.275));
#10176=CARTESIAN_POINT('',(0.,11.874999742955,1.25));
#10177=CARTESIAN_POINT('',(-4.59242549680259E-17,11.124999742955,1.275));
#10178=CARTESIAN_POINT('Origin',(0.,11.499999742955,1.275));
#10179=CARTESIAN_POINT('',(-4.59242549680259E-17,11.124999742955,1.25));
#10180=CARTESIAN_POINT('Origin',(-0.799999982118607,11.0499997530133,1.25));
#10181=CARTESIAN_POINT('',(0.,11.0499997530133,1.25));
#10182=CARTESIAN_POINT('',(-4.3999999910593,11.0499997530133,1.25));
#10183=CARTESIAN_POINT('',(0.,11.0499997530133,1.275));
#10184=CARTESIAN_POINT('',(0.,11.0499997530133,1.25));
#10185=CARTESIAN_POINT('',(-0.799999982118607,11.0499997530133,1.275));
#10186=CARTESIAN_POINT('Origin',(0.,11.9499997328967,1.25));
#10187=CARTESIAN_POINT('',(0.,11.9499997328967,1.275));
#10188=CARTESIAN_POINT('',(0.,11.9499997328967,1.275));
#10189=CARTESIAN_POINT('',(0.,11.9499997328967,1.25));
#10190=CARTESIAN_POINT('Origin',(-0.399999991059303,11.499999742955,1.275));
#10191=CARTESIAN_POINT('',(0.,0.,1.275));
#10192=CARTESIAN_POINT('',(0.,0.,1.275));
#10193=CARTESIAN_POINT('Origin',(-8.,8.5,1.25));
#10194=CARTESIAN_POINT('',(0.,8.5,1.25));
#10195=CARTESIAN_POINT('Origin',(0.,11.5,1.25));
#10196=CARTESIAN_POINT('',(0.,11.125,0.));
#10197=CARTESIAN_POINT('',(0.,11.125,1.25));
#10198=CARTESIAN_POINT('',(0.,11.875,0.));
#10199=CARTESIAN_POINT('Origin',(0.,11.5,0.));
#10200=CARTESIAN_POINT('',(0.,11.875,1.25));
#10201=CARTESIAN_POINT('Origin',(0.,7.5,1.25));
#10202=CARTESIAN_POINT('',(0.,7.125,0.));
#10203=CARTESIAN_POINT('',(0.,7.125,1.25));
#10204=CARTESIAN_POINT('',(0.,7.875,0.));
#10205=CARTESIAN_POINT('Origin',(0.,7.5,0.));
#10206=CARTESIAN_POINT('',(0.,7.875,1.25));
#10207=CARTESIAN_POINT('Origin',(0.,3.5,1.25));
#10208=CARTESIAN_POINT('',(0.,3.125,0.));
#10209=CARTESIAN_POINT('',(0.,3.125,1.25));
#10210=CARTESIAN_POINT('',(0.,3.875,0.));
#10211=CARTESIAN_POINT('Origin',(0.,3.5,0.));
#10212=CARTESIAN_POINT('',(0.,3.875,1.25));
#10213=CARTESIAN_POINT('Origin',(0.,9.5,1.25));
#10214=CARTESIAN_POINT('',(0.,9.125,0.));
#10215=CARTESIAN_POINT('',(0.,9.125,1.25));
#10216=CARTESIAN_POINT('',(0.,9.875,0.));
#10217=CARTESIAN_POINT('Origin',(0.,9.5,0.));
#10218=CARTESIAN_POINT('',(0.,9.875,1.25));
#10219=CARTESIAN_POINT('Origin',(0.,1.5,1.25));
#10220=CARTESIAN_POINT('',(0.,1.125,0.));
#10221=CARTESIAN_POINT('',(0.,1.125,1.25));
#10222=CARTESIAN_POINT('',(0.,1.875,0.));
#10223=CARTESIAN_POINT('Origin',(0.,1.5,0.));
#10224=CARTESIAN_POINT('',(0.,1.875,1.25));
#10225=CARTESIAN_POINT('Origin',(0.,5.5,1.25));
#10226=CARTESIAN_POINT('',(0.,5.125,0.));
#10227=CARTESIAN_POINT('',(0.,5.125,1.25));
#10228=CARTESIAN_POINT('',(0.,5.875,0.));
#10229=CARTESIAN_POINT('Origin',(0.,5.5,0.));
#10230=CARTESIAN_POINT('',(0.,5.875,1.25));
#10231=CARTESIAN_POINT('Origin',(0.,13.5,1.25));
#10232=CARTESIAN_POINT('',(0.,13.125,0.));
#10233=CARTESIAN_POINT('',(0.,13.125,1.25));
#10234=CARTESIAN_POINT('',(0.,13.875,0.));
#10235=CARTESIAN_POINT('Origin',(0.,13.5,0.));
#10236=CARTESIAN_POINT('',(0.,13.875,1.25));
#10237=CARTESIAN_POINT('Origin',(0.,15.5,1.25));
#10238=CARTESIAN_POINT('',(0.,15.125,0.));
#10239=CARTESIAN_POINT('',(0.,15.125,1.25));
#10240=CARTESIAN_POINT('',(0.,15.875,0.));
#10241=CARTESIAN_POINT('Origin',(0.,15.5,0.));
#10242=CARTESIAN_POINT('',(0.,15.875,1.25));
#10243=CARTESIAN_POINT('Origin',(0.,8.5,0.625));
#10244=CARTESIAN_POINT('',(0.,17.,0.));
#10245=CARTESIAN_POINT('',(0.,8.5,0.));
#10246=CARTESIAN_POINT('',(0.,17.,0.625));
#10247=CARTESIAN_POINT('Origin',(0.,8.5,0.625));
#10248=CARTESIAN_POINT('',(0.,8.5,0.));
#10249=CARTESIAN_POINT('Origin',(0.,8.5,0.625));
#10250=CARTESIAN_POINT('',(0.,8.5,0.));
#10251=CARTESIAN_POINT('Origin',(0.,8.5,0.625));
#10252=CARTESIAN_POINT('',(0.,8.5,0.));
#10253=CARTESIAN_POINT('Origin',(0.,8.5,0.625));
#10254=CARTESIAN_POINT('',(0.,0.,0.));
#10255=CARTESIAN_POINT('',(0.,0.,0.625));
#10256=CARTESIAN_POINT('',(0.,8.5,0.));
#10257=CARTESIAN_POINT('Origin',(0.,8.5,0.625));
#10258=CARTESIAN_POINT('',(0.,8.5,0.));
#10259=CARTESIAN_POINT('Origin',(0.,8.5,0.625));
#10260=CARTESIAN_POINT('',(0.,8.5,0.));
#10261=CARTESIAN_POINT('Origin',(0.,8.5,0.625));
#10262=CARTESIAN_POINT('',(0.,8.5,0.));
#10263=CARTESIAN_POINT('Origin',(-16.,15.4945903128374,1.25));
#10264=CARTESIAN_POINT('',(-16.,15.8695903128374,0.));
#10265=CARTESIAN_POINT('',(-16.,15.8695903128374,1.25));
#10266=CARTESIAN_POINT('',(-16.,15.1195903128374,0.));
#10267=CARTESIAN_POINT('Origin',(-16.,15.4945903128374,0.));
#10268=CARTESIAN_POINT('',(-16.,15.1195903128374,1.25));
#10269=CARTESIAN_POINT('Origin',(-16.,8.5,0.625));
#10270=CARTESIAN_POINT('',(-16.,13.8695903128374,0.));
#10271=CARTESIAN_POINT('',(-16.,8.5,0.));
#10272=CARTESIAN_POINT('',(-16.,13.8695903128374,1.25));
#10273=CARTESIAN_POINT('Origin',(-16.,13.4945903128374,1.25));
#10274=CARTESIAN_POINT('',(-16.,13.1195903128374,0.));
#10275=CARTESIAN_POINT('Origin',(-16.,13.4945903128374,0.));
#10276=CARTESIAN_POINT('',(-16.,13.1195903128374,1.25));
#10277=CARTESIAN_POINT('Origin',(-16.,8.5,0.625));
#10278=CARTESIAN_POINT('',(-16.,11.8695903128374,0.));
#10279=CARTESIAN_POINT('',(-16.,8.5,0.));
#10280=CARTESIAN_POINT('',(-16.,11.8695903128374,1.25));
#10281=CARTESIAN_POINT('Origin',(-16.,11.4945903128374,1.25));
#10282=CARTESIAN_POINT('',(-16.,11.1195903128374,0.));
#10283=CARTESIAN_POINT('Origin',(-16.,11.4945903128374,0.));
#10284=CARTESIAN_POINT('',(-16.,11.1195903128374,1.25));
#10285=CARTESIAN_POINT('Origin',(-16.,8.5,0.625));
#10286=CARTESIAN_POINT('',(-16.,9.86959031283739,0.));
#10287=CARTESIAN_POINT('',(-16.,8.5,0.));
#10288=CARTESIAN_POINT('',(-16.,9.86959031283739,1.25));
#10289=CARTESIAN_POINT('Origin',(-16.,9.49459031283738,1.25));
#10290=CARTESIAN_POINT('',(-16.,9.11959031283738,0.));
#10291=CARTESIAN_POINT('Origin',(-16.,9.49459031283738,0.));
#10292=CARTESIAN_POINT('',(-16.,9.11959031283738,1.25));
#10293=CARTESIAN_POINT('Origin',(-16.,8.5,0.625));
#10294=CARTESIAN_POINT('',(-16.,7.86959031283739,0.));
#10295=CARTESIAN_POINT('',(-16.,8.5,0.));
#10296=CARTESIAN_POINT('',(-16.,7.86959031283739,1.25));
#10297=CARTESIAN_POINT('Origin',(-16.,7.49459031283738,1.25));
#10298=CARTESIAN_POINT('',(-16.,7.11959031283738,0.));
#10299=CARTESIAN_POINT('Origin',(-16.,7.49459031283738,0.));
#10300=CARTESIAN_POINT('',(-16.,7.11959031283738,1.25));
#10301=CARTESIAN_POINT('Origin',(-16.,8.5,0.625));
#10302=CARTESIAN_POINT('',(-16.,5.86959031283738,0.));
#10303=CARTESIAN_POINT('',(-16.,8.5,0.));
#10304=CARTESIAN_POINT('',(-16.,5.86959031283738,1.25));
#10305=CARTESIAN_POINT('Origin',(-16.,5.49459031283738,1.25));
#10306=CARTESIAN_POINT('',(-16.,5.11959031283738,0.));
#10307=CARTESIAN_POINT('Origin',(-16.,5.49459031283738,0.));
#10308=CARTESIAN_POINT('',(-16.,5.11959031283738,1.25));
#10309=CARTESIAN_POINT('Origin',(-16.,8.5,0.625));
#10310=CARTESIAN_POINT('',(-16.,3.86959031283738,0.));
#10311=CARTESIAN_POINT('',(-16.,8.5,0.));
#10312=CARTESIAN_POINT('',(-16.,3.86959031283738,1.25));
#10313=CARTESIAN_POINT('Origin',(-16.,3.49459031283738,1.25));
#10314=CARTESIAN_POINT('',(-16.,3.11959031283739,0.));
#10315=CARTESIAN_POINT('Origin',(-16.,3.49459031283738,0.));
#10316=CARTESIAN_POINT('',(-16.,3.11959031283738,1.25));
#10317=CARTESIAN_POINT('Origin',(-16.,8.5,0.625));
#10318=CARTESIAN_POINT('',(-16.,1.86971502244169,0.));
#10319=CARTESIAN_POINT('',(-16.,8.5,0.));
#10320=CARTESIAN_POINT('',(-16.,1.86971502244169,1.25));
#10321=CARTESIAN_POINT('Origin',(-8.,8.5,0.));
#10322=CARTESIAN_POINT('',(0.,8.5,0.));
#10323=CARTESIAN_POINT('',(-16.,0.,0.));
#10324=CARTESIAN_POINT('',(-8.,0.,0.));
#10325=CARTESIAN_POINT('',(-16.,1.11971502244169,0.));
#10326=CARTESIAN_POINT('',(-16.,8.5,0.));
#10327=CARTESIAN_POINT('Origin',(-16.,1.49471502244169,0.));
#10328=CARTESIAN_POINT('',(-16.,17.,0.));
#10329=CARTESIAN_POINT('',(-16.,8.5,0.));
#10330=CARTESIAN_POINT('',(-8.,17.,0.));
#10331=CARTESIAN_POINT('Origin',(-16.,1.49471502244169,1.25));
#10332=CARTESIAN_POINT('',(-16.,1.11971502244169,1.25));
#10333=CARTESIAN_POINT('Origin',(-16.,8.5,0.625));
#10334=CARTESIAN_POINT('',(-16.,0.,0.625));
#10335=CARTESIAN_POINT('Origin',(0.,8.5,0.625));
#10336=CARTESIAN_POINT('Origin',(-8.,0.,0.625));
#10337=CARTESIAN_POINT('Origin',(-16.,8.5,0.625));
#10338=CARTESIAN_POINT('',(-16.,17.,0.625));
#10339=CARTESIAN_POINT('Origin',(-8.,17.,0.625));
#10340=CARTESIAN_POINT('Origin',(-8.,0.85,1.88));
#10341=CARTESIAN_POINT('',(-4.5962,0.85,2.78));
#10342=CARTESIAN_POINT('',(-4.5962,0.85,2.4425));
#10343=CARTESIAN_POINT('',(-15.2,0.85,2.78));
#10344=CARTESIAN_POINT('',(-8.,0.85,2.78));
#10345=CARTESIAN_POINT('',(-15.2,0.85,1.88));
#10346=CARTESIAN_POINT('Origin',(-2.6999999396503,2.79999993741512,2.));
#10347=CARTESIAN_POINT('',(-2.4749999396503,2.79999993741512,2.));
#10348=CARTESIAN_POINT('',(-2.9249999396503,2.79999993741512,2.));
#10349=CARTESIAN_POINT('Origin',(-2.6999999396503,2.79999993741512,2.));
#10350=CARTESIAN_POINT('',(-2.6999999396503,2.79999993741512,2.225));
#10351=CARTESIAN_POINT('Origin',(-2.6999999396503,2.79999993741512,2.));
#10352=CARTESIAN_POINT('Origin',(-2.6999999396503,2.79999993741512,2.));
#10353=CARTESIAN_POINT('Origin',(-2.6999999396503,2.79999993741512,1.475));
#10354=CARTESIAN_POINT('',(-2.4749999396503,2.79999993741512,1.475));
#10355=CARTESIAN_POINT('',(-2.4749999396503,2.79999993741512,1.475));
#10356=CARTESIAN_POINT('Origin',(-2.6999999396503,2.79999993741512,1.475));
#10357=CARTESIAN_POINT('Origin',(-2.6999999396503,2.79999993741512,1.475));
#10358=CARTESIAN_POINT('',(-1.4499999396503,2.79999993741512,2.175));
#10359=CARTESIAN_POINT('Origin',(-2.6999999396503,2.79999993741512,2.175));
#10360=CARTESIAN_POINT('',(-1.4499999396503,2.79999993741512,1.475));
#10361=CARTESIAN_POINT('',(-1.4499999396503,2.79999993741512,1.475));
#10362=CARTESIAN_POINT('Origin',(-2.6999999396503,2.79999993741512,1.475));
#10363=CARTESIAN_POINT('Origin',(-2.6999999396503,2.79999993741512,1.475));
#10364=CARTESIAN_POINT('',(-1.3649999396503,2.79999993741512,2.175));
#10365=CARTESIAN_POINT('Origin',(-2.6999999396503,2.79999993741512,2.175));
#10366=CARTESIAN_POINT('',(-1.3649999396503,2.79999993741512,1.475));
#10367=CARTESIAN_POINT('',(-1.3649999396503,2.79999993741512,1.475));
#10368=CARTESIAN_POINT('Origin',(-2.6999999396503,2.79999993741512,1.475));
#10369=CARTESIAN_POINT('Origin',(-2.6999999396503,2.79999993741512,2.175));
#10370=CARTESIAN_POINT('Origin',(-2.5856,2.6626,1.475));
#10371=CARTESIAN_POINT('',(-1.025,4.4752,1.475));
#10372=CARTESIAN_POINT('',(-1.025,1.075,1.475));
#10373=CARTESIAN_POINT('',(-1.025,5.5813,1.475));
#10374=CARTESIAN_POINT('',(-4.3712,4.4752,1.475));
#10375=CARTESIAN_POINT('',(-4.3712,4.4752,1.475));
#10376=CARTESIAN_POINT('',(-4.3712,1.075,1.475));
#10377=CARTESIAN_POINT('',(-4.3712,0.85,1.475));
#10378=CARTESIAN_POINT('',(-5.2928,1.075,1.475));
#10379=CARTESIAN_POINT('Origin',(-12.0000001788139,3.50000005215406,3.005));
#10380=CARTESIAN_POINT('',(-10.0000001490116,3.50000005215406,3.03));
#10381=CARTESIAN_POINT('Origin',(-12.0000001788139,3.50000005215406,3.03));
#10382=CARTESIAN_POINT('',(-10.0000001490116,3.50000005215406,3.005));
#10383=CARTESIAN_POINT('',(-10.0000001490116,3.50000005215406,3.005));
#10384=CARTESIAN_POINT('Origin',(-12.0000001788139,3.50000005215406,3.005));
#10385=CARTESIAN_POINT('Origin',(-12.0000001788139,3.50000005215406,3.005));
#10386=CARTESIAN_POINT('',(-9.80000017881394,3.50000005215406,3.03));
#10387=CARTESIAN_POINT('Origin',(-12.0000001788139,3.50000005215406,3.03));
#10388=CARTESIAN_POINT('',(-9.80000017881394,3.50000005215406,3.005));
#10389=CARTESIAN_POINT('',(-9.80000017881394,3.50000005215406,3.005));
#10390=CARTESIAN_POINT('Origin',(-12.0000001788139,3.50000005215406,3.005));
#10391=CARTESIAN_POINT('Origin',(-12.0000001788139,3.50000005215406,3.03));
#10392=CARTESIAN_POINT('Origin',(-8.,8.5,3.005));
#10393=CARTESIAN_POINT('',(-4.5962,4.7002,3.005));
#10394=CARTESIAN_POINT('',(-4.5962,1.075,3.005));
#10395=CARTESIAN_POINT('',(-4.5962,4.675,3.005));
#10396=CARTESIAN_POINT('',(-1.025,4.7002,3.005));
#10397=CARTESIAN_POINT('',(-6.1856,4.7002,3.005));
#10398=CARTESIAN_POINT('',(-1.025,15.925,3.005));
#10399=CARTESIAN_POINT('',(-1.025,8.5,3.005));
#10400=CARTESIAN_POINT('',(-14.975,15.925,3.005));
#10401=CARTESIAN_POINT('',(-8.,15.925,3.005));
#10402=CARTESIAN_POINT('',(-14.975,1.075,3.005));
#10403=CARTESIAN_POINT('',(-14.975,8.5,3.005));
#10404=CARTESIAN_POINT('',(-8.,1.075,3.005));
#10405=CARTESIAN_POINT('',(-12.9865273361501,12.4410224177506,3.005));
#10406=CARTESIAN_POINT('',(-12.7861368184384,12.8800362565186,3.005));
#10407=CARTESIAN_POINT('Ctrl Pts',(-12.9865273361501,12.4410224177506,3.005));
#10408=CARTESIAN_POINT('Ctrl Pts',(-12.9791434531685,12.528736466586,3.005));
#10409=CARTESIAN_POINT('Ctrl Pts',(-12.9647741335252,12.6994313717019,3.005));
#10410=CARTESIAN_POINT('Ctrl Pts',(-12.8445715592585,12.8209578963788,3.005));
#10411=CARTESIAN_POINT('Ctrl Pts',(-12.7861368184384,12.8800362565186,3.005));
#10412=CARTESIAN_POINT('',(-11.9990762596425,13.0685615756181,3.005));
#10413=CARTESIAN_POINT('Ctrl Pts',(-12.7861368184384,12.8800362565186,3.005));
#10414=CARTESIAN_POINT('Ctrl Pts',(-12.6830028351866,12.9346898850848,3.005));
#10415=CARTESIAN_POINT('Ctrl Pts',(-12.4384444368105,13.0642883301963,3.005));
#10416=CARTESIAN_POINT('Ctrl Pts',(-12.1600611152031,13.0669958550385,3.005));
#10417=CARTESIAN_POINT('Ctrl Pts',(-11.9990762596425,13.0685615756181,3.005));
#10418=CARTESIAN_POINT('',(-11.2106972461042,12.8787178017762,3.005));
#10419=CARTESIAN_POINT('Ctrl Pts',(-11.9990762596425,13.0685615756181,3.005));
#10420=CARTESIAN_POINT('Ctrl Pts',(-11.8382045347752,13.0668334117507,3.005));
#10421=CARTESIAN_POINT('Ctrl Pts',(-11.5592957265769,13.0638372349829,3.005));
#10422=CARTESIAN_POINT('Ctrl Pts',(-11.3143575906667,12.9337655007949,3.005));
#10423=CARTESIAN_POINT('Ctrl Pts',(-11.2106972461042,12.8787178017762,3.005));
#10424=CARTESIAN_POINT('',(-11.0129433398542,12.4410224177506,3.005));
#10425=CARTESIAN_POINT('Ctrl Pts',(-11.2106972461042,12.8787178017762,3.005));
#10426=CARTESIAN_POINT('Ctrl Pts',(-11.1530343907765,12.8198858493023,3.005));
#10427=CARTESIAN_POINT('Ctrl Pts',(-11.0340183645716,12.6984568087609,3.005));
#10428=CARTESIAN_POINT('Ctrl Pts',(-11.0201120782732,12.5285895657827,3.005));
#10429=CARTESIAN_POINT('Ctrl Pts',(-11.0129433398542,12.4410224177506,3.005));
#10430=CARTESIAN_POINT('',(-11.2298134987649,11.9861883141663,3.005));
#10431=CARTESIAN_POINT('Ctrl Pts',(-11.0129433398542,12.4410224177506,3.005));
#10432=CARTESIAN_POINT('Ctrl Pts',(-11.0217940891858,12.351687166376,3.005));
#10433=CARTESIAN_POINT('Ctrl Pts',(-11.0394058786102,12.1739221459885,3.005));
#10434=CARTESIAN_POINT('Ctrl Pts',(-11.1665601875092,12.0485533943444,3.005));
#10435=CARTESIAN_POINT('Ctrl Pts',(-11.2298134987649,11.9861883141663,3.005));
#10436=CARTESIAN_POINT('',(-12.0030313258466,11.8134832598832,3.005));
#10437=CARTESIAN_POINT('Ctrl Pts',(-11.2298134987649,11.9861883141663,3.005));
#10438=CARTESIAN_POINT('Ctrl Pts',(-11.3286693010295,11.9362150878845,3.005));
#10439=CARTESIAN_POINT('Ctrl Pts',(-11.5700592795303,11.8141885022775,3.005));
#10440=CARTESIAN_POINT('Ctrl Pts',(-11.8422878217103,11.8137450854091,3.005));
#10441=CARTESIAN_POINT('Ctrl Pts',(-12.0030313258466,11.8134832598832,3.005));
#10442=CARTESIAN_POINT('',(-12.7887734299001,12.003327033725,3.005));
#10443=CARTESIAN_POINT('Ctrl Pts',(-12.0030313258466,11.8134832598832,3.005));
#10444=CARTESIAN_POINT('Ctrl Pts',(-12.163236860548,11.8152711752335,3.005));
#10445=CARTESIAN_POINT('Ctrl Pts',(-12.4412767934009,11.8183741383419,3.005));
#10446=CARTESIAN_POINT('Ctrl Pts',(-12.6853389462405,11.9482746814835,3.005));
#10447=CARTESIAN_POINT('Ctrl Pts',(-12.7887734299001,12.003327033725,3.005));
#10448=CARTESIAN_POINT('Ctrl Pts',(-12.7887734299001,12.003327033725,3.005));
#10449=CARTESIAN_POINT('Ctrl Pts',(-12.8464362852278,12.0621589861989,3.005));
#10450=CARTESIAN_POINT('Ctrl Pts',(-12.9654523114327,12.1835880267403,3.005));
#10451=CARTESIAN_POINT('Ctrl Pts',(-12.9793585977311,12.3534552697185,3.005));
#10452=CARTESIAN_POINT('Ctrl Pts',(-12.9865273361501,12.4410224177506,3.005));
#10453=CARTESIAN_POINT('',(-11.5613808756169,10.2024483897355,3.005));
#10454=CARTESIAN_POINT('',(-11.9318398361501,10.2024483897355,3.005));
#10455=CARTESIAN_POINT('',(-9.96591991807504,10.2024483897355,3.005));
#10456=CARTESIAN_POINT('',(-11.9318398361501,10.9301829554703,3.005));
#10457=CARTESIAN_POINT('',(-11.9318398361501,9.71509147773518,3.005));
#10458=CARTESIAN_POINT('',(-11.5613808756169,10.9301829554703,3.005));
#10459=CARTESIAN_POINT('',(-9.78069043780847,10.9301829554703,3.005));
#10460=CARTESIAN_POINT('',(-11.5613808756169,9.35122419486774,3.005));
#10461=CARTESIAN_POINT('',(-9.42748944233706,7.49917083167012,3.005));
#10462=CARTESIAN_POINT('',(-9.42748944233706,7.11217076264794,3.005));
#10463=CARTESIAN_POINT('',(-9.42748944233706,7.80608538132397,3.005));
#10464=CARTESIAN_POINT('',(-9.12748943041613,7.02217076652224,3.005));
#10465=CARTESIAN_POINT('',(-8.81366341829328,6.92802297067933,3.005));
#10466=CARTESIAN_POINT('',(-9.12748943041613,6.86767076122115,3.005));
#10467=CARTESIAN_POINT('',(-9.12748943041613,7.68383538061058,3.005));
#10468=CARTESIAN_POINT('',(-10.1774894721394,7.19917078249628,3.005));
#10469=CARTESIAN_POINT('',(-9.37416200388264,6.94554881846192,3.005));
#10470=CARTESIAN_POINT('',(-10.1774894721394,7.40767077289994,3.005));
#10471=CARTESIAN_POINT('',(-10.1774894721394,7.95383538644997,3.005));
#10472=CARTESIAN_POINT('',(-9.12748943041613,7.75417082690174,3.005));
#10473=CARTESIAN_POINT('',(-8.50813103254875,7.9585591219301,3.005));
#10474=CARTESIAN_POINT('',(-9.12748943041613,7.59517081760342,3.005));
#10475=CARTESIAN_POINT('',(-9.12748943041613,8.04758540880171,3.005));
#10476=CARTESIAN_POINT('',(-8.63478498976671,7.75283620924376,3.005));
#10477=CARTESIAN_POINT('',(-10.0574894524699,8.02567080341751,3.005));
#10478=CARTESIAN_POINT('',(-10.0844894624834,7.95967072926934,3.005));
#10479=CARTESIAN_POINT('Ctrl Pts',(-10.0574894524699,8.02567080341751,3.005));
#10480=CARTESIAN_POINT('Ctrl Pts',(-10.058587486062,8.01319788515362,3.005));
#10481=CARTESIAN_POINT('Ctrl Pts',(-10.0607705869483,7.98839933699378,3.005));
#10482=CARTESIAN_POINT('Ctrl Pts',(-10.0766145384661,7.96920893872693,3.005));
#10483=CARTESIAN_POINT('Ctrl Pts',(-10.0844894624834,7.95967072926934,3.005));
#10484=CARTESIAN_POINT('',(-10.1504894621258,7.93267079376156,3.005));
#10485=CARTESIAN_POINT('Ctrl Pts',(-10.0844894624834,7.95967072926934,3.005));
#10486=CARTESIAN_POINT('Ctrl Pts',(-10.0940276500195,7.95179583629708,3.005));
#10487=CARTESIAN_POINT('Ctrl Pts',(-10.1132180317655,7.93595192446637,3.005));
#10488=CARTESIAN_POINT('Ctrl Pts',(-10.1380165441427,7.9337688271286,3.005));
#10489=CARTESIAN_POINT('Ctrl Pts',(-10.1504894621258,7.93267079376156,3.005));
#10490=CARTESIAN_POINT('',(-10.2172395117169,7.95967072926934,3.005));
#10491=CARTESIAN_POINT('Ctrl Pts',(-10.1504894621258,7.93267079376156,3.005));
#10492=CARTESIAN_POINT('Ctrl Pts',(-10.1630112715884,7.93378662864926,3.005));
#10493=CARTESIAN_POINT('Ctrl Pts',(-10.1880041059284,7.93601377294359,3.005));
#10494=CARTESIAN_POINT('Ctrl Pts',(-10.2075075865894,7.95179576665133,3.005));
#10495=CARTESIAN_POINT('Ctrl Pts',(-10.2172395117169,7.95967072926934,3.005));
#10496=CARTESIAN_POINT('',(-10.2449894971733,8.02567080341751,3.005));
#10497=CARTESIAN_POINT('Ctrl Pts',(-10.2172395117169,7.95967072926934,3.005));
#10498=CARTESIAN_POINT('Ctrl Pts',(-10.2253332477776,7.96918399028435,3.005));
#10499=CARTESIAN_POINT('Ctrl Pts',(-10.2415539706917,7.98824959481801,3.005));
#10500=CARTESIAN_POINT('Ctrl Pts',(-10.2438427577544,8.01318003228423,3.005));
#10501=CARTESIAN_POINT('Ctrl Pts',(-10.2449894971733,8.02567080341751,3.005));
#10502=CARTESIAN_POINT('',(-10.2172395117169,8.09242085300858,3.005));
#10503=CARTESIAN_POINT('Ctrl Pts',(-10.2449894971733,8.02567080341751,3.005));
#10504=CARTESIAN_POINT('Ctrl Pts',(-10.2438251565913,8.03821015272371,3.005));
#10505=CARTESIAN_POINT('Ctrl Pts',(-10.2414923836175,8.06333291802201,3.005));
#10506=CARTESIAN_POINT('Ctrl Pts',(-10.2253332503476,8.08271354312566,3.005));
#10507=CARTESIAN_POINT('Ctrl Pts',(-10.2172395117169,8.09242085300858,3.005));
#10508=CARTESIAN_POINT('',(-10.1504894621258,8.12017068945343,3.005));
#10509=CARTESIAN_POINT('Ctrl Pts',(-10.2172395117169,8.09242085300858,3.005));
#10510=CARTESIAN_POINT('Ctrl Pts',(-10.2075321891709,8.10051458546678,3.005));
#10511=CARTESIAN_POINT('Ctrl Pts',(-10.1881515564846,8.11667369165607,3.005));
#10512=CARTESIAN_POINT('Ctrl Pts',(-10.1630287970258,8.11900638812415,3.005));
#10513=CARTESIAN_POINT('Ctrl Pts',(-10.1504894621258,8.12017068945343,3.005));
#10514=CARTESIAN_POINT('',(-10.0844894624834,8.09242085300858,3.005));
#10515=CARTESIAN_POINT('Ctrl Pts',(-10.1504894621258,8.12017068945343,3.005));
#10516=CARTESIAN_POINT('Ctrl Pts',(-10.1379987175293,8.11902398886421,3.005));
#10517=CARTESIAN_POINT('Ctrl Pts',(-10.1130683082637,8.11673527702853,3.005));
#10518=CARTESIAN_POINT('Ctrl Pts',(-10.0940027232481,8.10051458281917,3.005));
#10519=CARTESIAN_POINT('Ctrl Pts',(-10.0844894624834,8.09242085300858,3.005));
#10520=CARTESIAN_POINT('Ctrl Pts',(-10.0844894624834,8.09242085300858,3.005));
#10521=CARTESIAN_POINT('Ctrl Pts',(-10.0766144688372,8.08268894416189,3.005));
#10522=CARTESIAN_POINT('Ctrl Pts',(-10.0608324072583,8.06318548909904,3.005));
#10523=CARTESIAN_POINT('Ctrl Pts',(-10.0586052794822,8.03819262985325,3.005));
#10524=CARTESIAN_POINT('Ctrl Pts',(-10.0574894524699,8.02567080341751,3.005));
#10525=CARTESIAN_POINT('',(-9.9389894581919,9.98167113148148,3.005));
#10526=CARTESIAN_POINT('',(-9.86923943232348,10.1684211262363,3.005));
#10527=CARTESIAN_POINT('Ctrl Pts',(-9.9389894581919,9.98167113148148,3.005));
#10528=CARTESIAN_POINT('Ctrl Pts',(-9.9365035952334,10.0175022072859,3.005));
#10529=CARTESIAN_POINT('Ctrl Pts',(-9.9316969013108,10.0867855978767,3.005));
#10530=CARTESIAN_POINT('Ctrl Pts',(-9.88957653815883,10.1418393513566,3.005));
#10531=CARTESIAN_POINT('Ctrl Pts',(-9.86923943232348,10.1684211262363,3.005));
#10532=CARTESIAN_POINT('',(-9.67648948501399,10.2411709793704,3.005));
#10533=CARTESIAN_POINT('Ctrl Pts',(-9.86923943232348,10.1684211262363,3.005));
#10534=CARTESIAN_POINT('Ctrl Pts',(-9.84273025511539,10.1896219344736,3.005));
#10535=CARTESIAN_POINT('Ctrl Pts',(-9.78656304705976,10.2345418577843,3.005));
#10536=CARTESIAN_POINT('Ctrl Pts',(-9.71452684022992,10.238880199933,3.005));
#10537=CARTESIAN_POINT('Ctrl Pts',(-9.67648948501399,10.2411709793704,3.005));
#10538=CARTESIAN_POINT('',(-9.12748943041613,10.2411709793704,3.005));
#10539=CARTESIAN_POINT('',(-8.56374471520807,10.2411709793704,3.005));
#10540=CARTESIAN_POINT('',(-9.12748943041613,10.0911711224216,3.005));
#10541=CARTESIAN_POINT('',(-9.12748943041613,9.29558556121079,3.005));
#10542=CARTESIAN_POINT('',(-9.6629894800072,10.0911711224216,3.005));
#10543=CARTESIAN_POINT('',(-8.8314947400036,10.0911711224216,3.005));
#10544=CARTESIAN_POINT('',(-9.82198948930552,9.95017097078736,3.005));
#10545=CARTESIAN_POINT('Ctrl Pts',(-9.6629894800072,10.0911711224216,3.005));
#10546=CARTESIAN_POINT('Ctrl Pts',(-9.70933248123178,10.086507666092,3.005));
#10547=CARTESIAN_POINT('Ctrl Pts',(-9.79777856336869,10.077607412965,3.005));
#10548=CARTESIAN_POINT('Ctrl Pts',(-9.81418128471905,9.99127017595164,3.005));
#10549=CARTESIAN_POINT('Ctrl Pts',(-9.82198948930552,9.95017097078736,3.005));
#10550=CARTESIAN_POINT('',(-9.70198946963599,9.75217089735444,3.005));
#10551=CARTESIAN_POINT('Ctrl Pts',(-9.82198948930552,9.95017097078736,3.005));
#10552=CARTESIAN_POINT('Ctrl Pts',(-9.81601090016843,9.91131148938135,3.005));
#10553=CARTESIAN_POINT('Ctrl Pts',(-9.80338559808856,9.8292498724734,3.005));
#10554=CARTESIAN_POINT('Ctrl Pts',(-9.73695991556711,9.77875461581549,3.005));
#10555=CARTESIAN_POINT('Ctrl Pts',(-9.70198946963599,9.75217089735444,3.005));
#10556=CARTESIAN_POINT('',(-9.12748943041613,9.75217089735444,3.005));
#10557=CARTESIAN_POINT('',(-8.56374471520807,9.75217089735444,3.005));
#10558=CARTESIAN_POINT('',(-9.12748943041613,9.60217104040558,3.005));
#10559=CARTESIAN_POINT('',(-9.12748943041613,9.05108552020279,3.005));
#10560=CARTESIAN_POINT('',(-10.2374895192271,9.60217104040558,3.005));
#10561=CARTESIAN_POINT('',(-9.11874475961353,9.60217104040558,3.005));
#10562=CARTESIAN_POINT('',(-10.2374895192271,9.75217089735444,3.005));
#10563=CARTESIAN_POINT('',(-10.2374895192271,9.12608544867722,3.005));
#10564=CARTESIAN_POINT('',(-9.84298947225859,9.75217089735444,3.005));
#10565=CARTESIAN_POINT('',(-8.9214947361293,9.75217089735444,3.005));
#10566=CARTESIAN_POINT('Ctrl Pts',(-9.84298947225859,9.75217089735444,3.005));
#10567=CARTESIAN_POINT('Ctrl Pts',(-9.87097536735444,9.78333254690133,3.005));
#10568=CARTESIAN_POINT('Ctrl Pts',(-9.92945609749069,9.84844949283109,3.005));
#10569=CARTESIAN_POINT('Ctrl Pts',(-9.93572206380798,9.93601172053657,3.005));
#10570=CARTESIAN_POINT('Ctrl Pts',(-9.9389894581919,9.98167113148148,3.005));
#10571=CARTESIAN_POINT('',(-9.12748943041613,10.6881709464687,3.005));
#10572=CARTESIAN_POINT('',(-9.12748943041613,10.5381710895198,3.005));
#10573=CARTESIAN_POINT('',(-9.12748943041613,9.51908554475991,3.005));
#10574=CARTESIAN_POINT('',(-9.80698945890715,10.5381710895198,3.005));
#10575=CARTESIAN_POINT('',(-8.90349472945358,10.5381710895198,3.005));
#10576=CARTESIAN_POINT('',(-9.80698945890715,10.4136709936755,3.005));
#10577=CARTESIAN_POINT('',(-9.80698945890715,9.45683549683777,3.005));
#10578=CARTESIAN_POINT('',(-9.92098945151618,10.4136709936755,3.005));
#10579=CARTESIAN_POINT('',(-8.96049472575809,10.4136709936755,3.005));
#10580=CARTESIAN_POINT('',(-9.92098945151618,10.6881709464687,3.005));
#10581=CARTESIAN_POINT('',(-9.92098945151618,9.59408547323433,3.005));
#10582=CARTESIAN_POINT('',(-8.56374471520807,10.6881709464687,3.005));
#10583=CARTESIAN_POINT('',(-9.9389894581919,11.3496710427898,3.005));
#10584=CARTESIAN_POINT('',(-9.86923943232348,11.5364210375446,3.005));
#10585=CARTESIAN_POINT('Ctrl Pts',(-9.9389894581919,11.3496710427898,3.005));
#10586=CARTESIAN_POINT('Ctrl Pts',(-9.9365035952334,11.3855021185942,3.005));
#10587=CARTESIAN_POINT('Ctrl Pts',(-9.9316969013108,11.454785509185,3.005));
#10588=CARTESIAN_POINT('Ctrl Pts',(-9.88957653815883,11.5098392626649,3.005));
#10589=CARTESIAN_POINT('Ctrl Pts',(-9.86923943232348,11.5364210375446,3.005));
#10590=CARTESIAN_POINT('',(-9.67648948501399,11.6091708906787,3.005));
#10591=CARTESIAN_POINT('Ctrl Pts',(-9.86923943232348,11.5364210375446,3.005));
#10592=CARTESIAN_POINT('Ctrl Pts',(-9.84273023773935,11.5576217013928,3.005));
#10593=CARTESIAN_POINT('Ctrl Pts',(-9.78656293103383,11.6025413682256,3.005));
#10594=CARTESIAN_POINT('Ctrl Pts',(-9.71452682463045,11.6068799712412,3.005));
#10595=CARTESIAN_POINT('Ctrl Pts',(-9.67648948501399,11.6091708906787,3.005));
#10596=CARTESIAN_POINT('',(-9.12748943041613,11.6091708906787,3.005));
#10597=CARTESIAN_POINT('',(-8.56374471520807,11.6091708906787,3.005));
#10598=CARTESIAN_POINT('',(-9.12748943041613,11.4591710337299,3.005));
#10599=CARTESIAN_POINT('',(-9.12748943041613,9.97958551686493,3.005));
#10600=CARTESIAN_POINT('',(-9.6629894800072,11.4591710337299,3.005));
#10601=CARTESIAN_POINT('',(-8.8314947400036,11.4591710337299,3.005));
#10602=CARTESIAN_POINT('',(-9.82198948930552,11.3181708820956,3.005));
#10603=CARTESIAN_POINT('Ctrl Pts',(-9.6629894800072,11.4591710337299,3.005));
#10604=CARTESIAN_POINT('Ctrl Pts',(-9.70933248123178,11.4545075774003,3.005));
#10605=CARTESIAN_POINT('Ctrl Pts',(-9.79777856336869,11.4456073242733,3.005));
#10606=CARTESIAN_POINT('Ctrl Pts',(-9.81418128471905,11.3592700872599,3.005));
#10607=CARTESIAN_POINT('Ctrl Pts',(-9.82198948930552,11.3181708820956,3.005));
#10608=CARTESIAN_POINT('',(-9.70348949502757,11.1201708086627,3.005));
#10609=CARTESIAN_POINT('Ctrl Pts',(-9.82198948930552,11.3181708820956,3.005));
#10610=CARTESIAN_POINT('Ctrl Pts',(-9.81613191825227,11.2793392549845,3.005));
#10611=CARTESIAN_POINT('Ctrl Pts',(-9.80379781555064,11.1975727219783,3.005));
#10612=CARTESIAN_POINT('Ctrl Pts',(-9.73802581104838,11.1468204118556,3.005));
#10613=CARTESIAN_POINT('Ctrl Pts',(-9.70348949502757,11.1201708086627,3.005));
#10614=CARTESIAN_POINT('',(-9.12748943041613,11.1201708086627,3.005));
#10615=CARTESIAN_POINT('',(-8.56374471520807,11.1201708086627,3.005));
#10616=CARTESIAN_POINT('',(-9.12748943041613,10.9701709517139,3.005));
#10617=CARTESIAN_POINT('',(-9.12748943041613,9.73508547585694,3.005));
#10618=CARTESIAN_POINT('',(-9.92098945151618,10.9701709517139,3.005));
#10619=CARTESIAN_POINT('',(-8.96049472575809,10.9701709517139,3.005));
#10620=CARTESIAN_POINT('',(-9.92098945151618,11.0976709493297,3.005));
#10621=CARTESIAN_POINT('',(-9.92098945151618,9.79883547466484,3.005));
#10622=CARTESIAN_POINT('',(-9.83248944352915,11.1081709035533,3.005));
#10623=CARTESIAN_POINT('',(-9.08153666476931,11.1972665994796,3.005));
#10624=CARTESIAN_POINT('Ctrl Pts',(-9.83248944352915,11.1081709035533,3.005));
#10625=CARTESIAN_POINT('Ctrl Pts',(-9.86354218287015,11.1408010232137,3.005));
#10626=CARTESIAN_POINT('Ctrl Pts',(-9.9278142128203,11.2083378677112,3.005));
#10627=CARTESIAN_POINT('Ctrl Pts',(-9.93518159384564,11.3015130345823,3.005));
#10628=CARTESIAN_POINT('Ctrl Pts',(-9.9389894581919,11.3496710427898,3.005));
#10629=CARTESIAN_POINT('',(-9.12748943041613,8.10817078434403,3.005));
#10630=CARTESIAN_POINT('',(-9.12748943041613,7.95817077838356,3.005));
#10631=CARTESIAN_POINT('',(-9.12748943041613,8.22908538919178,3.005));
#10632=CARTESIAN_POINT('',(-9.80698945890715,7.95817077838356,3.005));
#10633=CARTESIAN_POINT('',(-8.90349472945358,7.95817077838356,3.005));
#10634=CARTESIAN_POINT('',(-9.80698945890715,7.8336707570451,3.005));
#10635=CARTESIAN_POINT('',(-9.80698945890715,8.16683537852255,3.005));
#10636=CARTESIAN_POINT('',(-9.92098945151618,7.8336707570451,3.005));
#10637=CARTESIAN_POINT('',(-8.96049472575809,7.8336707570451,3.005));
#10638=CARTESIAN_POINT('',(-9.92098945151618,8.10817078434403,3.005));
#10639=CARTESIAN_POINT('',(-9.92098945151618,8.30408539217201,3.005));
#10640=CARTESIAN_POINT('',(-8.56374471520807,8.10817078434403,3.005));
#10641=CARTESIAN_POINT('',(-10.0559895015841,9.43417087875779,3.005));
#10642=CARTESIAN_POINT('',(-10.0559895015841,9.12967086516793,3.005));
#10643=CARTESIAN_POINT('',(-10.0559895015841,8.81483543258396,3.005));
#10644=CARTESIAN_POINT('',(-9.12748943041613,9.12967086516793,3.005));
#10645=CARTESIAN_POINT('',(-8.56374471520807,9.12967086516792,3.005));
#10646=CARTESIAN_POINT('',(-9.12748943041613,8.97817090832169,3.005));
#10647=CARTESIAN_POINT('',(-9.12748943041613,8.73908545416084,3.005));
#10648=CARTESIAN_POINT('',(-10.0559895015841,8.97817090832169,3.005));
#10649=CARTESIAN_POINT('',(-9.02799475079204,8.97817090832169,3.005));
#10650=CARTESIAN_POINT('',(-10.0559895015841,8.67367089473183,3.005));
#10651=CARTESIAN_POINT('',(-10.0559895015841,8.58683544736591,3.005));
#10652=CARTESIAN_POINT('',(-10.1774894721394,8.67367089473183,3.005));
#10653=CARTESIAN_POINT('',(-9.08874473606969,8.67367089473183,3.005));
#10654=CARTESIAN_POINT('',(-10.1774894721394,9.43417087875778,3.005));
#10655=CARTESIAN_POINT('',(-10.1774894721394,8.96708543937889,3.005));
#10656=CARTESIAN_POINT('',(-9.02799475079204,9.43417087875779,3.005));
#10657=CARTESIAN_POINT('',(-9.93598948191454,13.875670886864,3.005));
#10658=CARTESIAN_POINT('',(-9.92098945151618,13.9701710709232,3.005));
#10659=CARTESIAN_POINT('Ctrl Pts',(-9.93598948191454,13.875670886864,3.005));
#10660=CARTESIAN_POINT('Ctrl Pts',(-9.9354752418038,13.8924155071162,3.005));
#10661=CARTESIAN_POINT('Ctrl Pts',(-9.93448783733913,13.924567244117,3.005));
#10662=CARTESIAN_POINT('Ctrl Pts',(-9.92536237453463,13.9553973026677,3.005));
#10663=CARTESIAN_POINT('Ctrl Pts',(-9.92098945151618,13.9701710709232,3.005));
#10664=CARTESIAN_POINT('',(-9.77998944889357,13.9431707628864,3.005));
#10665=CARTESIAN_POINT('',(-8.41874946479684,13.6825048182126,3.005));
#10666=CARTESIAN_POINT('',(-9.7844894505625,13.8951711424487,3.005));
#10667=CARTESIAN_POINT('Ctrl Pts',(-9.77998944889357,13.9431707628864,3.005));
#10668=CARTESIAN_POINT('Ctrl Pts',(-9.78130170972115,13.9354387696673,3.005));
#10669=CARTESIAN_POINT('Ctrl Pts',(-9.78399787976711,13.9195526225886,3.005));
#10670=CARTESIAN_POINT('Ctrl Pts',(-9.78432271621467,13.9034410198058,3.005));
#10671=CARTESIAN_POINT('Ctrl Pts',(-9.7844894505625,13.8951711424487,3.005));
#10672=CARTESIAN_POINT('',(-9.74548946093371,13.7616710432666,3.005));
#10673=CARTESIAN_POINT('Ctrl Pts',(-9.7844894505625,13.8951711424487,3.005));
#10674=CARTESIAN_POINT('Ctrl Pts',(-9.78312174662316,13.8704840183196,3.005));
#10675=CARTESIAN_POINT('Ctrl Pts',(-9.78048497453318,13.8228901509532,3.005));
#10676=CARTESIAN_POINT('Ctrl Pts',(-9.7568600467714,13.7815620820673,3.005));
#10677=CARTESIAN_POINT('Ctrl Pts',(-9.74548946093371,13.7616710432666,3.005));
#10678=CARTESIAN_POINT('',(-9.61498941253474,13.6746709116596,3.005));
#10679=CARTESIAN_POINT('Ctrl Pts',(-9.74548946093371,13.7616710432666,3.005));
#10680=CARTESIAN_POINT('Ctrl Pts',(-9.72907422745158,13.7437767649716,3.005));
#10681=CARTESIAN_POINT('Ctrl Pts',(-9.69281835120238,13.7042541629849,3.005));
#10682=CARTESIAN_POINT('Ctrl Pts',(-9.64251654249083,13.6851341406037,3.005));
#10683=CARTESIAN_POINT('Ctrl Pts',(-9.61498941253474,13.6746709116596,3.005));
#10684=CARTESIAN_POINT('',(-9.12748943041613,13.6746709116596,3.005));
#10685=CARTESIAN_POINT('',(-8.56374471520807,13.6746709116595,3.005));
#10686=CARTESIAN_POINT('',(-9.12748943041613,13.5246710547107,3.005));
#10687=CARTESIAN_POINT('',(-9.12748943041613,11.0123355273553,3.005));
#10688=CARTESIAN_POINT('',(-9.92098945151618,13.5246710547107,3.005));
#10689=CARTESIAN_POINT('',(-8.96049472575809,13.5246710547107,3.005));
#10690=CARTESIAN_POINT('',(-9.92098945151618,13.6386708983081,3.005));
#10691=CARTESIAN_POINT('',(-9.92098945151618,11.0693354491541,3.005));
#10692=CARTESIAN_POINT('',(-9.79198942850878,13.6626713045734,3.005));
#10693=CARTESIAN_POINT('',(-9.3901603497413,13.7374314551127,3.005));
#10694=CARTESIAN_POINT('',(-9.90148949395468,13.751171089043,3.005));
#10695=CARTESIAN_POINT('Ctrl Pts',(-9.79198942850878,13.6626713045734,3.005));
#10696=CARTESIAN_POINT('Ctrl Pts',(-9.81494895172361,13.6736740510237,3.005));
#10697=CARTESIAN_POINT('Ctrl Pts',(-9.85853397482605,13.6945610247532,3.005));
#10698=CARTESIAN_POINT('Ctrl Pts',(-9.88769145877754,13.7329869843157,3.005));
#10699=CARTESIAN_POINT('Ctrl Pts',(-9.90148949395468,13.751171089043,3.005));
#10700=CARTESIAN_POINT('Ctrl Pts',(-9.90148949395468,13.751171089043,3.005));
#10701=CARTESIAN_POINT('Ctrl Pts',(-9.91155198446041,13.7706469797147,3.005));
#10702=CARTESIAN_POINT('Ctrl Pts',(-9.93174638645031,13.8097331249502,3.005));
#10703=CARTESIAN_POINT('Ctrl Pts',(-9.93457187908922,13.8536413194474,3.005));
#10704=CARTESIAN_POINT('Ctrl Pts',(-9.93598948191454,13.875670886864,3.005));
#10705=CARTESIAN_POINT('',(-10.0574894524699,10.6056709655421,3.005));
#10706=CARTESIAN_POINT('',(-10.0844894624834,10.5396710404056,3.005));
#10707=CARTESIAN_POINT('Ctrl Pts',(-10.0574894524699,10.6056709655421,3.005));
#10708=CARTESIAN_POINT('Ctrl Pts',(-10.058587512194,10.5931981578882,3.005));
#10709=CARTESIAN_POINT('Ctrl Pts',(-10.0607706774163,10.568399689012,3.005));
#10710=CARTESIAN_POINT('Ctrl Pts',(-10.0766145383151,10.5492093,3.005));
#10711=CARTESIAN_POINT('Ctrl Pts',(-10.0844894624834,10.5396710404056,3.005));
#10712=CARTESIAN_POINT('',(-10.1504894621258,10.512671030392,3.005));
#10713=CARTESIAN_POINT('Ctrl Pts',(-10.0844894624834,10.5396710404056,3.005));
#10714=CARTESIAN_POINT('Ctrl Pts',(-10.0940276415049,10.5317960792844,3.005));
#10715=CARTESIAN_POINT('Ctrl Pts',(-10.1132179802696,10.5159520516839,3.005));
#10716=CARTESIAN_POINT('Ctrl Pts',(-10.1380165379565,10.5137690261714,3.005));
#10717=CARTESIAN_POINT('Ctrl Pts',(-10.1504894621258,10.512671030392,3.005));
#10718=CARTESIAN_POINT('',(-10.2172395117169,10.5396710404056,3.005));
#10719=CARTESIAN_POINT('Ctrl Pts',(-10.1504894621258,10.512671030392,3.005));
#10720=CARTESIAN_POINT('Ctrl Pts',(-10.1630112776923,10.5137868276516,3.005));
#10721=CARTESIAN_POINT('Ctrl Pts',(-10.1880041568405,10.5160138997494,3.005));
#10722=CARTESIAN_POINT('Ctrl Pts',(-10.2075075950276,10.5317960095416,3.005));
#10723=CARTESIAN_POINT('Ctrl Pts',(-10.2172395117169,10.5396710404056,3.005));
#10724=CARTESIAN_POINT('',(-10.2449894971733,10.6056709655421,3.005));
#10725=CARTESIAN_POINT('Ctrl Pts',(-10.2172395117169,10.5396710404056,3.005));
#10726=CARTESIAN_POINT('Ctrl Pts',(-10.2253332477791,10.5491842755314,3.005));
#10727=CARTESIAN_POINT('Ctrl Pts',(-10.2415539681045,10.568249825134,3.005));
#10728=CARTESIAN_POINT('Ctrl Pts',(-10.2438427570124,10.5931802184945,3.005));
#10729=CARTESIAN_POINT('Ctrl Pts',(-10.2449894971733,10.6056709655421,3.005));
#10730=CARTESIAN_POINT('',(-10.2172395117169,10.6724210151332,3.005));
#10731=CARTESIAN_POINT('Ctrl Pts',(-10.2449894971733,10.6056709655421,3.005));
#10732=CARTESIAN_POINT('Ctrl Pts',(-10.2438251481918,10.6182102860176,3.005));
#10733=CARTESIAN_POINT('Ctrl Pts',(-10.2414923541232,10.6433330394999,3.005));
#10734=CARTESIAN_POINT('Ctrl Pts',(-10.2253332503328,10.6627136798982,3.005));
#10735=CARTESIAN_POINT('Ctrl Pts',(-10.2172395117169,10.6724210151332,3.005));
#10736=CARTESIAN_POINT('',(-10.1504894621258,10.7001708515781,3.005));
#10737=CARTESIAN_POINT('Ctrl Pts',(-10.2172395117169,10.6724210151332,3.005));
#10738=CARTESIAN_POINT('Ctrl Pts',(-10.2075321891709,10.6805147475914,3.005));
#10739=CARTESIAN_POINT('Ctrl Pts',(-10.1881515564846,10.6966738537807,3.005));
#10740=CARTESIAN_POINT('Ctrl Pts',(-10.1630287970258,10.6990065502488,3.005));
#10741=CARTESIAN_POINT('Ctrl Pts',(-10.1504894621258,10.7001708515781,3.005));
#10742=CARTESIAN_POINT('',(-10.0844894624834,10.6724210151332,3.005));
#10743=CARTESIAN_POINT('Ctrl Pts',(-10.1504894621258,10.7001708515781,3.005));
#10744=CARTESIAN_POINT('Ctrl Pts',(-10.1379987175293,10.6990241509888,3.005));
#10745=CARTESIAN_POINT('Ctrl Pts',(-10.1130683082637,10.6967354391532,3.005));
#10746=CARTESIAN_POINT('Ctrl Pts',(-10.0940027232481,10.6805147449438,3.005));
#10747=CARTESIAN_POINT('Ctrl Pts',(-10.0844894624834,10.6724210151332,3.005));
#10748=CARTESIAN_POINT('Ctrl Pts',(-10.0844894624834,10.6724210151332,3.005));
#10749=CARTESIAN_POINT('Ctrl Pts',(-10.0766144688205,10.6626890809661,3.005));
#10750=CARTESIAN_POINT('Ctrl Pts',(-10.0608324363355,10.6431856111553,3.005));
#10751=CARTESIAN_POINT('Ctrl Pts',(-10.0586052878213,10.6181927632695,3.005));
#10752=CARTESIAN_POINT('Ctrl Pts',(-10.0574894524699,10.6056709655421,3.005));
#10753=CARTESIAN_POINT('',(-9.50998942326357,12.1086709269183,3.005));
#10754=CARTESIAN_POINT('',(-9.41698948811343,12.0261709459918,3.005));
#10755=CARTESIAN_POINT('',(-8.14525059233414,10.8980149480773,3.005));
#10756=CARTESIAN_POINT('',(-9.12748943041613,12.0261709459918,3.005));
#10757=CARTESIAN_POINT('',(-8.56374471520807,12.0261709459918,3.005));
#10758=CARTESIAN_POINT('',(-9.12748943041613,11.876171089043,3.005));
#10759=CARTESIAN_POINT('',(-9.12748943041613,10.1880855445215,3.005));
#10760=CARTESIAN_POINT('',(-10.2374895192271,11.876171089043,3.005));
#10761=CARTESIAN_POINT('',(-9.11874475961353,11.876171089043,3.005));
#10762=CARTESIAN_POINT('',(-10.2374895192271,12.0261709459918,3.005));
#10763=CARTESIAN_POINT('',(-10.2374895192271,10.2630854729959,3.005));
#10764=CARTESIAN_POINT('',(-9.59548945497325,12.0261709459918,3.005));
#10765=CARTESIAN_POINT('',(-8.79774472748662,12.0261709459918,3.005));
#10766=CARTESIAN_POINT('',(-9.92098945151618,12.324671007027,3.005));
#10767=CARTESIAN_POINT('',(-8.44666585207441,10.9726412402282,3.005));
#10768=CARTESIAN_POINT('',(-9.92098945151618,12.4986712702411,3.005));
#10769=CARTESIAN_POINT('',(-9.92098945151618,10.4993356351205,3.005));
#10770=CARTESIAN_POINT('',(-9.60448945831111,12.206171012749,3.005));
#10771=CARTESIAN_POINT('',(-8.24813159138542,10.9526637968102,3.005));
#10772=CARTESIAN_POINT('',(-9.12748943041613,12.5511710413593,3.005));
#10773=CARTESIAN_POINT('',(-9.71923621334096,12.1231780746921,3.005));
#10774=CARTESIAN_POINT('',(-9.12748943041613,12.3816709288257,3.005));
#10775=CARTESIAN_POINT('',(-9.12748943041613,10.4408354644128,3.005));
#10776=CARTESIAN_POINT('',(-9.86298007304656,11.856732495896,3.005));
#10777=CARTESIAN_POINT('',(-9.55948944162181,13.3071707256931,3.005));
#10778=CARTESIAN_POINT('',(-9.47398940991213,13.3026705750125,3.005));
#10779=CARTESIAN_POINT('Ctrl Pts',(-9.55948944162181,13.3071707256931,3.005));
#10780=CARTESIAN_POINT('Ctrl Pts',(-9.54384942172862,13.3070656004667,3.005));
#10781=CARTESIAN_POINT('Ctrl Pts',(-9.51527663928435,13.3068735469884,3.005));
#10782=CARTESIAN_POINT('Ctrl Pts',(-9.48685414723634,13.3039801840919,3.005));
#10783=CARTESIAN_POINT('Ctrl Pts',(-9.47398940991213,13.3026705750125,3.005));
#10784=CARTESIAN_POINT('',(-9.47398940991213,12.771670676102,3.005));
#10785=CARTESIAN_POINT('',(-9.47398940991213,10.635835338051,3.005));
#10786=CARTESIAN_POINT('',(-9.22798941801837,13.0041705139774,3.005));
#10787=CARTESIAN_POINT('Ctrl Pts',(-9.47398940991213,12.771670676102,3.005));
#10788=CARTESIAN_POINT('Ctrl Pts',(-9.40225852707647,12.7812858616132,3.005));
#10789=CARTESIAN_POINT('Ctrl Pts',(-9.26298911726802,12.7999542671646,3.005));
#10790=CARTESIAN_POINT('Ctrl Pts',(-9.23941948288243,12.9374783709759,3.005));
#10791=CARTESIAN_POINT('Ctrl Pts',(-9.22798941801837,13.0041705139774,3.005));
#10792=CARTESIAN_POINT('',(-9.2452394492512,13.1114207276004,3.005));
#10793=CARTESIAN_POINT('Ctrl Pts',(-9.22798941801837,13.0041705139774,3.005));
#10794=CARTESIAN_POINT('Ctrl Pts',(-9.2285243535316,13.0235081040391,3.005));
#10795=CARTESIAN_POINT('Ctrl Pts',(-9.22953510394948,13.060046110494,3.005));
#10796=CARTESIAN_POINT('Ctrl Pts',(-9.24021285442284,13.0949769103196,3.005));
#10797=CARTESIAN_POINT('Ctrl Pts',(-9.2452394492512,13.1114207276004,3.005));
#10798=CARTESIAN_POINT('',(-9.29548944305232,13.2156710394519,3.005));
#10799=CARTESIAN_POINT('Ctrl Pts',(-9.2452394492512,13.1114207276004,3.005));
#10800=CARTESIAN_POINT('Ctrl Pts',(-9.25202443770791,13.1278658789784,3.005));
#10801=CARTESIAN_POINT('Ctrl Pts',(-9.26675942110357,13.1635798723094,3.005));
#10802=CARTESIAN_POINT('Ctrl Pts',(-9.28542095077873,13.1974155882437,3.005));
#10803=CARTESIAN_POINT('Ctrl Pts',(-9.29548944305232,13.2156710394519,3.005));
#10804=CARTESIAN_POINT('',(-9.20248935889056,13.2726709612506,3.005));
#10805=CARTESIAN_POINT('',(-9.82862649213215,12.8889103662821,3.005));
#10806=CARTESIAN_POINT('',(-9.13573945831111,13.1489209898608,3.005));
#10807=CARTESIAN_POINT('Ctrl Pts',(-9.20248935889056,13.2726709612506,3.005));
#10808=CARTESIAN_POINT('Ctrl Pts',(-9.18941001805349,13.2542757158585,3.005));
#10809=CARTESIAN_POINT('Ctrl Pts',(-9.16205511600732,13.215802818632,3.005));
#10810=CARTESIAN_POINT('Ctrl Pts',(-9.14476339782138,13.1718555326389,3.005));
#10811=CARTESIAN_POINT('Ctrl Pts',(-9.13573945831111,13.1489209898608,3.005));
#10812=CARTESIAN_POINT('',(-9.10948942374041,12.9951708086627,3.005));
#10813=CARTESIAN_POINT('Ctrl Pts',(-9.13573945831111,13.1489209898608,3.005));
#10814=CARTESIAN_POINT('Ctrl Pts',(-9.12808348153705,13.1241712498758,3.005));
#10815=CARTESIAN_POINT('Ctrl Pts',(-9.11258845625355,13.0740799475969,3.005));
#10816=CARTESIAN_POINT('Ctrl Pts',(-9.11053053925322,13.0216802203254,3.005));
#10817=CARTESIAN_POINT('Ctrl Pts',(-9.10948942374041,12.9951708086627,3.005));
#10818=CARTESIAN_POINT('',(-9.15748949121287,12.7971707352298,3.005));
#10819=CARTESIAN_POINT('Ctrl Pts',(-9.10948942374041,12.9951708086627,3.005));
#10820=CARTESIAN_POINT('Ctrl Pts',(-9.11112183316755,12.9590826400026,3.005));
#10821=CARTESIAN_POINT('Ctrl Pts',(-9.11425191178634,12.8898850457984,3.005));
#10822=CARTESIAN_POINT('Ctrl Pts',(-9.14349659590373,12.8271756906101,3.005));
#10823=CARTESIAN_POINT('Ctrl Pts',(-9.15748949121287,12.7971707352298,3.005));
#10824=CARTESIAN_POINT('',(-9.29098944138339,12.6689206131595,3.005));
#10825=CARTESIAN_POINT('Ctrl Pts',(-9.15748949121287,12.7971707352298,3.005));
#10826=CARTESIAN_POINT('Ctrl Pts',(-9.17503330790703,12.770836747696,3.005));
#10827=CARTESIAN_POINT('Ctrl Pts',(-9.21007511393009,12.7182375613808,3.005));
#10828=CARTESIAN_POINT('Ctrl Pts',(-9.26404152449775,12.6853452571447,3.005));
#10829=CARTESIAN_POINT('Ctrl Pts',(-9.29098944138339,12.6689206131595,3.005));
#10830=CARTESIAN_POINT('',(-9.48448943864157,12.6246707209247,3.005));
#10831=CARTESIAN_POINT('Ctrl Pts',(-9.29098944138339,12.6689206131595,3.005));
#10832=CARTESIAN_POINT('Ctrl Pts',(-9.32093652426165,12.6560176813685,3.005));
#10833=CARTESIAN_POINT('Ctrl Pts',(-9.38268057046243,12.6294147825196,3.005));
#10834=CARTESIAN_POINT('Ctrl Pts',(-9.44988202031354,12.6262833478709,3.005));
#10835=CARTESIAN_POINT('Ctrl Pts',(-9.48448943864157,12.6246707209247,3.005));
#10836=CARTESIAN_POINT('',(-9.56548939417651,12.6246707209247,3.005));
#10837=CARTESIAN_POINT('',(-8.78274469708825,12.6246707209247,3.005));
#10838=CARTESIAN_POINT('',(-9.75598948966315,12.6666705378192,3.005));
#10839=CARTESIAN_POINT('Ctrl Pts',(-9.56548939417651,12.6246707209247,3.005));
#10840=CARTESIAN_POINT('Ctrl Pts',(-9.59929674554306,12.6262367808643,3.005));
#10841=CARTESIAN_POINT('Ctrl Pts',(-9.66524353729299,12.6292916380042,3.005));
#10842=CARTESIAN_POINT('Ctrl Pts',(-9.72625520318072,12.654422774845,3.005));
#10843=CARTESIAN_POINT('Ctrl Pts',(-9.75598948966315,12.6666705378192,3.005));
#10844=CARTESIAN_POINT('',(-9.89023948978236,12.7874206074374,3.005));
#10845=CARTESIAN_POINT('Ctrl Pts',(-9.75598948966315,12.6666705378192,3.005));
#10846=CARTESIAN_POINT('Ctrl Pts',(-9.78289656939573,12.6821027990228,3.005));
#10847=CARTESIAN_POINT('Ctrl Pts',(-9.83631241465267,12.7127388726735,3.005));
#10848=CARTESIAN_POINT('Ctrl Pts',(-9.87235338216103,12.7626507577446,3.005));
#10849=CARTESIAN_POINT('Ctrl Pts',(-9.89023948978236,12.7874206074374,3.005));
#10850=CARTESIAN_POINT('',(-9.9389894581919,12.9726706513065,3.005));
#10851=CARTESIAN_POINT('Ctrl Pts',(-9.89023948978236,12.7874206074374,3.005));
#10852=CARTESIAN_POINT('Ctrl Pts',(-9.90445288021891,12.8154386727359,3.005));
#10853=CARTESIAN_POINT('Ctrl Pts',(-9.93396950729972,12.8736231564897,3.005));
#10854=CARTESIAN_POINT('Ctrl Pts',(-9.93727545261355,12.9388520020241,3.005));
#10855=CARTESIAN_POINT('Ctrl Pts',(-9.9389894581919,12.9726706513065,3.005));
#10856=CARTESIAN_POINT('',(-9.83998942147544,13.2179205187457,3.005));
#10857=CARTESIAN_POINT('Ctrl Pts',(-9.9389894581919,12.9726706513065,3.005));
#10858=CARTESIAN_POINT('Ctrl Pts',(-9.9356551679056,13.0211494192609,3.005));
#10859=CARTESIAN_POINT('Ctrl Pts',(-9.92927236994708,13.1139518313373,3.005));
#10860=CARTESIAN_POINT('Ctrl Pts',(-9.86884860217335,13.1843144249932,3.005));
#10861=CARTESIAN_POINT('Ctrl Pts',(-9.83998942147544,13.2179205187457,3.005));
#10862=CARTESIAN_POINT('Ctrl Pts',(-9.83998942147544,13.2179205187457,3.005));
#10863=CARTESIAN_POINT('Ctrl Pts',(-9.80134679118299,13.2439028271373,3.005));
#10864=CARTESIAN_POINT('Ctrl Pts',(-9.71691949512825,13.3006695644467,3.005));
#10865=CARTESIAN_POINT('Ctrl Pts',(-9.61484443574178,13.3048848105546,3.005));
#10866=CARTESIAN_POINT('Ctrl Pts',(-9.55948944162181,13.3071707256931,3.005));
#10867=CARTESIAN_POINT('',(-12.0188515906629,8.26973336121109,3.005));
#10868=CARTESIAN_POINT('',(-12.0794960384664,7.93355169078376,3.005));
#10869=CARTESIAN_POINT('',(-11.9657308377926,8.5642075312482,3.005));
#10870=CARTESIAN_POINT('',(-12.3800819640454,8.12866898557212,3.005));
#10871=CARTESIAN_POINT('Ctrl Pts',(-12.0794960384664,7.93355169078376,3.005));
#10872=CARTESIAN_POINT('Ctrl Pts',(-12.1416545367457,7.95433347694288,3.005));
#10873=CARTESIAN_POINT('Ctrl Pts',(-12.2589909777697,7.9935632024597,3.005));
#10874=CARTESIAN_POINT('Ctrl Pts',(-12.3413515616195,8.08545601397983,3.005));
#10875=CARTESIAN_POINT('Ctrl Pts',(-12.3800819640454,8.12866898557212,3.005));
#10876=CARTESIAN_POINT('',(-12.4776406114396,8.53999706288841,3.005));
#10877=CARTESIAN_POINT('Ctrl Pts',(-12.3800819640454,8.12866898557212,3.005));
#10878=CARTESIAN_POINT('Ctrl Pts',(-12.4084231582885,8.18500083205114,3.005));
#10879=CARTESIAN_POINT('Ctrl Pts',(-12.473225291775,8.31380358481343,3.005));
#10880=CARTESIAN_POINT('Ctrl Pts',(-12.4760508245836,8.45855348786129,3.005));
#10881=CARTESIAN_POINT('Ctrl Pts',(-12.4776406114396,8.53999706288841,3.005));
#10882=CARTESIAN_POINT('',(-12.4189735477265,8.90913786670234,3.005));
#10883=CARTESIAN_POINT('Ctrl Pts',(-12.4776406114396,8.53999706288841,3.005));
#10884=CARTESIAN_POINT('Ctrl Pts',(-12.4771004095989,8.61283146285173,3.005));
#10885=CARTESIAN_POINT('Ctrl Pts',(-12.4761635237982,8.73915001637521,3.005));
#10886=CARTESIAN_POINT('Ctrl Pts',(-12.4359852908306,8.85857324263343,3.005));
#10887=CARTESIAN_POINT('Ctrl Pts',(-12.4189735477265,8.90913786670234,3.005));
#10888=CARTESIAN_POINT('',(-12.2699991141853,9.07986523887184,3.005));
#10889=CARTESIAN_POINT('Ctrl Pts',(-12.4189735477265,8.90913786670234,3.005));
#10890=CARTESIAN_POINT('Ctrl Pts',(-12.3993324787332,8.94585760062106,3.005));
#10891=CARTESIAN_POINT('Ctrl Pts',(-12.362681315217,9.01437836049333,3.005));
#10892=CARTESIAN_POINT('Ctrl Pts',(-12.2993784663985,9.05910653823878,3.005));
#10893=CARTESIAN_POINT('Ctrl Pts',(-12.2699991141853,9.07986523887184,3.005));
#10894=CARTESIAN_POINT('',(-11.9384316628274,9.12930371543434,3.005));
#10895=CARTESIAN_POINT('Ctrl Pts',(-12.2699991141853,9.07986523887184,3.005));
#10896=CARTESIAN_POINT('Ctrl Pts',(-12.2276476499433,9.09413550007866,3.005));
#10897=CARTESIAN_POINT('Ctrl Pts',(-12.1205181167561,9.13023263270228,3.005));
#10898=CARTESIAN_POINT('Ctrl Pts',(-12.0070453176063,9.12965374920877,3.005));
#10899=CARTESIAN_POINT('Ctrl Pts',(-11.9384316628274,9.12930371543434,3.005));
#10900=CARTESIAN_POINT('',(-11.5060097997483,9.12534864923027,3.005));
#10901=CARTESIAN_POINT('',(-9.75029195696116,9.10929030228535,3.005));
#10902=CARTESIAN_POINT('',(-11.233768564969,9.1431465961602,3.005));
#10903=CARTESIAN_POINT('Ctrl Pts',(-11.5060097997483,9.12534864923027,3.005));
#10904=CARTESIAN_POINT('Ctrl Pts',(-11.4524568083696,9.12540731996377,3.005));
#10905=CARTESIAN_POINT('Ctrl Pts',(-11.3612817884037,9.12550720804026,3.005));
#10906=CARTESIAN_POINT('Ctrl Pts',(-11.2710155841453,9.13799407464232,3.005));
#10907=CARTESIAN_POINT('Ctrl Pts',(-11.233768564969,9.1431465961602,3.005));
#10908=CARTESIAN_POINT('',(-11.0459023242292,9.20972349425819,3.005));
#10909=CARTESIAN_POINT('Ctrl Pts',(-11.233768564969,9.1431465961602,3.005));
#10910=CARTESIAN_POINT('Ctrl Pts',(-11.2031925584713,9.15078032718408,3.005));
#10911=CARTESIAN_POINT('Ctrl Pts',(-11.1384571005638,9.16694244676668,3.005));
#10912=CARTESIAN_POINT('Ctrl Pts',(-11.0778718199977,9.19494642309108,3.005));
#10913=CARTESIAN_POINT('Ctrl Pts',(-11.0459023242292,9.20972349425819,3.005));
#10914=CARTESIAN_POINT('',(-11.0459023242292,8.84321989795234,3.005));
#10915=CARTESIAN_POINT('',(-11.0459023242292,8.67160994897617,3.005));
#10916=CARTESIAN_POINT('',(-11.1553261702356,8.80762400409248,3.005));
#10917=CARTESIAN_POINT('Ctrl Pts',(-11.0459023242292,8.84321989795234,3.005));
#10918=CARTESIAN_POINT('Ctrl Pts',(-11.0611281886208,8.83769951961804,3.005));
#10919=CARTESIAN_POINT('Ctrl Pts',(-11.0972033546199,8.82461989670366,3.005));
#10920=CARTESIAN_POINT('Ctrl Pts',(-11.1340379586106,8.81384896334178,3.005));
#10921=CARTESIAN_POINT('Ctrl Pts',(-11.1553261702356,8.80762400409248,3.005));
#10922=CARTESIAN_POINT('',(-11.1988320474919,8.79444064876106,3.005));
#10923=CARTESIAN_POINT('Ctrl Pts',(-11.1553261702356,8.80762400409248,3.005));
#10924=CARTESIAN_POINT('Ctrl Pts',(-11.1644746725684,8.80508424601251,3.005));
#10925=CARTESIAN_POINT('Ctrl Pts',(-11.179081106418,8.80102928630001,3.005));
#10926=CARTESIAN_POINT('Ctrl Pts',(-11.1934593740081,8.79623289744773,3.005));
#10927=CARTESIAN_POINT('Ctrl Pts',(-11.1988320474919,8.79444064876106,3.005));
#10928=CARTESIAN_POINT('',(-11.0604042833146,8.59141322156456,3.005));
#10929=CARTESIAN_POINT('Ctrl Pts',(-11.1988320474919,8.79444064876106,3.005));
#10930=CARTESIAN_POINT('Ctrl Pts',(-11.1702456339616,8.76283297445668,3.005));
#10931=CARTESIAN_POINT('Ctrl Pts',(-11.1147631831617,8.70148665577177,3.005));
#10932=CARTESIAN_POINT('Ctrl Pts',(-11.0781521083898,8.62735147751225,3.005));
#10933=CARTESIAN_POINT('Ctrl Pts',(-11.0604042833146,8.59141322156456,3.005));
#10934=CARTESIAN_POINT('',(-11.014261645585,8.36070033093956,3.005));
#10935=CARTESIAN_POINT('Ctrl Pts',(-11.0604042833146,8.59141322156456,3.005));
#10936=CARTESIAN_POINT('Ctrl Pts',(-11.0469464268512,8.55455621475464,3.005));
#10937=CARTESIAN_POINT('Ctrl Pts',(-11.0197347889766,8.48003175202282,3.005));
#10938=CARTESIAN_POINT('Ctrl Pts',(-11.0160992056333,8.40076481238965,3.005));
#10939=CARTESIAN_POINT('Ctrl Pts',(-11.014261645585,8.36070033093956,3.005));
#10940=CARTESIAN_POINT('',(-11.1315956239995,8.01990436693695,3.005));
#10941=CARTESIAN_POINT('Ctrl Pts',(-11.014261645585,8.36070033093956,3.005));
#10942=CARTESIAN_POINT('Ctrl Pts',(-11.0177536426075,8.29401165864035,3.005));
#10943=CARTESIAN_POINT('Ctrl Pts',(-11.024313127547,8.16874140818914,3.005));
#10944=CARTESIAN_POINT('Ctrl Pts',(-11.097411694484,8.06732901770203,3.005));
#10945=CARTESIAN_POINT('Ctrl Pts',(-11.1315956239995,8.01990436693695,3.005));
#10946=CARTESIAN_POINT('',(-11.4282264833745,7.89531933447387,3.005));
#10947=CARTESIAN_POINT('Ctrl Pts',(-11.1315956239995,8.01990436693695,3.005));
#10948=CARTESIAN_POINT('Ctrl Pts',(-11.1736736550763,7.98356884948376,3.005));
#10949=CARTESIAN_POINT('Ctrl Pts',(-11.258954881782,7.90992620456668,3.005));
#10950=CARTESIAN_POINT('Ctrl Pts',(-11.3713085007495,7.90023092962821,3.005));
#10951=CARTESIAN_POINT('Ctrl Pts',(-11.4282264833745,7.89531933447387,3.005));
#10952=CARTESIAN_POINT('',(-11.6398232703504,7.95200886508491,3.005));
#10953=CARTESIAN_POINT('Ctrl Pts',(-11.4282264833745,7.89531933447387,3.005));
#10954=CARTESIAN_POINT('Ctrl Pts',(-11.4663362183031,7.89745895568972,3.005));
#10955=CARTESIAN_POINT('Ctrl Pts',(-11.540860482254,7.90164302300331,3.005));
#10956=CARTESIAN_POINT('Ctrl Pts',(-11.6073397429685,7.93547679033399,3.005));
#10957=CARTESIAN_POINT('Ctrl Pts',(-11.6398232703504,7.95200886508491,3.005));
#10958=CARTESIAN_POINT('',(-11.7822061007318,8.11087103864219,3.005));
#10959=CARTESIAN_POINT('Ctrl Pts',(-11.6398232703504,7.95200886508491,3.005));
#10960=CARTESIAN_POINT('Ctrl Pts',(-11.6690808846932,7.97298558418505,3.005));
#10961=CARTESIAN_POINT('Ctrl Pts',(-11.7282522725993,8.01540946633508,3.005));
#10962=CARTESIAN_POINT('Ctrl Pts',(-11.7640890252166,8.07881613958957,3.005));
#10963=CARTESIAN_POINT('Ctrl Pts',(-11.7822061007318,8.11087103864219,3.005));
#10964=CARTESIAN_POINT('',(-11.8685586278733,8.40552451392677,3.005));
#10965=CARTESIAN_POINT('Ctrl Pts',(-11.7822061007318,8.11087103864219,3.005));
#10966=CARTESIAN_POINT('Ctrl Pts',(-11.7987796144446,8.15211053200155,3.005));
#10967=CARTESIAN_POINT('Ctrl Pts',(-11.8370944335503,8.24744841601676,3.005));
#10968=CARTESIAN_POINT('Ctrl Pts',(-11.8571680717322,8.34829836507561,3.005));
#10969=CARTESIAN_POINT('Ctrl Pts',(-11.8685586278733,8.40552451392677,3.005));
#10970=CARTESIAN_POINT('',(-11.9595254485902,8.76543643256691,3.005));
#10971=CARTESIAN_POINT('Ctrl Pts',(-11.8685586278733,8.40552451392677,3.005));
#10972=CARTESIAN_POINT('Ctrl Pts',(-11.8822507187797,8.47933423941288,3.005));
#10973=CARTESIAN_POINT('Ctrl Pts',(-11.9048812637781,8.60132833990186,3.005));
#10974=CARTESIAN_POINT('Ctrl Pts',(-11.9440534807922,8.71897082723624,3.005));
#10975=CARTESIAN_POINT('Ctrl Pts',(-11.9595254485902,8.76543643256691,3.005));
#10976=CARTESIAN_POINT('',(-11.9964394991693,8.76543643256691,3.005));
#10977=CARTESIAN_POINT('',(-9.99821974958463,8.76543643256691,3.005));
#10978=CARTESIAN_POINT('',(-12.1487099950608,8.71270211717155,3.005));
#10979=CARTESIAN_POINT('Ctrl Pts',(-11.9964394991693,8.76543643256691,3.005));
#10980=CARTESIAN_POINT('Ctrl Pts',(-12.0282335699975,8.7645151542927,3.005));
#10981=CARTESIAN_POINT('Ctrl Pts',(-12.0849862120905,8.76287066603428,3.005));
#10982=CARTESIAN_POINT('Ctrl Pts',(-12.1292456582438,8.72802602744762,3.005));
#10983=CARTESIAN_POINT('Ctrl Pts',(-12.1487099950608,8.71270211717155,3.005));
#10984=CARTESIAN_POINT('',(-12.1941934054193,8.51363005420234,3.005));
#10985=CARTESIAN_POINT('Ctrl Pts',(-12.1487099950608,8.71270211717155,3.005));
#10986=CARTESIAN_POINT('Ctrl Pts',(-12.1618570447925,8.687790054382,3.005));
#10987=CARTESIAN_POINT('Ctrl Pts',(-12.194459903354,8.62601159638743,3.005));
#10988=CARTESIAN_POINT('Ctrl Pts',(-12.1942930032986,8.55563024188129,3.005));
#10989=CARTESIAN_POINT('Ctrl Pts',(-12.1941934054193,8.51363005420234,3.005));
#10990=CARTESIAN_POINT('',(-12.1553018217382,8.35938187619712,3.005));
#10991=CARTESIAN_POINT('Ctrl Pts',(-12.1941934054193,8.51363005420234,3.005));
#10992=CARTESIAN_POINT('Ctrl Pts',(-12.1933323944351,8.48365729026794,3.005));
#10993=CARTESIAN_POINT('Ctrl Pts',(-12.1917674434612,8.42917958095259,3.005));
#10994=CARTESIAN_POINT('Ctrl Pts',(-12.1666155471636,8.38103712378692,3.005));
#10995=CARTESIAN_POINT('Ctrl Pts',(-12.1553018217382,8.35938187619712,3.005));
#10996=CARTESIAN_POINT('Ctrl Pts',(-12.1553018217382,8.35938187619712,3.005));
#10997=CARTESIAN_POINT('Ctrl Pts',(-12.1383836243243,8.34131247170722,3.005));
#10998=CARTESIAN_POINT('Ctrl Pts',(-12.1002777388113,8.30061365244562,3.005));
#10999=CARTESIAN_POINT('Ctrl Pts',(-12.0479480293658,8.28076797996028,3.005));
#11000=CARTESIAN_POINT('Ctrl Pts',(-12.0188515906629,8.26973336121109,3.005));
#11001=CARTESIAN_POINT('',(-11.0459023242292,14.2643136002686,3.005));
#11002=CARTESIAN_POINT('',(-11.0459023242292,13.8938546397355,3.005));
#11003=CARTESIAN_POINT('',(-11.0459023242292,11.1969273198677,3.005));
#11004=CARTESIAN_POINT('',(-12.442045015603,13.8938546397355,3.005));
#11005=CARTESIAN_POINT('',(-10.2210225078015,13.8938546397355,3.005));
#11006=CARTESIAN_POINT('',(-12.1612344210443,13.4152901389268,3.005));
#11007=CARTESIAN_POINT('Ctrl Pts',(-12.442045015603,13.8938546397355,3.005));
#11008=CARTESIAN_POINT('Ctrl Pts',(-12.3827196357886,13.8226571345066,3.005));
#11009=CARTESIAN_POINT('Ctrl Pts',(-12.2627336345883,13.6786596755002,3.005));
#11010=CARTESIAN_POINT('Ctrl Pts',(-12.1953175678843,13.5037288792362,3.005));
#11011=CARTESIAN_POINT('Ctrl Pts',(-12.1612344210443,13.4152901389268,3.005));
#11012=CARTESIAN_POINT('',(-12.4974160914716,13.4152901389268,3.005));
#11013=CARTESIAN_POINT('',(-10.2487080457358,13.4152901389268,3.005));
#11014=CARTESIAN_POINT('',(-12.6773720507917,13.7303781726029,3.005));
#11015=CARTESIAN_POINT('Ctrl Pts',(-12.4974160914716,13.4152901389268,3.005));
#11016=CARTESIAN_POINT('Ctrl Pts',(-12.5184498769239,13.4667685660262,3.005));
#11017=CARTESIAN_POINT('Ctrl Pts',(-12.5645488819102,13.5795920172745,3.005));
#11018=CARTESIAN_POINT('Ctrl Pts',(-12.6376338604917,13.6772687891807,3.005));
#11019=CARTESIAN_POINT('Ctrl Pts',(-12.6773720507917,13.7303781726029,3.005));
#11020=CARTESIAN_POINT('',(-12.9865273361501,13.9637279727128,3.005));
#11021=CARTESIAN_POINT('Ctrl Pts',(-12.6773720507917,13.7303781726029,3.005));
#11022=CARTESIAN_POINT('Ctrl Pts',(-12.7222170709646,13.7821880085939,3.005));
#11023=CARTESIAN_POINT('Ctrl Pts',(-12.8087258770555,13.8821323733878,3.005));
#11024=CARTESIAN_POINT('Ctrl Pts',(-12.9287311894738,13.9372045051848,3.005));
#11025=CARTESIAN_POINT('Ctrl Pts',(-12.9865273361501,13.9637279727128,3.005));
#11026=CARTESIAN_POINT('',(-12.9865273361501,14.2643136002686,3.005));
#11027=CARTESIAN_POINT('',(-12.9865273361501,11.3821568001343,3.005));
#11028=CARTESIAN_POINT('',(-9.52295116211458,14.2643136002686,3.005));
#11029=CARTESIAN_POINT('',(-11.0459023242292,6.04697944900062,3.005));
#11030=CARTESIAN_POINT('',(-12.9786172037419,6.04697944900062,3.005));
#11031=CARTESIAN_POINT('',(-10.489308601871,6.04697944900062,3.005));
#11032=CARTESIAN_POINT('',(-12.9786172037419,6.86831737240818,3.005));
#11033=CARTESIAN_POINT('',(-12.9786172037419,7.68415868620409,3.005));
#11034=CARTESIAN_POINT('',(-12.9265421157178,7.31853710791137,3.005));
#11035=CARTESIAN_POINT('Ctrl Pts',(-12.9786172037419,6.86831737240818,3.005));
#11036=CARTESIAN_POINT('Ctrl Pts',(-12.9784929500791,6.95802077643105,3.005));
#11037=CARTESIAN_POINT('Ctrl Pts',(-12.978281979162,7.11032863585582,3.005));
#11038=CARTESIAN_POINT('Ctrl Pts',(-12.9416140578543,7.2578854974459,3.005));
#11039=CARTESIAN_POINT('Ctrl Pts',(-12.9265421157178,7.31853710791137,3.005));
#11040=CARTESIAN_POINT('',(-12.7413124864396,7.54331739923027,3.005));
#11041=CARTESIAN_POINT('Ctrl Pts',(-12.9265421157178,7.31853710791137,3.005));
#11042=CARTESIAN_POINT('Ctrl Pts',(-12.9055043305898,7.36319338446942,3.005));
#11043=CARTESIAN_POINT('Ctrl Pts',(-12.8628360967113,7.45376396691069,3.005));
#11044=CARTESIAN_POINT('Ctrl Pts',(-12.7821937318474,7.5131911066063,3.005));
#11045=CARTESIAN_POINT('Ctrl Pts',(-12.7413124864396,7.54331739923027,3.005));
#11046=CARTESIAN_POINT('',(-12.4367714946565,7.6276923932698,3.005));
#11047=CARTESIAN_POINT('Ctrl Pts',(-12.7413124864396,7.54331739923027,3.005));
#11048=CARTESIAN_POINT('Ctrl Pts',(-12.6947269745894,7.56792336806322,3.005));
#11049=CARTESIAN_POINT('Ctrl Pts',(-12.5994418680508,7.61825194166068,3.005));
#11050=CARTESIAN_POINT('Ctrl Pts',(-12.4917910987158,7.62449937232299,3.005));
#11051=CARTESIAN_POINT('Ctrl Pts',(-12.4367714946565,7.6276923932698,3.005));
#11052=CARTESIAN_POINT('',(-12.0775186543759,7.49981152197387,3.005));
#11053=CARTESIAN_POINT('Ctrl Pts',(-12.4367714946565,7.6276923932698,3.005));
#11054=CARTESIAN_POINT('Ctrl Pts',(-12.3683450843513,7.6231763878663,3.005));
#11055=CARTESIAN_POINT('Ctrl Pts',(-12.2362588268907,7.61445896063667,3.005));
#11056=CARTESIAN_POINT('Ctrl Pts',(-12.1291435648156,7.53709675141103,3.005));
#11057=CARTESIAN_POINT('Ctrl Pts',(-12.0775186543759,7.49981152197387,3.005));
#11058=CARTESIAN_POINT('',(-11.8988808517751,7.11748721381691,3.005));
#11059=CARTESIAN_POINT('Ctrl Pts',(-12.0775186543759,7.49981152197387,3.005));
#11060=CARTESIAN_POINT('Ctrl Pts',(-12.0342745774888,7.44893413744308,3.005));
#11061=CARTESIAN_POINT('Ctrl Pts',(-11.9401868570468,7.33823835024777,3.005));
#11062=CARTESIAN_POINT('Ctrl Pts',(-11.9133714889346,7.19492933390395,3.005));
#11063=CARTESIAN_POINT('Ctrl Pts',(-11.8988808517751,7.11748721381691,3.005));
#11064=CARTESIAN_POINT('',(-11.7367226903733,7.32644724031952,3.005));
#11065=CARTESIAN_POINT('Ctrl Pts',(-11.8988808517751,7.11748721381691,3.005));
#11066=CARTESIAN_POINT('Ctrl Pts',(-11.8744579610702,7.15708482274679,3.005));
#11067=CARTESIAN_POINT('Ctrl Pts',(-11.8278889533353,7.232588635085,3.005));
#11068=CARTESIAN_POINT('Ctrl Pts',(-11.7661045584213,7.29619766043578,3.005));
#11069=CARTESIAN_POINT('Ctrl Pts',(-11.7367226903733,7.32644724031952,3.005));
#11070=CARTESIAN_POINT('',(-11.4229531114396,7.54859077116516,3.005));
#11071=CARTESIAN_POINT('Ctrl Pts',(-11.7367226903733,7.32644724031952,3.005));
#11072=CARTESIAN_POINT('Ctrl Pts',(-11.6963929607601,7.35944083083591,3.005));
#11073=CARTESIAN_POINT('Ctrl Pts',(-11.5970232809135,7.44073476853493,3.005));
#11074=CARTESIAN_POINT('Ctrl Pts',(-11.4878298120396,7.50839237524416,3.005));
#11075=CARTESIAN_POINT('Ctrl Pts',(-11.4229531114396,7.54859077116516,3.005));
#11076=CARTESIAN_POINT('',(-11.0459023242292,7.78457718273666,3.005));
#11077=CARTESIAN_POINT('',(-9.79073950260266,8.57015138191812,3.005));
#11078=CARTESIAN_POINT('',(-11.0459023242292,7.31787788054016,3.005));
#11079=CARTESIAN_POINT('',(-11.0459023242292,7.90893894027008,3.005));
#11080=CARTESIAN_POINT('',(-11.466458988696,7.03574905475643,3.005));
#11081=CARTESIAN_POINT('',(-9.93244518359879,8.06483633391478,3.005));
#11082=CARTESIAN_POINT('',(-11.7505654220876,6.83008494159248,3.005));
#11083=CARTESIAN_POINT('Ctrl Pts',(-11.466458988696,7.03574905475643,3.005));
#11084=CARTESIAN_POINT('Ctrl Pts',(-11.5286102361818,6.99478552937897,3.005));
#11085=CARTESIAN_POINT('Ctrl Pts',(-11.6263574912313,6.93036088265385,3.005));
#11086=CARTESIAN_POINT('Ctrl Pts',(-11.7174080929538,6.85685362181319,3.005));
#11087=CARTESIAN_POINT('Ctrl Pts',(-11.7505654220876,6.83008494159248,3.005));
#11088=CARTESIAN_POINT('',(-11.8309853499231,6.71275096317794,3.005));
#11089=CARTESIAN_POINT('Ctrl Pts',(-11.7505654220876,6.83008494159248,3.005));
#11090=CARTESIAN_POINT('Ctrl Pts',(-11.7683579563577,6.81196618323629,3.005));
#11091=CARTESIAN_POINT('Ctrl Pts',(-11.8021369014622,6.77756790502672,3.005));
#11092=CARTESIAN_POINT('Ctrl Pts',(-11.8217181972959,6.73357248131793,3.005));
#11093=CARTESIAN_POINT('Ctrl Pts',(-11.8309853499231,6.71275096317794,3.005));
#11094=CARTESIAN_POINT('',(-11.8527382140454,6.51631536265876,3.005));
#11095=CARTESIAN_POINT('Ctrl Pts',(-11.8309853499231,6.71275096317794,3.005));
#11096=CARTESIAN_POINT('Ctrl Pts',(-11.8372825095186,6.68616110702233,3.005));
#11097=CARTESIAN_POINT('Ctrl Pts',(-11.8525531089605,6.6216807589525,3.005));
#11098=CARTESIAN_POINT('Ctrl Pts',(-11.8526697011493,6.55531422890748,3.005));
#11099=CARTESIAN_POINT('Ctrl Pts',(-11.8527382140454,6.51631536265876,3.005));
#11100=CARTESIAN_POINT('',(-11.8527382140454,6.43721385231283,3.005));
#11101=CARTESIAN_POINT('',(-11.8527382140454,7.46860692615641,3.005));
#11102=CARTESIAN_POINT('',(-11.0459023242292,6.43721385231283,3.005));
#11103=CARTESIAN_POINT('',(-9.52295116211458,6.43721385231283,3.005));
#11104=CARTESIAN_POINT('',(-11.0459023242292,7.27348972450031,3.005));
#11105=CARTESIAN_POINT('Origin',(-11.5504690778294,2.96873896594704,3.005));
#11106=CARTESIAN_POINT('',(-11.6843190562764,2.96873896594704,3.005));
#11107=CARTESIAN_POINT('',(-11.5504690778294,2.96873896594705,3.005));
#11108=CARTESIAN_POINT('',(-9.77523453891471,2.96873896594704,3.005));
#11109=CARTESIAN_POINT('',(-11.6843190562764,2.96873896594704,3.03));
#11110=CARTESIAN_POINT('',(-11.6843190562764,2.96873896594704,3.005));
#11111=CARTESIAN_POINT('',(-11.5504690778294,2.96873896594705,3.03));
#11112=CARTESIAN_POINT('',(-11.5504690778294,2.96873896594704,3.03));
#11113=CARTESIAN_POINT('',(-11.5504690778294,2.96873896594705,3.005));
#11114=CARTESIAN_POINT('Origin',(-11.5504690778294,3.61816822763146,3.005));
#11115=CARTESIAN_POINT('',(-11.5504690778294,3.61816822763146,3.005));
#11116=CARTESIAN_POINT('',(-11.5504690778294,6.05908411381573,3.005));
#11117=CARTESIAN_POINT('',(-11.5504690778294,3.61816822763146,3.03));
#11118=CARTESIAN_POINT('',(-11.5504690778294,3.61816822763146,3.03));
#11119=CARTESIAN_POINT('',(-11.5504690778294,3.61816822763146,3.005));
#11120=CARTESIAN_POINT('Origin',(-11.6843190562764,3.61816822763146,3.005));
#11121=CARTESIAN_POINT('',(-11.6843190562764,3.61816822763146,3.005));
#11122=CARTESIAN_POINT('',(-9.84215952813819,3.61816822763146,3.005));
#11123=CARTESIAN_POINT('',(-11.6843190562764,3.61816822763146,3.03));
#11124=CARTESIAN_POINT('',(-11.6843190562764,3.61816822763146,3.03));
#11125=CARTESIAN_POINT('',(-11.6843190562764,3.61816822763146,3.005));
#11126=CARTESIAN_POINT('Origin',(-11.6843190562764,2.96873896594704,3.005));
#11127=CARTESIAN_POINT('',(-11.6843190562764,5.73436948297352,3.005));
#11128=CARTESIAN_POINT('',(-11.6843190562764,2.96873896594704,3.03));
#11129=CARTESIAN_POINT('Origin',(-13.1317679357567,3.42638812239827,3.005));
#11130=CARTESIAN_POINT('',(-13.1317679357567,3.12842979307832,3.005));
#11131=CARTESIAN_POINT('',(-13.1317679357567,3.42638812239827,3.005));
#11132=CARTESIAN_POINT('',(-13.1317679357567,5.96319406119914,3.005));
#11133=CARTESIAN_POINT('',(-13.1317679357567,3.12842979307832,3.03));
#11134=CARTESIAN_POINT('',(-13.1317679357567,3.12842979307832,3.005));
#11135=CARTESIAN_POINT('',(-13.1317679357567,3.42638812239827,3.03));
#11136=CARTESIAN_POINT('',(-13.1317679357567,3.12842979307832,3.03));
#11137=CARTESIAN_POINT('',(-13.1317679357567,3.42638812239827,3.005));
#11138=CARTESIAN_POINT('Origin',(-10.9848791134396,3.91521125312508,3.005));
#11139=CARTESIAN_POINT('',(-10.9848791134396,3.91521125312508,3.005));
#11140=CARTESIAN_POINT('',(-9.06977008703512,4.35126065644717,3.005));
#11141=CARTESIAN_POINT('',(-10.9848791134396,3.91521125312508,3.03));
#11142=CARTESIAN_POINT('',(-13.1317679357567,3.42638812239827,3.03));
#11143=CARTESIAN_POINT('',(-10.9848791134396,3.91521125312508,3.005));
#11144=CARTESIAN_POINT('Origin',(-10.9848791134396,3.63055079456033,3.005));
#11145=CARTESIAN_POINT('',(-10.9848791134396,3.63055079456033,3.005));
#11146=CARTESIAN_POINT('',(-10.9848791134396,6.06527539728016,3.005));
#11147=CARTESIAN_POINT('',(-10.9848791134396,3.63055079456033,3.03));
#11148=CARTESIAN_POINT('',(-10.9848791134396,3.91521125312508,3.03));
#11149=CARTESIAN_POINT('',(-10.9848791134396,3.63055079456033,3.005));
#11150=CARTESIAN_POINT('Origin',(-12.8419348371068,3.2774089949912,3.005));
#11151=CARTESIAN_POINT('',(-12.8419348371068,3.2774089949912,3.005));
#11152=CARTESIAN_POINT('',(-10.0262186990515,3.81285176679188,3.005));
#11153=CARTESIAN_POINT('',(-12.8419348371068,3.2774089949912,3.03));
#11154=CARTESIAN_POINT('',(-10.9848791134396,3.63055079456033,3.03));
#11155=CARTESIAN_POINT('',(-12.8419348371068,3.2774089949912,3.005));
#11156=CARTESIAN_POINT('Origin',(-10.9848791134396,2.92426719542207,3.005));
#11157=CARTESIAN_POINT('',(-10.9848791134396,2.92426719542207,3.005));
#11158=CARTESIAN_POINT('',(-10.0561700255043,2.74766183328353,3.005));
#11159=CARTESIAN_POINT('',(-10.9848791134396,2.92426719542207,3.03));
#11160=CARTESIAN_POINT('',(-12.8419348371068,3.2774089949912,3.03));
#11161=CARTESIAN_POINT('',(-10.9848791134396,2.92426719542207,3.005));
#11162=CARTESIAN_POINT('Origin',(-10.9848791134396,2.64011037747921,3.005));
#11163=CARTESIAN_POINT('',(-10.9848791134396,2.64011037747921,3.005));
#11164=CARTESIAN_POINT('',(-10.9848791134396,5.5700551887396,3.005));
#11165=CARTESIAN_POINT('',(-10.9848791134396,2.64011037747921,3.03));
#11166=CARTESIAN_POINT('',(-10.9848791134396,2.92426719542207,3.03));
#11167=CARTESIAN_POINT('',(-10.9848791134396,2.64011037747921,3.005));
#11168=CARTESIAN_POINT('Origin',(-13.1317679357567,3.12842979307832,3.005));
#11169=CARTESIAN_POINT('',(-11.2729449278536,2.70563222876767,3.005));
#11170=CARTESIAN_POINT('',(-10.9848791134396,2.64011037747921,3.03));
#11171=CARTESIAN_POINT('Origin',(-12.0583235245982,3.51037634748579,3.03));
#11172=CARTESIAN_POINT('Origin',(-8.,8.5,3.005));
#11173=CARTESIAN_POINT('',(-12.5342947018185,4.11376609678925,3.005));
#11174=CARTESIAN_POINT('',(-12.5342947018185,4.38064231749238,3.005));
#11175=CARTESIAN_POINT('',(-12.5342947018185,6.44032115874619,3.005));
#11176=CARTESIAN_POINT('',(-10.9848791134396,4.38064231749238,3.005));
#11177=CARTESIAN_POINT('',(-9.49243955671981,4.38064231749238,3.005));
#11178=CARTESIAN_POINT('',(-10.9848791134396,4.11376609678925,3.005));
#11179=CARTESIAN_POINT('',(-10.9848791134396,6.30688304839463,3.005));
#11180=CARTESIAN_POINT('',(-10.2671473509093,4.11376609678925,3.005));
#11181=CARTESIAN_POINT('',(-13.0498969328442,4.11376609678925,3.005));
#11182=CARTESIAN_POINT('',(-13.0498969328442,4.38064231749238,3.005));
#11183=CARTESIAN_POINT('',(-13.0498969328442,6.44032115874619,3.005));
#11184=CARTESIAN_POINT('',(-12.7844854962865,4.38064231749238,3.005));
#11185=CARTESIAN_POINT('',(-10.3922427481432,4.38064231749238,3.005));
#11186=CARTESIAN_POINT('',(-12.7844854962865,4.11376609678925,3.005));
#11187=CARTESIAN_POINT('',(-12.7844854962865,6.30688304839463,3.005));
#11188=CARTESIAN_POINT('',(-10.5249484664221,4.11376609678925,3.005));
#11189=CARTESIAN_POINT('Origin',(-13.0498969328442,4.38064231749238,3.005));
#11190=CARTESIAN_POINT('',(-13.0498969328442,4.11376609678925,3.03));
#11191=CARTESIAN_POINT('',(-13.0498969328442,4.11376609678925,3.005));
#11192=CARTESIAN_POINT('',(-13.0498969328442,4.38064231749238,3.03));
#11193=CARTESIAN_POINT('',(-13.0498969328442,4.11376609678925,3.03));
#11194=CARTESIAN_POINT('',(-13.0498969328442,4.38064231749238,3.005));
#11195=CARTESIAN_POINT('Origin',(-12.7844854962865,4.38064231749238,3.005));
#11196=CARTESIAN_POINT('',(-12.7844854962865,4.38064231749238,3.03));
#11197=CARTESIAN_POINT('',(-13.0498969328442,4.38064231749238,3.03));
#11198=CARTESIAN_POINT('',(-12.7844854962865,4.38064231749238,3.005));
#11199=CARTESIAN_POINT('Origin',(-12.7844854962865,4.11376609678925,3.005));
#11200=CARTESIAN_POINT('',(-12.7844854962865,4.11376609678925,3.03));
#11201=CARTESIAN_POINT('',(-12.7844854962865,4.38064231749238,3.03));
#11202=CARTESIAN_POINT('',(-12.7844854962865,4.11376609678925,3.005));
#11203=CARTESIAN_POINT('Origin',(-13.0498969328442,4.11376609678925,3.005));
#11204=CARTESIAN_POINT('',(-12.7844854962865,4.11376609678925,3.03));
#11205=CARTESIAN_POINT('Origin',(-12.0583235245982,3.51037634748579,3.03));
#11206=CARTESIAN_POINT('Origin',(-12.5342947018185,4.38064231749238,3.005));
#11207=CARTESIAN_POINT('',(-12.5342947018185,4.11376609678925,3.03));
#11208=CARTESIAN_POINT('',(-12.5342947018185,4.11376609678925,3.005));
#11209=CARTESIAN_POINT('',(-12.5342947018185,4.38064231749238,3.03));
#11210=CARTESIAN_POINT('',(-12.5342947018185,4.11376609678925,3.03));
#11211=CARTESIAN_POINT('',(-12.5342947018185,4.38064231749238,3.005));
#11212=CARTESIAN_POINT('Origin',(-10.9848791134396,4.38064231749238,3.005));
#11213=CARTESIAN_POINT('',(-10.9848791134396,4.38064231749238,3.03));
#11214=CARTESIAN_POINT('',(-12.5342947018185,4.38064231749238,3.03));
#11215=CARTESIAN_POINT('',(-10.9848791134396,4.38064231749238,3.005));
#11216=CARTESIAN_POINT('Origin',(-10.9848791134396,4.11376609678925,3.005));
#11217=CARTESIAN_POINT('',(-10.9848791134396,4.11376609678925,3.03));
#11218=CARTESIAN_POINT('',(-10.9848791134396,4.38064231749238,3.03));
#11219=CARTESIAN_POINT('',(-10.9848791134396,4.11376609678925,3.005));
#11220=CARTESIAN_POINT('Origin',(-12.5342947018185,4.11376609678925,3.005));
#11221=CARTESIAN_POINT('',(-10.9848791134396,4.11376609678925,3.03));
#11222=CARTESIAN_POINT('Origin',(-12.0583235245982,3.51037634748579,3.03));
#11223=CARTESIAN_POINT('Origin',(-12.1612344210443,6.72593454202678,3.005));
#11224=CARTESIAN_POINT('',(-12.1612344210443,6.43721385231283,3.005));
#11225=CARTESIAN_POINT('',(-12.1612344210443,6.72593454202678,3.005));
#11226=CARTESIAN_POINT('',(-12.1612344210443,7.61296727101339,3.005));
#11227=CARTESIAN_POINT('',(-12.1612344210443,6.43721385231283,3.03));
#11228=CARTESIAN_POINT('',(-12.1612344210443,6.43721385231283,3.005));
#11229=CARTESIAN_POINT('',(-12.1612344210443,6.72593454202678,3.03));
#11230=CARTESIAN_POINT('',(-12.1612344210443,6.43721385231283,3.03));
#11231=CARTESIAN_POINT('',(-12.1612344210443,6.72593454202678,3.005));
#11232=CARTESIAN_POINT('Ctrl Pts',(-12.1849649672803,7.07661817153957,3.005));
#11233=CARTESIAN_POINT('Ctrl Pts',(-12.1849649672803,7.07661817153957,3.03));
#11234=CARTESIAN_POINT('Ctrl Pts',(-12.1781773597267,7.03582194614556,3.005));
#11235=CARTESIAN_POINT('Ctrl Pts',(-12.1781773597267,7.03582194614556,3.03));
#11236=CARTESIAN_POINT('Ctrl Pts',(-12.1588900802764,6.91989771312457,3.005));
#11237=CARTESIAN_POINT('Ctrl Pts',(-12.1588900802764,6.91989771312457,3.03));
#11238=CARTESIAN_POINT('Ctrl Pts',(-12.1603125493588,6.80220722298653,3.005));
#11239=CARTESIAN_POINT('Ctrl Pts',(-12.1603125493588,6.80220722298653,3.03));
#11240=CARTESIAN_POINT('Ctrl Pts',(-12.1612344210443,6.72593454202678,3.005));
#11241=CARTESIAN_POINT('Ctrl Pts',(-12.1612344210443,6.72593454202678,3.03));
#11242=CARTESIAN_POINT('',(-12.1849649672803,7.07661817153957,3.005));
#11243=CARTESIAN_POINT('Ctrl Pts',(-12.1612344210443,6.72593454202678,3.005));
#11244=CARTESIAN_POINT('Ctrl Pts',(-12.1603125493588,6.80220722298653,3.005));
#11245=CARTESIAN_POINT('Ctrl Pts',(-12.1588900802764,6.91989771312457,3.005));
#11246=CARTESIAN_POINT('Ctrl Pts',(-12.1781773597267,7.03582194614556,3.005));
#11247=CARTESIAN_POINT('Ctrl Pts',(-12.1849649672803,7.07661817153957,3.005));
#11248=CARTESIAN_POINT('',(-12.1849649672803,7.07661817153957,3.03));
#11249=CARTESIAN_POINT('Ctrl Pts',(-12.1849649672803,7.07661817153957,3.03));
#11250=CARTESIAN_POINT('Ctrl Pts',(-12.1781773597267,7.03582194614556,3.03));
#11251=CARTESIAN_POINT('Ctrl Pts',(-12.1588900802764,6.91989771312457,3.03));
#11252=CARTESIAN_POINT('Ctrl Pts',(-12.1603125493588,6.80220722298653,3.03));
#11253=CARTESIAN_POINT('Ctrl Pts',(-12.1612344210443,6.72593454202678,3.03));
#11254=CARTESIAN_POINT('',(-12.1849649672803,7.07661817153957,3.005));
#11255=CARTESIAN_POINT('Ctrl Pts',(-12.2667031263408,7.18604209205177,3.005));
#11256=CARTESIAN_POINT('Ctrl Pts',(-12.2667031263408,7.18604209205177,3.03));
#11257=CARTESIAN_POINT('Ctrl Pts',(-12.2487441284785,7.17144197784381,3.005));
#11258=CARTESIAN_POINT('Ctrl Pts',(-12.2487441284785,7.17144197784381,3.03));
#11259=CARTESIAN_POINT('Ctrl Pts',(-12.2123360853782,7.14184335594808,3.005));
#11260=CARTESIAN_POINT('Ctrl Pts',(-12.2123360853782,7.14184335594808,3.03));
#11261=CARTESIAN_POINT('Ctrl Pts',(-12.1941701768767,7.09855412210239,3.005));
#11262=CARTESIAN_POINT('Ctrl Pts',(-12.1941701768767,7.09855412210239,3.03));
#11263=CARTESIAN_POINT('Ctrl Pts',(-12.1849649672803,7.07661817153957,3.005));
#11264=CARTESIAN_POINT('Ctrl Pts',(-12.1849649672803,7.07661817153957,3.03));
#11265=CARTESIAN_POINT('',(-12.2667031263408,7.18604209205177,3.005));
#11266=CARTESIAN_POINT('Ctrl Pts',(-12.1849649672803,7.07661817153957,3.005));
#11267=CARTESIAN_POINT('Ctrl Pts',(-12.1941701768767,7.09855412210239,3.005));
#11268=CARTESIAN_POINT('Ctrl Pts',(-12.2123360853782,7.14184335594808,3.005));
#11269=CARTESIAN_POINT('Ctrl Pts',(-12.2487441284785,7.17144197784381,3.005));
#11270=CARTESIAN_POINT('Ctrl Pts',(-12.2667031263408,7.18604209205177,3.005));
#11271=CARTESIAN_POINT('',(-12.2667031263408,7.18604209205177,3.03));
#11272=CARTESIAN_POINT('Ctrl Pts',(-12.2667031263408,7.18604209205177,3.03));
#11273=CARTESIAN_POINT('Ctrl Pts',(-12.2487441284785,7.17144197784381,3.03));
#11274=CARTESIAN_POINT('Ctrl Pts',(-12.2123360853782,7.14184335594808,3.03));
#11275=CARTESIAN_POINT('Ctrl Pts',(-12.1941701768767,7.09855412210239,3.03));
#11276=CARTESIAN_POINT('Ctrl Pts',(-12.1849649672803,7.07661817153957,3.03));
#11277=CARTESIAN_POINT('',(-12.2667031263408,7.18604209205177,3.005));
#11278=CARTESIAN_POINT('Ctrl Pts',(-12.4117226426896,7.22559275409248,3.005));
#11279=CARTESIAN_POINT('Ctrl Pts',(-12.4117226426896,7.22559275409248,3.03));
#11280=CARTESIAN_POINT('Ctrl Pts',(-12.3845549033227,7.22435563757365,3.005));
#11281=CARTESIAN_POINT('Ctrl Pts',(-12.3845549033227,7.22435563757365,3.03));
#11282=CARTESIAN_POINT('Ctrl Pts',(-12.3331559293392,7.22201512190149,3.005));
#11283=CARTESIAN_POINT('Ctrl Pts',(-12.3331559293392,7.22201512190149,3.03));
#11284=CARTESIAN_POINT('Ctrl Pts',(-12.2879940032297,7.19756752537123,3.005));
#11285=CARTESIAN_POINT('Ctrl Pts',(-12.2879940032297,7.19756752537123,3.03));
#11286=CARTESIAN_POINT('Ctrl Pts',(-12.2667031263408,7.18604209205177,3.005));
#11287=CARTESIAN_POINT('Ctrl Pts',(-12.2667031263408,7.18604209205177,3.03));
#11288=CARTESIAN_POINT('',(-12.4117226426896,7.22559275409248,3.005));
#11289=CARTESIAN_POINT('Ctrl Pts',(-12.2667031263408,7.18604209205177,3.005));
#11290=CARTESIAN_POINT('Ctrl Pts',(-12.2879940032297,7.19756752537123,3.005));
#11291=CARTESIAN_POINT('Ctrl Pts',(-12.3331559293392,7.22201512190149,3.005));
#11292=CARTESIAN_POINT('Ctrl Pts',(-12.3845549033227,7.22435563757365,3.005));
#11293=CARTESIAN_POINT('Ctrl Pts',(-12.4117226426896,7.22559275409248,3.005));
#11294=CARTESIAN_POINT('',(-12.4117226426896,7.22559275409248,3.03));
#11295=CARTESIAN_POINT('Ctrl Pts',(-12.4117226426896,7.22559275409248,3.03));
#11296=CARTESIAN_POINT('Ctrl Pts',(-12.3845549033227,7.22435563757365,3.03));
#11297=CARTESIAN_POINT('Ctrl Pts',(-12.3331559293392,7.22201512190149,3.03));
#11298=CARTESIAN_POINT('Ctrl Pts',(-12.2879940032297,7.19756752537123,3.03));
#11299=CARTESIAN_POINT('Ctrl Pts',(-12.2667031263408,7.18604209205177,3.03));
#11300=CARTESIAN_POINT('',(-12.4117226426896,7.22559275409248,3.005));
#11301=CARTESIAN_POINT('Ctrl Pts',(-12.5692666595277,7.17351766606834,3.005));
#11302=CARTESIAN_POINT('Ctrl Pts',(-12.5692666595277,7.17351766606834,3.03));
#11303=CARTESIAN_POINT('Ctrl Pts',(-12.5468783885865,7.18869316208158,3.005));
#11304=CARTESIAN_POINT('Ctrl Pts',(-12.5468783885865,7.18869316208158,3.03));
#11305=CARTESIAN_POINT('Ctrl Pts',(-12.4994290385354,7.22085587015407,3.005));
#11306=CARTESIAN_POINT('Ctrl Pts',(-12.4994290385354,7.22085587015407,3.03));
#11307=CARTESIAN_POINT('Ctrl Pts',(-12.442035756957,7.22395559065974,3.005));
#11308=CARTESIAN_POINT('Ctrl Pts',(-12.442035756957,7.22395559065974,3.03));
#11309=CARTESIAN_POINT('Ctrl Pts',(-12.4117226426896,7.22559275409248,3.005));
#11310=CARTESIAN_POINT('Ctrl Pts',(-12.4117226426896,7.22559275409248,3.03));
#11311=CARTESIAN_POINT('',(-12.5692666595277,7.17351766606834,3.005));
#11312=CARTESIAN_POINT('Ctrl Pts',(-12.4117226426896,7.22559275409248,3.005));
#11313=CARTESIAN_POINT('Ctrl Pts',(-12.442035756957,7.22395559065974,3.005));
#11314=CARTESIAN_POINT('Ctrl Pts',(-12.4994290385354,7.22085587015407,3.005));
#11315=CARTESIAN_POINT('Ctrl Pts',(-12.5468783885865,7.18869316208158,3.005));
#11316=CARTESIAN_POINT('Ctrl Pts',(-12.5692666595277,7.17351766606834,3.005));
#11317=CARTESIAN_POINT('',(-12.5692666595277,7.17351766606834,3.03));
#11318=CARTESIAN_POINT('Ctrl Pts',(-12.5692666595277,7.17351766606834,3.03));
#11319=CARTESIAN_POINT('Ctrl Pts',(-12.5468783885865,7.18869316208158,3.03));
#11320=CARTESIAN_POINT('Ctrl Pts',(-12.4994290385354,7.22085587015407,3.03));
#11321=CARTESIAN_POINT('Ctrl Pts',(-12.442035756957,7.22395559065974,3.03));
#11322=CARTESIAN_POINT('Ctrl Pts',(-12.4117226426896,7.22559275409248,3.03));
#11323=CARTESIAN_POINT('',(-12.5692666595277,7.17351766606834,3.005));
#11324=CARTESIAN_POINT('Ctrl Pts',(-12.6450722937879,7.02652046760585,3.005));
#11325=CARTESIAN_POINT('Ctrl Pts',(-12.6450722937879,7.02652046760585,3.03));
#11326=CARTESIAN_POINT('Ctrl Pts',(-12.6385282436516,7.05586187224281,3.005));
#11327=CARTESIAN_POINT('Ctrl Pts',(-12.6385282436516,7.05586187224281,3.03));
#11328=CARTESIAN_POINT('Ctrl Pts',(-12.6260902357035,7.11162987775753,3.005));
#11329=CARTESIAN_POINT('Ctrl Pts',(-12.6260902357035,7.11162987775753,3.03));
#11330=CARTESIAN_POINT('Ctrl Pts',(-12.587536154741,7.15361996288953,3.005));
#11331=CARTESIAN_POINT('Ctrl Pts',(-12.587536154741,7.15361996288953,3.03));
#11332=CARTESIAN_POINT('Ctrl Pts',(-12.5692666595277,7.17351766606834,3.005));
#11333=CARTESIAN_POINT('Ctrl Pts',(-12.5692666595277,7.17351766606834,3.03));
#11334=CARTESIAN_POINT('',(-12.6450722937879,7.02652046760585,3.005));
#11335=CARTESIAN_POINT('Ctrl Pts',(-12.5692666595277,7.17351766606834,3.005));
#11336=CARTESIAN_POINT('Ctrl Pts',(-12.587536154741,7.15361996288953,3.005));
#11337=CARTESIAN_POINT('Ctrl Pts',(-12.6260902357035,7.11162987775753,3.005));
#11338=CARTESIAN_POINT('Ctrl Pts',(-12.6385282436516,7.05586187224281,3.005));
#11339=CARTESIAN_POINT('Ctrl Pts',(-12.6450722937879,7.02652046760585,3.005));
#11340=CARTESIAN_POINT('',(-12.6450722937879,7.02652046760585,3.03));
#11341=CARTESIAN_POINT('Ctrl Pts',(-12.6450722937879,7.02652046760585,3.03));
#11342=CARTESIAN_POINT('Ctrl Pts',(-12.6385282436516,7.05586187224281,3.03));
#11343=CARTESIAN_POINT('Ctrl Pts',(-12.6260902357035,7.11162987775753,3.03));
#11344=CARTESIAN_POINT('Ctrl Pts',(-12.587536154741,7.15361996288953,3.03));
#11345=CARTESIAN_POINT('Ctrl Pts',(-12.5692666595277,7.17351766606834,3.03));
#11346=CARTESIAN_POINT('',(-12.6450722937879,7.02652046760585,3.005));
#11347=CARTESIAN_POINT('Ctrl Pts',(-12.6516641204652,6.74175488134887,3.005));
#11348=CARTESIAN_POINT('Ctrl Pts',(-12.6516641204652,6.74175488134887,3.03));
#11349=CARTESIAN_POINT('Ctrl Pts',(-12.6520285118461,6.80506388638797,3.005));
#11350=CARTESIAN_POINT('Ctrl Pts',(-12.6520285118461,6.80506388638797,3.03));
#11351=CARTESIAN_POINT('Ctrl Pts',(-12.6525753388589,6.90006908112646,3.005));
#11352=CARTESIAN_POINT('Ctrl Pts',(-12.6525753388589,6.90006908112646,3.03));
#11353=CARTESIAN_POINT('Ctrl Pts',(-12.6469492893783,6.99488681852313,3.005));
#11354=CARTESIAN_POINT('Ctrl Pts',(-12.6469492893783,6.99488681852313,3.03));
#11355=CARTESIAN_POINT('Ctrl Pts',(-12.6450722937879,7.02652046760585,3.005));
#11356=CARTESIAN_POINT('Ctrl Pts',(-12.6450722937879,7.02652046760585,3.03));
#11357=CARTESIAN_POINT('',(-12.6516641204652,6.74175488134887,3.005));
#11358=CARTESIAN_POINT('Ctrl Pts',(-12.6450722937879,7.02652046760585,3.005));
#11359=CARTESIAN_POINT('Ctrl Pts',(-12.6469492893783,6.99488681852313,3.005));
#11360=CARTESIAN_POINT('Ctrl Pts',(-12.6525753388589,6.90006908112646,3.005));
#11361=CARTESIAN_POINT('Ctrl Pts',(-12.6520285118461,6.80506388638797,3.005));
#11362=CARTESIAN_POINT('Ctrl Pts',(-12.6516641204652,6.74175488134887,3.005));
#11363=CARTESIAN_POINT('',(-12.6516641204652,6.74175488134887,3.03));
#11364=CARTESIAN_POINT('Ctrl Pts',(-12.6516641204652,6.74175488134887,3.03));
#11365=CARTESIAN_POINT('Ctrl Pts',(-12.6520285118461,6.80506388638797,3.03));
#11366=CARTESIAN_POINT('Ctrl Pts',(-12.6525753388589,6.90006908112646,3.03));
#11367=CARTESIAN_POINT('Ctrl Pts',(-12.6469492893783,6.99488681852313,3.03));
#11368=CARTESIAN_POINT('Ctrl Pts',(-12.6450722937879,7.02652046760585,3.03));
#11369=CARTESIAN_POINT('',(-12.6516641204652,6.74175488134887,3.005));
#11370=CARTESIAN_POINT('Origin',(-12.6516641204652,6.43721385231283,3.005));
#11371=CARTESIAN_POINT('',(-12.6516641204652,6.43721385231283,3.005));
#11372=CARTESIAN_POINT('',(-12.6516641204652,7.46860692615641,3.005));
#11373=CARTESIAN_POINT('',(-12.6516641204652,6.43721385231283,3.03));
#11374=CARTESIAN_POINT('',(-12.6516641204652,6.74175488134887,3.03));
#11375=CARTESIAN_POINT('',(-12.6516641204652,6.43721385231283,3.005));
#11376=CARTESIAN_POINT('Origin',(-12.1612344210443,6.43721385231283,3.005));
#11377=CARTESIAN_POINT('',(-10.0806172105221,6.43721385231283,3.005));
#11378=CARTESIAN_POINT('',(-12.6516641204652,6.43721385231283,3.03));
#11379=CARTESIAN_POINT('Origin',(-12.9786172037419,6.04697944900062,3.005));
#11380=CARTESIAN_POINT('',(-11.0459023242292,6.04697944900062,3.03));
#11381=CARTESIAN_POINT('',(-11.0459023242292,6.04697944900062,3.005));
#11382=CARTESIAN_POINT('',(-12.9786172037419,6.04697944900062,3.03));
#11383=CARTESIAN_POINT('',(-11.0459023242292,6.04697944900062,3.03));
#11384=CARTESIAN_POINT('',(-12.9786172037419,6.04697944900062,3.005));
#11385=CARTESIAN_POINT('Origin',(-12.9786172037419,6.86831737240818,3.005));
#11386=CARTESIAN_POINT('',(-12.9786172037419,6.86831737240818,3.03));
#11387=CARTESIAN_POINT('',(-12.9786172037419,6.04697944900062,3.03));
#11388=CARTESIAN_POINT('',(-12.9786172037419,6.86831737240818,3.005));
#11389=CARTESIAN_POINT('Ctrl Pts',(-12.9265421157178,7.31853710791137,3.005));
#11390=CARTESIAN_POINT('Ctrl Pts',(-12.9265421157178,7.31853710791137,3.03));
#11391=CARTESIAN_POINT('Ctrl Pts',(-12.9416140578543,7.2578854974459,3.005));
#11392=CARTESIAN_POINT('Ctrl Pts',(-12.9416140578543,7.2578854974459,3.03));
#11393=CARTESIAN_POINT('Ctrl Pts',(-12.978281979162,7.11032863585582,3.005));
#11394=CARTESIAN_POINT('Ctrl Pts',(-12.978281979162,7.11032863585582,3.03));
#11395=CARTESIAN_POINT('Ctrl Pts',(-12.9784929500791,6.95802077643105,3.005));
#11396=CARTESIAN_POINT('Ctrl Pts',(-12.9784929500791,6.95802077643105,3.03));
#11397=CARTESIAN_POINT('Ctrl Pts',(-12.9786172037419,6.86831737240818,3.005));
#11398=CARTESIAN_POINT('Ctrl Pts',(-12.9786172037419,6.86831737240818,3.03));
#11399=CARTESIAN_POINT('',(-12.9265421157178,7.31853710791137,3.03));
#11400=CARTESIAN_POINT('Ctrl Pts',(-12.9265421157178,7.31853710791137,3.03));
#11401=CARTESIAN_POINT('Ctrl Pts',(-12.9416140578543,7.2578854974459,3.03));
#11402=CARTESIAN_POINT('Ctrl Pts',(-12.978281979162,7.11032863585582,3.03));
#11403=CARTESIAN_POINT('Ctrl Pts',(-12.9784929500791,6.95802077643105,3.03));
#11404=CARTESIAN_POINT('Ctrl Pts',(-12.9786172037419,6.86831737240818,3.03));
#11405=CARTESIAN_POINT('',(-12.9265421157178,7.31853710791137,3.005));
#11406=CARTESIAN_POINT('Ctrl Pts',(-12.7413124864396,7.54331739923027,3.005));
#11407=CARTESIAN_POINT('Ctrl Pts',(-12.7413124864396,7.54331739923027,3.03));
#11408=CARTESIAN_POINT('Ctrl Pts',(-12.7821937318474,7.5131911066063,3.005));
#11409=CARTESIAN_POINT('Ctrl Pts',(-12.7821937318474,7.5131911066063,3.03));
#11410=CARTESIAN_POINT('Ctrl Pts',(-12.8628360967113,7.45376396691069,3.005));
#11411=CARTESIAN_POINT('Ctrl Pts',(-12.8628360967113,7.45376396691069,3.03));
#11412=CARTESIAN_POINT('Ctrl Pts',(-12.9055043305898,7.36319338446942,3.005));
#11413=CARTESIAN_POINT('Ctrl Pts',(-12.9055043305898,7.36319338446942,3.03));
#11414=CARTESIAN_POINT('Ctrl Pts',(-12.9265421157178,7.31853710791137,3.005));
#11415=CARTESIAN_POINT('Ctrl Pts',(-12.9265421157178,7.31853710791137,3.03));
#11416=CARTESIAN_POINT('',(-12.7413124864396,7.54331739923027,3.03));
#11417=CARTESIAN_POINT('Ctrl Pts',(-12.7413124864396,7.54331739923027,3.03));
#11418=CARTESIAN_POINT('Ctrl Pts',(-12.7821937318474,7.5131911066063,3.03));
#11419=CARTESIAN_POINT('Ctrl Pts',(-12.8628360967113,7.45376396691069,3.03));
#11420=CARTESIAN_POINT('Ctrl Pts',(-12.9055043305898,7.36319338446942,3.03));
#11421=CARTESIAN_POINT('Ctrl Pts',(-12.9265421157178,7.31853710791137,3.03));
#11422=CARTESIAN_POINT('',(-12.7413124864396,7.54331739923027,3.005));
#11423=CARTESIAN_POINT('Ctrl Pts',(-12.4367714946565,7.6276923932698,3.005));
#11424=CARTESIAN_POINT('Ctrl Pts',(-12.4367714946565,7.6276923932698,3.03));
#11425=CARTESIAN_POINT('Ctrl Pts',(-12.4917910987158,7.62449937232299,3.005));
#11426=CARTESIAN_POINT('Ctrl Pts',(-12.4917910987158,7.62449937232299,3.03));
#11427=CARTESIAN_POINT('Ctrl Pts',(-12.5994418680508,7.61825194166068,3.005));
#11428=CARTESIAN_POINT('Ctrl Pts',(-12.5994418680508,7.61825194166068,3.03));
#11429=CARTESIAN_POINT('Ctrl Pts',(-12.6947269745894,7.56792336806322,3.005));
#11430=CARTESIAN_POINT('Ctrl Pts',(-12.6947269745894,7.56792336806322,3.03));
#11431=CARTESIAN_POINT('Ctrl Pts',(-12.7413124864396,7.54331739923027,3.005));
#11432=CARTESIAN_POINT('Ctrl Pts',(-12.7413124864396,7.54331739923027,3.03));
#11433=CARTESIAN_POINT('',(-12.4367714946565,7.6276923932698,3.03));
#11434=CARTESIAN_POINT('Ctrl Pts',(-12.4367714946565,7.6276923932698,3.03));
#11435=CARTESIAN_POINT('Ctrl Pts',(-12.4917910987158,7.62449937232299,3.03));
#11436=CARTESIAN_POINT('Ctrl Pts',(-12.5994418680508,7.61825194166068,3.03));
#11437=CARTESIAN_POINT('Ctrl Pts',(-12.6947269745894,7.56792336806322,3.03));
#11438=CARTESIAN_POINT('Ctrl Pts',(-12.7413124864396,7.54331739923027,3.03));
#11439=CARTESIAN_POINT('',(-12.4367714946565,7.6276923932698,3.005));
#11440=CARTESIAN_POINT('Ctrl Pts',(-12.0775186543759,7.49981152197387,3.005));
#11441=CARTESIAN_POINT('Ctrl Pts',(-12.0775186543759,7.49981152197387,3.03));
#11442=CARTESIAN_POINT('Ctrl Pts',(-12.1291435648156,7.53709675141103,3.005));
#11443=CARTESIAN_POINT('Ctrl Pts',(-12.1291435648156,7.53709675141103,3.03));
#11444=CARTESIAN_POINT('Ctrl Pts',(-12.2362588268907,7.61445896063667,3.005));
#11445=CARTESIAN_POINT('Ctrl Pts',(-12.2362588268907,7.61445896063667,3.03));
#11446=CARTESIAN_POINT('Ctrl Pts',(-12.3683450843513,7.6231763878663,3.005));
#11447=CARTESIAN_POINT('Ctrl Pts',(-12.3683450843513,7.6231763878663,3.03));
#11448=CARTESIAN_POINT('Ctrl Pts',(-12.4367714946565,7.6276923932698,3.005));
#11449=CARTESIAN_POINT('Ctrl Pts',(-12.4367714946565,7.6276923932698,3.03));
#11450=CARTESIAN_POINT('',(-12.0775186543759,7.49981152197387,3.03));
#11451=CARTESIAN_POINT('Ctrl Pts',(-12.0775186543759,7.49981152197387,3.03));
#11452=CARTESIAN_POINT('Ctrl Pts',(-12.1291435648156,7.53709675141103,3.03));
#11453=CARTESIAN_POINT('Ctrl Pts',(-12.2362588268907,7.61445896063667,3.03));
#11454=CARTESIAN_POINT('Ctrl Pts',(-12.3683450843513,7.6231763878663,3.03));
#11455=CARTESIAN_POINT('Ctrl Pts',(-12.4367714946565,7.6276923932698,3.03));
#11456=CARTESIAN_POINT('',(-12.0775186543759,7.49981152197387,3.005));
#11457=CARTESIAN_POINT('Ctrl Pts',(-11.8988808517751,7.11748721381691,3.005));
#11458=CARTESIAN_POINT('Ctrl Pts',(-11.8988808517751,7.11748721381691,3.03));
#11459=CARTESIAN_POINT('Ctrl Pts',(-11.9133714889346,7.19492933390395,3.005));
#11460=CARTESIAN_POINT('Ctrl Pts',(-11.9133714889346,7.19492933390395,3.03));
#11461=CARTESIAN_POINT('Ctrl Pts',(-11.9401868570468,7.33823835024777,3.005));
#11462=CARTESIAN_POINT('Ctrl Pts',(-11.9401868570468,7.33823835024777,3.03));
#11463=CARTESIAN_POINT('Ctrl Pts',(-12.0342745774888,7.44893413744308,3.005));
#11464=CARTESIAN_POINT('Ctrl Pts',(-12.0342745774888,7.44893413744308,3.03));
#11465=CARTESIAN_POINT('Ctrl Pts',(-12.0775186543759,7.49981152197387,3.005));
#11466=CARTESIAN_POINT('Ctrl Pts',(-12.0775186543759,7.49981152197387,3.03));
#11467=CARTESIAN_POINT('',(-11.8988808517751,7.11748721381691,3.03));
#11468=CARTESIAN_POINT('Ctrl Pts',(-11.8988808517751,7.11748721381691,3.03));
#11469=CARTESIAN_POINT('Ctrl Pts',(-11.9133714889346,7.19492933390395,3.03));
#11470=CARTESIAN_POINT('Ctrl Pts',(-11.9401868570468,7.33823835024777,3.03));
#11471=CARTESIAN_POINT('Ctrl Pts',(-12.0342745774888,7.44893413744308,3.03));
#11472=CARTESIAN_POINT('Ctrl Pts',(-12.0775186543759,7.49981152197387,3.03));
#11473=CARTESIAN_POINT('',(-11.8988808517751,7.11748721381691,3.005));
#11474=CARTESIAN_POINT('Ctrl Pts',(-11.7367226903733,7.32644724031952,3.005));
#11475=CARTESIAN_POINT('Ctrl Pts',(-11.7367226903733,7.32644724031952,3.03));
#11476=CARTESIAN_POINT('Ctrl Pts',(-11.7661045584213,7.29619766043578,3.005));
#11477=CARTESIAN_POINT('Ctrl Pts',(-11.7661045584213,7.29619766043578,3.03));
#11478=CARTESIAN_POINT('Ctrl Pts',(-11.8278889533353,7.232588635085,3.005));
#11479=CARTESIAN_POINT('Ctrl Pts',(-11.8278889533353,7.232588635085,3.03));
#11480=CARTESIAN_POINT('Ctrl Pts',(-11.8744579610702,7.15708482274679,3.005));
#11481=CARTESIAN_POINT('Ctrl Pts',(-11.8744579610702,7.15708482274679,3.03));
#11482=CARTESIAN_POINT('Ctrl Pts',(-11.8988808517751,7.11748721381691,3.005));
#11483=CARTESIAN_POINT('Ctrl Pts',(-11.8988808517751,7.11748721381691,3.03));
#11484=CARTESIAN_POINT('',(-11.7367226903733,7.32644724031952,3.03));
#11485=CARTESIAN_POINT('Ctrl Pts',(-11.7367226903733,7.32644724031952,3.03));
#11486=CARTESIAN_POINT('Ctrl Pts',(-11.7661045584213,7.29619766043578,3.03));
#11487=CARTESIAN_POINT('Ctrl Pts',(-11.8278889533353,7.232588635085,3.03));
#11488=CARTESIAN_POINT('Ctrl Pts',(-11.8744579610702,7.15708482274679,3.03));
#11489=CARTESIAN_POINT('Ctrl Pts',(-11.8988808517751,7.11748721381691,3.03));
#11490=CARTESIAN_POINT('',(-11.7367226903733,7.32644724031952,3.005));
#11491=CARTESIAN_POINT('Ctrl Pts',(-11.4229531114396,7.54859077116516,3.005));
#11492=CARTESIAN_POINT('Ctrl Pts',(-11.4229531114396,7.54859077116516,3.03));
#11493=CARTESIAN_POINT('Ctrl Pts',(-11.4878298120396,7.50839237524416,3.005));
#11494=CARTESIAN_POINT('Ctrl Pts',(-11.4878298120396,7.50839237524416,3.03));
#11495=CARTESIAN_POINT('Ctrl Pts',(-11.5970232809135,7.44073476853493,3.005));
#11496=CARTESIAN_POINT('Ctrl Pts',(-11.5970232809135,7.44073476853493,3.03));
#11497=CARTESIAN_POINT('Ctrl Pts',(-11.6963929607601,7.35944083083591,3.005));
#11498=CARTESIAN_POINT('Ctrl Pts',(-11.6963929607601,7.35944083083591,3.03));
#11499=CARTESIAN_POINT('Ctrl Pts',(-11.7367226903733,7.32644724031952,3.005));
#11500=CARTESIAN_POINT('Ctrl Pts',(-11.7367226903733,7.32644724031952,3.03));
#11501=CARTESIAN_POINT('',(-11.4229531114396,7.54859077116516,3.03));
#11502=CARTESIAN_POINT('Ctrl Pts',(-11.4229531114396,7.54859077116516,3.03));
#11503=CARTESIAN_POINT('Ctrl Pts',(-11.4878298120396,7.50839237524416,3.03));
#11504=CARTESIAN_POINT('Ctrl Pts',(-11.5970232809135,7.44073476853493,3.03));
#11505=CARTESIAN_POINT('Ctrl Pts',(-11.6963929607601,7.35944083083591,3.03));
#11506=CARTESIAN_POINT('Ctrl Pts',(-11.7367226903733,7.32644724031952,3.03));
#11507=CARTESIAN_POINT('',(-11.4229531114396,7.54859077116516,3.005));
#11508=CARTESIAN_POINT('Origin',(-11.0459023242292,7.78457718273666,3.005));
#11509=CARTESIAN_POINT('',(-11.0459023242292,7.78457718273666,3.03));
#11510=CARTESIAN_POINT('',(-11.4229531114396,7.54859077116516,3.03));
#11511=CARTESIAN_POINT('',(-11.0459023242292,7.78457718273666,3.005));
#11512=CARTESIAN_POINT('Origin',(-11.0459023242292,7.31787788054016,3.005));
#11513=CARTESIAN_POINT('',(-11.0459023242292,7.31787788054016,3.03));
#11514=CARTESIAN_POINT('',(-11.0459023242292,7.78457718273666,3.03));
#11515=CARTESIAN_POINT('',(-11.0459023242292,7.31787788054016,3.005));
#11516=CARTESIAN_POINT('Origin',(-11.466458988696,7.03574905475643,3.005));
#11517=CARTESIAN_POINT('',(-11.466458988696,7.03574905475643,3.03));
#11518=CARTESIAN_POINT('',(-11.0459023242292,7.31787788054016,3.03));
#11519=CARTESIAN_POINT('',(-11.466458988696,7.03574905475643,3.005));
#11520=CARTESIAN_POINT('Ctrl Pts',(-11.7505654220876,6.83008494159248,3.005));
#11521=CARTESIAN_POINT('Ctrl Pts',(-11.7505654220876,6.83008494159248,3.03));
#11522=CARTESIAN_POINT('Ctrl Pts',(-11.7174080929538,6.85685362181319,3.005));
#11523=CARTESIAN_POINT('Ctrl Pts',(-11.7174080929538,6.85685362181319,3.03));
#11524=CARTESIAN_POINT('Ctrl Pts',(-11.6263574912313,6.93036088265385,3.005));
#11525=CARTESIAN_POINT('Ctrl Pts',(-11.6263574912313,6.93036088265385,3.03));
#11526=CARTESIAN_POINT('Ctrl Pts',(-11.5286102361818,6.99478552937897,3.005));
#11527=CARTESIAN_POINT('Ctrl Pts',(-11.5286102361818,6.99478552937897,3.03));
#11528=CARTESIAN_POINT('Ctrl Pts',(-11.466458988696,7.03574905475643,3.005));
#11529=CARTESIAN_POINT('Ctrl Pts',(-11.466458988696,7.03574905475643,3.03));
#11530=CARTESIAN_POINT('',(-11.7505654220876,6.83008494159248,3.03));
#11531=CARTESIAN_POINT('Ctrl Pts',(-11.7505654220876,6.83008494159248,3.03));
#11532=CARTESIAN_POINT('Ctrl Pts',(-11.7174080929538,6.85685362181319,3.03));
#11533=CARTESIAN_POINT('Ctrl Pts',(-11.6263574912313,6.93036088265385,3.03));
#11534=CARTESIAN_POINT('Ctrl Pts',(-11.5286102361818,6.99478552937897,3.03));
#11535=CARTESIAN_POINT('Ctrl Pts',(-11.466458988696,7.03574905475643,3.03));
#11536=CARTESIAN_POINT('',(-11.7505654220876,6.83008494159248,3.005));
#11537=CARTESIAN_POINT('Ctrl Pts',(-11.8309853499231,6.71275096317794,3.005));
#11538=CARTESIAN_POINT('Ctrl Pts',(-11.8309853499231,6.71275096317794,3.03));
#11539=CARTESIAN_POINT('Ctrl Pts',(-11.8217181972959,6.73357248131793,3.005));
#11540=CARTESIAN_POINT('Ctrl Pts',(-11.8217181972959,6.73357248131793,3.03));
#11541=CARTESIAN_POINT('Ctrl Pts',(-11.8021369014622,6.77756790502672,3.005));
#11542=CARTESIAN_POINT('Ctrl Pts',(-11.8021369014622,6.77756790502672,3.03));
#11543=CARTESIAN_POINT('Ctrl Pts',(-11.7683579563577,6.81196618323629,3.005));
#11544=CARTESIAN_POINT('Ctrl Pts',(-11.7683579563577,6.81196618323629,3.03));
#11545=CARTESIAN_POINT('Ctrl Pts',(-11.7505654220876,6.83008494159248,3.005));
#11546=CARTESIAN_POINT('Ctrl Pts',(-11.7505654220876,6.83008494159248,3.03));
#11547=CARTESIAN_POINT('',(-11.8309853499231,6.71275096317794,3.03));
#11548=CARTESIAN_POINT('Ctrl Pts',(-11.8309853499231,6.71275096317794,3.03));
#11549=CARTESIAN_POINT('Ctrl Pts',(-11.8217181972959,6.73357248131793,3.03));
#11550=CARTESIAN_POINT('Ctrl Pts',(-11.8021369014622,6.77756790502672,3.03));
#11551=CARTESIAN_POINT('Ctrl Pts',(-11.7683579563577,6.81196618323629,3.03));
#11552=CARTESIAN_POINT('Ctrl Pts',(-11.7505654220876,6.83008494159248,3.03));
#11553=CARTESIAN_POINT('',(-11.8309853499231,6.71275096317794,3.005));
#11554=CARTESIAN_POINT('Ctrl Pts',(-11.8527382140454,6.51631536265876,3.005));
#11555=CARTESIAN_POINT('Ctrl Pts',(-11.8527382140454,6.51631536265876,3.03));
#11556=CARTESIAN_POINT('Ctrl Pts',(-11.8526697011493,6.55531422890748,3.005));
#11557=CARTESIAN_POINT('Ctrl Pts',(-11.8526697011493,6.55531422890748,3.03));
#11558=CARTESIAN_POINT('Ctrl Pts',(-11.8525531089605,6.6216807589525,3.005));
#11559=CARTESIAN_POINT('Ctrl Pts',(-11.8525531089605,6.6216807589525,3.03));
#11560=CARTESIAN_POINT('Ctrl Pts',(-11.8372825095186,6.68616110702233,3.005));
#11561=CARTESIAN_POINT('Ctrl Pts',(-11.8372825095186,6.68616110702233,3.03));
#11562=CARTESIAN_POINT('Ctrl Pts',(-11.8309853499231,6.71275096317794,3.005));
#11563=CARTESIAN_POINT('Ctrl Pts',(-11.8309853499231,6.71275096317794,3.03));
#11564=CARTESIAN_POINT('',(-11.8527382140454,6.51631536265876,3.03));
#11565=CARTESIAN_POINT('Ctrl Pts',(-11.8527382140454,6.51631536265876,3.03));
#11566=CARTESIAN_POINT('Ctrl Pts',(-11.8526697011493,6.55531422890748,3.03));
#11567=CARTESIAN_POINT('Ctrl Pts',(-11.8525531089605,6.6216807589525,3.03));
#11568=CARTESIAN_POINT('Ctrl Pts',(-11.8372825095186,6.68616110702233,3.03));
#11569=CARTESIAN_POINT('Ctrl Pts',(-11.8309853499231,6.71275096317794,3.03));
#11570=CARTESIAN_POINT('',(-11.8527382140454,6.51631536265876,3.005));
#11571=CARTESIAN_POINT('Origin',(-11.8527382140454,6.43721385231283,3.005));
#11572=CARTESIAN_POINT('',(-11.8527382140454,6.43721385231283,3.03));
#11573=CARTESIAN_POINT('',(-11.8527382140454,6.51631536265876,3.03));
#11574=CARTESIAN_POINT('',(-11.8527382140454,6.43721385231283,3.005));
#11575=CARTESIAN_POINT('Origin',(-11.0459023242292,6.43721385231283,3.005));
#11576=CARTESIAN_POINT('',(-11.0459023242292,6.43721385231283,3.03));
#11577=CARTESIAN_POINT('',(-11.8527382140454,6.43721385231283,3.03));
#11578=CARTESIAN_POINT('',(-11.0459023242292,6.43721385231283,3.005));
#11579=CARTESIAN_POINT('Origin',(-11.0459023242292,6.04697944900062,3.005));
#11580=CARTESIAN_POINT('',(-11.0459023242292,6.43721385231283,3.03));
#11581=CARTESIAN_POINT('Origin',(-11.9997353380021,10.1556465246346,3.03));
#11582=CARTESIAN_POINT('Origin',(-8.,8.5,3.005));
#11583=CARTESIAN_POINT('Origin',(-11.0459023242292,13.8938546397355,3.005));
#11584=CARTESIAN_POINT('',(-11.0459023242292,14.2643136002686,3.03));
#11585=CARTESIAN_POINT('',(-11.0459023242292,14.2643136002686,3.005));
#11586=CARTESIAN_POINT('',(-11.0459023242292,13.8938546397355,3.03));
#11587=CARTESIAN_POINT('',(-11.0459023242292,14.2643136002686,3.03));
#11588=CARTESIAN_POINT('',(-11.0459023242292,13.8938546397355,3.005));
#11589=CARTESIAN_POINT('Origin',(-12.442045015603,13.8938546397355,3.005));
#11590=CARTESIAN_POINT('',(-12.442045015603,13.8938546397355,3.03));
#11591=CARTESIAN_POINT('',(-11.0459023242292,13.8938546397355,3.03));
#11592=CARTESIAN_POINT('',(-12.442045015603,13.8938546397355,3.005));
#11593=CARTESIAN_POINT('Ctrl Pts',(-12.1612344210443,13.4152901389268,3.005));
#11594=CARTESIAN_POINT('Ctrl Pts',(-12.1612344210443,13.4152901389268,3.03));
#11595=CARTESIAN_POINT('Ctrl Pts',(-12.1953175678843,13.5037288792362,3.005));
#11596=CARTESIAN_POINT('Ctrl Pts',(-12.1953175678843,13.5037288792362,3.03));
#11597=CARTESIAN_POINT('Ctrl Pts',(-12.2627336345883,13.6786596755002,3.005));
#11598=CARTESIAN_POINT('Ctrl Pts',(-12.2627336345883,13.6786596755002,3.03));
#11599=CARTESIAN_POINT('Ctrl Pts',(-12.3827196357886,13.8226571345066,3.005));
#11600=CARTESIAN_POINT('Ctrl Pts',(-12.3827196357886,13.8226571345066,3.03));
#11601=CARTESIAN_POINT('Ctrl Pts',(-12.442045015603,13.8938546397355,3.005));
#11602=CARTESIAN_POINT('Ctrl Pts',(-12.442045015603,13.8938546397355,3.03));
#11603=CARTESIAN_POINT('',(-12.1612344210443,13.4152901389268,3.03));
#11604=CARTESIAN_POINT('Ctrl Pts',(-12.1612344210443,13.4152901389268,3.03));
#11605=CARTESIAN_POINT('Ctrl Pts',(-12.1953175678843,13.5037288792362,3.03));
#11606=CARTESIAN_POINT('Ctrl Pts',(-12.2627336345883,13.6786596755002,3.03));
#11607=CARTESIAN_POINT('Ctrl Pts',(-12.3827196357886,13.8226571345066,3.03));
#11608=CARTESIAN_POINT('Ctrl Pts',(-12.442045015603,13.8938546397355,3.03));
#11609=CARTESIAN_POINT('',(-12.1612344210443,13.4152901389268,3.005));
#11610=CARTESIAN_POINT('Origin',(-12.4974160914716,13.4152901389268,3.005));
#11611=CARTESIAN_POINT('',(-12.4974160914716,13.4152901389268,3.03));
#11612=CARTESIAN_POINT('',(-12.1612344210443,13.4152901389268,3.03));
#11613=CARTESIAN_POINT('',(-12.4974160914716,13.4152901389268,3.005));
#11614=CARTESIAN_POINT('Ctrl Pts',(-12.6773720507917,13.7303781726029,3.005));
#11615=CARTESIAN_POINT('Ctrl Pts',(-12.6773720507917,13.7303781726029,3.03));
#11616=CARTESIAN_POINT('Ctrl Pts',(-12.6376338604917,13.6772687891807,3.005));
#11617=CARTESIAN_POINT('Ctrl Pts',(-12.6376338604917,13.6772687891807,3.03));
#11618=CARTESIAN_POINT('Ctrl Pts',(-12.5645488819102,13.5795920172745,3.005));
#11619=CARTESIAN_POINT('Ctrl Pts',(-12.5645488819102,13.5795920172745,3.03));
#11620=CARTESIAN_POINT('Ctrl Pts',(-12.5184498769239,13.4667685660262,3.005));
#11621=CARTESIAN_POINT('Ctrl Pts',(-12.5184498769239,13.4667685660262,3.03));
#11622=CARTESIAN_POINT('Ctrl Pts',(-12.4974160914716,13.4152901389268,3.005));
#11623=CARTESIAN_POINT('Ctrl Pts',(-12.4974160914716,13.4152901389268,3.03));
#11624=CARTESIAN_POINT('',(-12.6773720507917,13.7303781726029,3.03));
#11625=CARTESIAN_POINT('Ctrl Pts',(-12.6773720507917,13.7303781726029,3.03));
#11626=CARTESIAN_POINT('Ctrl Pts',(-12.6376338604917,13.6772687891807,3.03));
#11627=CARTESIAN_POINT('Ctrl Pts',(-12.5645488819102,13.5795920172745,3.03));
#11628=CARTESIAN_POINT('Ctrl Pts',(-12.5184498769239,13.4667685660262,3.03));
#11629=CARTESIAN_POINT('Ctrl Pts',(-12.4974160914716,13.4152901389268,3.03));
#11630=CARTESIAN_POINT('',(-12.6773720507917,13.7303781726029,3.005));
#11631=CARTESIAN_POINT('Ctrl Pts',(-12.9865273361501,13.9637279727128,3.005));
#11632=CARTESIAN_POINT('Ctrl Pts',(-12.9865273361501,13.9637279727128,3.03));
#11633=CARTESIAN_POINT('Ctrl Pts',(-12.9287311894738,13.9372045051848,3.005));
#11634=CARTESIAN_POINT('Ctrl Pts',(-12.9287311894738,13.9372045051848,3.03));
#11635=CARTESIAN_POINT('Ctrl Pts',(-12.8087258770555,13.8821323733878,3.005));
#11636=CARTESIAN_POINT('Ctrl Pts',(-12.8087258770555,13.8821323733878,3.03));
#11637=CARTESIAN_POINT('Ctrl Pts',(-12.7222170709646,13.7821880085939,3.005));
#11638=CARTESIAN_POINT('Ctrl Pts',(-12.7222170709646,13.7821880085939,3.03));
#11639=CARTESIAN_POINT('Ctrl Pts',(-12.6773720507917,13.7303781726029,3.005));
#11640=CARTESIAN_POINT('Ctrl Pts',(-12.6773720507917,13.7303781726029,3.03));
#11641=CARTESIAN_POINT('',(-12.9865273361501,13.9637279727128,3.03));
#11642=CARTESIAN_POINT('Ctrl Pts',(-12.9865273361501,13.9637279727128,3.03));
#11643=CARTESIAN_POINT('Ctrl Pts',(-12.9287311894738,13.9372045051848,3.03));
#11644=CARTESIAN_POINT('Ctrl Pts',(-12.8087258770555,13.8821323733878,3.03));
#11645=CARTESIAN_POINT('Ctrl Pts',(-12.7222170709646,13.7821880085939,3.03));
#11646=CARTESIAN_POINT('Ctrl Pts',(-12.6773720507917,13.7303781726029,3.03));
#11647=CARTESIAN_POINT('',(-12.9865273361501,13.9637279727128,3.005));
#11648=CARTESIAN_POINT('Origin',(-12.9865273361501,14.2643136002686,3.005));
#11649=CARTESIAN_POINT('',(-12.9865273361501,14.2643136002686,3.03));
#11650=CARTESIAN_POINT('',(-12.9865273361501,13.9637279727128,3.03));
#11651=CARTESIAN_POINT('',(-12.9865273361501,14.2643136002686,3.005));
#11652=CARTESIAN_POINT('Origin',(-11.0459023242292,14.2643136002686,3.005));
#11653=CARTESIAN_POINT('',(-12.9865273361501,14.2643136002686,3.03));
#11654=CARTESIAN_POINT('Origin',(-11.9997353380021,10.1556465246346,3.03));
#11655=CARTESIAN_POINT('Ctrl Pts',(-12.6365029340085,12.3210513808396,3.005));
#11656=CARTESIAN_POINT('Ctrl Pts',(-12.6365029340085,12.3210513808396,3.03));
#11657=CARTESIAN_POINT('Ctrl Pts',(-12.6489998255244,12.3392014093426,3.005));
#11658=CARTESIAN_POINT('Ctrl Pts',(-12.6489998255244,12.3392014093426,3.03));
#11659=CARTESIAN_POINT('Ctrl Pts',(-12.6739222304569,12.375397799406,3.005));
#11660=CARTESIAN_POINT('Ctrl Pts',(-12.6739222304569,12.375397799406,3.03));
#11661=CARTESIAN_POINT('Ctrl Pts',(-12.6775439236072,12.4191893514983,3.005));
#11662=CARTESIAN_POINT('Ctrl Pts',(-12.6775439236072,12.4191893514983,3.03));
#11663=CARTESIAN_POINT('Ctrl Pts',(-12.6793495838937,12.4410224177506,3.005));
#11664=CARTESIAN_POINT('Ctrl Pts',(-12.6793495838937,12.4410224177506,3.03));
#11665=CARTESIAN_POINT('',(-12.6793495838937,12.4410224177506,3.005));
#11666=CARTESIAN_POINT('',(-12.6365029340085,12.3210513808396,3.005));
#11667=CARTESIAN_POINT('Ctrl Pts',(-12.6793495838937,12.4410224177506,3.005));
#11668=CARTESIAN_POINT('Ctrl Pts',(-12.6775439236072,12.4191893514983,3.005));
#11669=CARTESIAN_POINT('Ctrl Pts',(-12.6739222304569,12.375397799406,3.005));
#11670=CARTESIAN_POINT('Ctrl Pts',(-12.6489998255244,12.3392014093426,3.005));
#11671=CARTESIAN_POINT('Ctrl Pts',(-12.6365029340085,12.3210513808396,3.005));
#11672=CARTESIAN_POINT('',(-12.6793495838937,12.4410224177506,3.03));
#11673=CARTESIAN_POINT('',(-12.6793495838937,12.4410224177506,3.005));
#11674=CARTESIAN_POINT('',(-12.6365029340085,12.3210513808396,3.03));
#11675=CARTESIAN_POINT('Ctrl Pts',(-12.6365029340085,12.3210513808396,3.03));
#11676=CARTESIAN_POINT('Ctrl Pts',(-12.6489998255244,12.3392014093426,3.03));
#11677=CARTESIAN_POINT('Ctrl Pts',(-12.6739222304569,12.375397799406,3.03));
#11678=CARTESIAN_POINT('Ctrl Pts',(-12.6775439236072,12.4191893514983,3.03));
#11679=CARTESIAN_POINT('Ctrl Pts',(-12.6793495838937,12.4410224177506,3.03));
#11680=CARTESIAN_POINT('',(-12.6365029340085,12.3210513808396,3.005));
#11681=CARTESIAN_POINT('Ctrl Pts',(-12.4829141323861,12.2393131472733,3.005));
#11682=CARTESIAN_POINT('Ctrl Pts',(-12.4829141323861,12.2393131472733,3.03));
#11683=CARTESIAN_POINT('Ctrl Pts',(-12.5155873770751,12.2484267768613,3.005));
#11684=CARTESIAN_POINT('Ctrl Pts',(-12.5155873770751,12.2484267768613,3.03));
#11685=CARTESIAN_POINT('Ctrl Pts',(-12.5730608109637,12.2644579850438,3.005));
#11686=CARTESIAN_POINT('Ctrl Pts',(-12.5730608109637,12.2644579850438,3.03));
#11687=CARTESIAN_POINT('Ctrl Pts',(-12.617379227094,12.3039921233218,3.005));
#11688=CARTESIAN_POINT('Ctrl Pts',(-12.617379227094,12.3039921233218,3.03));
#11689=CARTESIAN_POINT('Ctrl Pts',(-12.6365029340085,12.3210513808396,3.005));
#11690=CARTESIAN_POINT('Ctrl Pts',(-12.6365029340085,12.3210513808396,3.03));
#11691=CARTESIAN_POINT('',(-12.4829141323861,12.2393131472733,3.005));
#11692=CARTESIAN_POINT('Ctrl Pts',(-12.6365029340085,12.3210513808396,3.005));
#11693=CARTESIAN_POINT('Ctrl Pts',(-12.617379227094,12.3039921233218,3.005));
#11694=CARTESIAN_POINT('Ctrl Pts',(-12.5730608109637,12.2644579850438,3.005));
#11695=CARTESIAN_POINT('Ctrl Pts',(-12.5155873770751,12.2484267768613,3.005));
#11696=CARTESIAN_POINT('Ctrl Pts',(-12.4829141323861,12.2393131472733,3.005));
#11697=CARTESIAN_POINT('',(-12.4829141323861,12.2393131472733,3.03));
#11698=CARTESIAN_POINT('Ctrl Pts',(-12.4829141323861,12.2393131472733,3.03));
#11699=CARTESIAN_POINT('Ctrl Pts',(-12.5155873770751,12.2484267768613,3.03));
#11700=CARTESIAN_POINT('Ctrl Pts',(-12.5730608109637,12.2644579850438,3.03));
#11701=CARTESIAN_POINT('Ctrl Pts',(-12.617379227094,12.3039921233218,3.03));
#11702=CARTESIAN_POINT('Ctrl Pts',(-12.6365029340085,12.3210513808396,3.03));
#11703=CARTESIAN_POINT('',(-12.4829141323861,12.2393131472733,3.005));
#11704=CARTESIAN_POINT('Ctrl Pts',(-11.9990762596425,12.201080939975,3.005));
#11705=CARTESIAN_POINT('Ctrl Pts',(-11.9990762596425,12.201080939975,3.03));
#11706=CARTESIAN_POINT('Ctrl Pts',(-12.0963861149598,12.2009450646941,3.005));
#11707=CARTESIAN_POINT('Ctrl Pts',(-12.0963861149598,12.2009450646941,3.03));
#11708=CARTESIAN_POINT('Ctrl Pts',(-12.258838992758,12.2007182291865,3.005));
#11709=CARTESIAN_POINT('Ctrl Pts',(-12.258838992758,12.2007182291865,3.03));
#11710=CARTESIAN_POINT('Ctrl Pts',(-12.4187788301231,12.2282664209769,3.005));
#11711=CARTESIAN_POINT('Ctrl Pts',(-12.4187788301231,12.2282664209769,3.03));
#11712=CARTESIAN_POINT('Ctrl Pts',(-12.4829141323861,12.2393131472733,3.005));
#11713=CARTESIAN_POINT('Ctrl Pts',(-12.4829141323861,12.2393131472733,3.03));
#11714=CARTESIAN_POINT('',(-11.9990762596425,12.201080939975,3.005));
#11715=CARTESIAN_POINT('Ctrl Pts',(-12.4829141323861,12.2393131472733,3.005));
#11716=CARTESIAN_POINT('Ctrl Pts',(-12.4187788301231,12.2282664209769,3.005));
#11717=CARTESIAN_POINT('Ctrl Pts',(-12.258838992758,12.2007182291865,3.005));
#11718=CARTESIAN_POINT('Ctrl Pts',(-12.0963861149598,12.2009450646941,3.005));
#11719=CARTESIAN_POINT('Ctrl Pts',(-11.9990762596425,12.201080939975,3.005));
#11720=CARTESIAN_POINT('',(-11.9990762596425,12.201080939975,3.03));
#11721=CARTESIAN_POINT('Ctrl Pts',(-11.9990762596425,12.201080939975,3.03));
#11722=CARTESIAN_POINT('Ctrl Pts',(-12.0963861149598,12.2009450646941,3.03));
#11723=CARTESIAN_POINT('Ctrl Pts',(-12.258838992758,12.2007182291865,3.03));
#11724=CARTESIAN_POINT('Ctrl Pts',(-12.4187788301231,12.2282664209769,3.03));
#11725=CARTESIAN_POINT('Ctrl Pts',(-12.4829141323861,12.2393131472733,3.03));
#11726=CARTESIAN_POINT('',(-11.9990762596425,12.201080939975,3.005));
#11727=CARTESIAN_POINT('Ctrl Pts',(-11.5317177300748,12.2353583790925,3.005));
#11728=CARTESIAN_POINT('Ctrl Pts',(-11.5317177300748,12.2353583790925,3.03));
#11729=CARTESIAN_POINT('Ctrl Pts',(-11.5917551719738,12.2254771579541,3.005));
#11730=CARTESIAN_POINT('Ctrl Pts',(-11.5917551719738,12.2254771579541,3.03));
#11731=CARTESIAN_POINT('Ctrl Pts',(-11.7463374186989,12.2000353450512,3.005));
#11732=CARTESIAN_POINT('Ctrl Pts',(-11.7463374186989,12.2000353450512,3.03));
#11733=CARTESIAN_POINT('Ctrl Pts',(-11.9031607649574,12.2006841321319,3.005));
#11734=CARTESIAN_POINT('Ctrl Pts',(-11.9031607649574,12.2006841321319,3.03));
#11735=CARTESIAN_POINT('Ctrl Pts',(-11.9990762596425,12.201080939975,3.005));
#11736=CARTESIAN_POINT('Ctrl Pts',(-11.9990762596425,12.201080939975,3.03));
#11737=CARTESIAN_POINT('',(-11.5317177300748,12.2353583790925,3.005));
#11738=CARTESIAN_POINT('Ctrl Pts',(-11.9990762596425,12.201080939975,3.005));
#11739=CARTESIAN_POINT('Ctrl Pts',(-11.9031607649574,12.2006841321319,3.005));
#11740=CARTESIAN_POINT('Ctrl Pts',(-11.7463374186989,12.2000353450512,3.005));
#11741=CARTESIAN_POINT('Ctrl Pts',(-11.5917551719738,12.2254771579541,3.005));
#11742=CARTESIAN_POINT('Ctrl Pts',(-11.5317177300748,12.2353583790925,3.005));
#11743=CARTESIAN_POINT('',(-11.5317177300748,12.2353583790925,3.03));
#11744=CARTESIAN_POINT('Ctrl Pts',(-11.5317177300748,12.2353583790925,3.03));
#11745=CARTESIAN_POINT('Ctrl Pts',(-11.5917551719738,12.2254771579541,3.03));
#11746=CARTESIAN_POINT('Ctrl Pts',(-11.7463374186989,12.2000353450512,3.03));
#11747=CARTESIAN_POINT('Ctrl Pts',(-11.9031607649574,12.2006841321319,3.03));
#11748=CARTESIAN_POINT('Ctrl Pts',(-11.9990762596425,12.201080939975,3.03));
#11749=CARTESIAN_POINT('',(-11.5317177300748,12.2353583790925,3.005));
#11750=CARTESIAN_POINT('Ctrl Pts',(-11.3623085146245,12.3217106082108,3.005));
#11751=CARTESIAN_POINT('Ctrl Pts',(-11.3623085146245,12.3217106082108,3.03));
#11752=CARTESIAN_POINT('Ctrl Pts',(-11.3826958082115,12.304432242029,3.005));
#11753=CARTESIAN_POINT('Ctrl Pts',(-11.3826958082115,12.304432242029,3.03));
#11754=CARTESIAN_POINT('Ctrl Pts',(-11.4320758663442,12.2625823161007,3.005));
#11755=CARTESIAN_POINT('Ctrl Pts',(-11.4320758663442,12.2625823161007,3.03));
#11756=CARTESIAN_POINT('Ctrl Pts',(-11.4948568260611,12.2454294364911,3.005));
#11757=CARTESIAN_POINT('Ctrl Pts',(-11.4948568260611,12.2454294364911,3.03));
#11758=CARTESIAN_POINT('Ctrl Pts',(-11.5317177300748,12.2353583790925,3.005));
#11759=CARTESIAN_POINT('Ctrl Pts',(-11.5317177300748,12.2353583790925,3.03));
#11760=CARTESIAN_POINT('',(-11.3623085146245,12.3217106082108,3.005));
#11761=CARTESIAN_POINT('Ctrl Pts',(-11.5317177300748,12.2353583790925,3.005));
#11762=CARTESIAN_POINT('Ctrl Pts',(-11.4948568260611,12.2454294364911,3.005));
#11763=CARTESIAN_POINT('Ctrl Pts',(-11.4320758663442,12.2625823161007,3.005));
#11764=CARTESIAN_POINT('Ctrl Pts',(-11.3826958082115,12.304432242029,3.005));
#11765=CARTESIAN_POINT('Ctrl Pts',(-11.3623085146245,12.3217106082108,3.005));
#11766=CARTESIAN_POINT('',(-11.3623085146245,12.3217106082108,3.03));
#11767=CARTESIAN_POINT('Ctrl Pts',(-11.3623085146245,12.3217106082108,3.03));
#11768=CARTESIAN_POINT('Ctrl Pts',(-11.3826958082115,12.304432242029,3.03));
#11769=CARTESIAN_POINT('Ctrl Pts',(-11.4320758663442,12.2625823161007,3.03));
#11770=CARTESIAN_POINT('Ctrl Pts',(-11.4948568260611,12.2454294364911,3.03));
#11771=CARTESIAN_POINT('Ctrl Pts',(-11.5317177300748,12.2353583790925,3.03));
#11772=CARTESIAN_POINT('',(-11.3623085146245,12.3217106082108,3.005));
#11773=CARTESIAN_POINT('Ctrl Pts',(-11.3201210921105,12.4410224177506,3.005));
#11774=CARTESIAN_POINT('Ctrl Pts',(-11.3201210921105,12.4410224177506,3.03));
#11775=CARTESIAN_POINT('Ctrl Pts',(-11.3218726449945,12.4192496445833,3.005));
#11776=CARTESIAN_POINT('Ctrl Pts',(-11.3218726449945,12.4192496445833,3.03));
#11777=CARTESIAN_POINT('Ctrl Pts',(-11.3253726683529,12.3757424143078,3.005));
#11778=CARTESIAN_POINT('Ctrl Pts',(-11.3253726683529,12.3757424143078,3.03));
#11779=CARTESIAN_POINT('Ctrl Pts',(-11.3500037966024,12.3397106327226,3.005));
#11780=CARTESIAN_POINT('Ctrl Pts',(-11.3500037966024,12.3397106327226,3.03));
#11781=CARTESIAN_POINT('Ctrl Pts',(-11.3623085146245,12.3217106082108,3.005));
#11782=CARTESIAN_POINT('Ctrl Pts',(-11.3623085146245,12.3217106082108,3.03));
#11783=CARTESIAN_POINT('',(-11.3201210921105,12.4410224177506,3.005));
#11784=CARTESIAN_POINT('Ctrl Pts',(-11.3623085146245,12.3217106082108,3.005));
#11785=CARTESIAN_POINT('Ctrl Pts',(-11.3500037966024,12.3397106327226,3.005));
#11786=CARTESIAN_POINT('Ctrl Pts',(-11.3253726683529,12.3757424143078,3.005));
#11787=CARTESIAN_POINT('Ctrl Pts',(-11.3218726449945,12.4192496445833,3.005));
#11788=CARTESIAN_POINT('Ctrl Pts',(-11.3201210921105,12.4410224177506,3.005));
#11789=CARTESIAN_POINT('',(-11.3201210921105,12.4410224177506,3.03));
#11790=CARTESIAN_POINT('Ctrl Pts',(-11.3201210921105,12.4410224177506,3.03));
#11791=CARTESIAN_POINT('Ctrl Pts',(-11.3218726449945,12.4192496445833,3.03));
#11792=CARTESIAN_POINT('Ctrl Pts',(-11.3253726683529,12.3757424143078,3.03));
#11793=CARTESIAN_POINT('Ctrl Pts',(-11.3500037966024,12.3397106327226,3.03));
#11794=CARTESIAN_POINT('Ctrl Pts',(-11.3623085146245,12.3217106082108,3.03));
#11795=CARTESIAN_POINT('',(-11.3201210921105,12.4410224177506,3.005));
#11796=CARTESIAN_POINT('Ctrl Pts',(-11.3629677419957,12.5609928586152,3.005));
#11797=CARTESIAN_POINT('Ctrl Pts',(-11.3629677419957,12.5609928586152,3.03));
#11798=CARTESIAN_POINT('Ctrl Pts',(-11.3504708505736,12.5428428316225,3.005));
#11799=CARTESIAN_POINT('Ctrl Pts',(-11.3504708505736,12.5428428316225,3.03));
#11800=CARTESIAN_POINT('Ctrl Pts',(-11.3255485590463,12.5066466090054,3.005));
#11801=CARTESIAN_POINT('Ctrl Pts',(-11.3255485590463,12.5066466090054,3.03));
#11802=CARTESIAN_POINT('Ctrl Pts',(-11.3219267846524,12.4628552753457,3.005));
#11803=CARTESIAN_POINT('Ctrl Pts',(-11.3219267846524,12.4628552753457,3.03));
#11804=CARTESIAN_POINT('Ctrl Pts',(-11.3201210921105,12.4410224177506,3.005));
#11805=CARTESIAN_POINT('Ctrl Pts',(-11.3201210921105,12.4410224177506,3.03));
#11806=CARTESIAN_POINT('',(-11.3629677419957,12.5609928586152,3.005));
#11807=CARTESIAN_POINT('Ctrl Pts',(-11.3201210921105,12.4410224177506,3.005));
#11808=CARTESIAN_POINT('Ctrl Pts',(-11.3219267846524,12.4628552753457,3.005));
#11809=CARTESIAN_POINT('Ctrl Pts',(-11.3255485590463,12.5066466090054,3.005));
#11810=CARTESIAN_POINT('Ctrl Pts',(-11.3504708505736,12.5428428316225,3.005));
#11811=CARTESIAN_POINT('Ctrl Pts',(-11.3629677419957,12.5609928586152,3.005));
#11812=CARTESIAN_POINT('',(-11.3629677419957,12.5609928586152,3.03));
#11813=CARTESIAN_POINT('Ctrl Pts',(-11.3629677419957,12.5609928586152,3.03));
#11814=CARTESIAN_POINT('Ctrl Pts',(-11.3504708505736,12.5428428316225,3.03));
#11815=CARTESIAN_POINT('Ctrl Pts',(-11.3255485590463,12.5066466090054,3.03));
#11816=CARTESIAN_POINT('Ctrl Pts',(-11.3219267846524,12.4628552753457,3.03));
#11817=CARTESIAN_POINT('Ctrl Pts',(-11.3201210921105,12.4410224177506,3.03));
#11818=CARTESIAN_POINT('',(-11.3629677419957,12.5609928586152,3.005));
#11819=CARTESIAN_POINT('Ctrl Pts',(-11.5165566926297,12.6427310921815,3.005));
#11820=CARTESIAN_POINT('Ctrl Pts',(-11.5165566926297,12.6427310921815,3.03));
#11821=CARTESIAN_POINT('Ctrl Pts',(-11.4838834085394,12.6336177334826,3.005));
#11822=CARTESIAN_POINT('Ctrl Pts',(-11.4838834085394,12.6336177334826,3.03));
#11823=CARTESIAN_POINT('Ctrl Pts',(-11.4264096955213,12.6175869432798,3.005));
#11824=CARTESIAN_POINT('Ctrl Pts',(-11.4264096955213,12.6175869432798,3.03));
#11825=CARTESIAN_POINT('Ctrl Pts',(-11.3820914620642,12.5780523811001,3.005));
#11826=CARTESIAN_POINT('Ctrl Pts',(-11.3820914620642,12.5780523811001,3.03));
#11827=CARTESIAN_POINT('Ctrl Pts',(-11.3629677419957,12.5609928586152,3.005));
#11828=CARTESIAN_POINT('Ctrl Pts',(-11.3629677419957,12.5609928586152,3.03));
#11829=CARTESIAN_POINT('',(-11.5165566926297,12.6427310921815,3.005));
#11830=CARTESIAN_POINT('Ctrl Pts',(-11.3629677419957,12.5609928586152,3.005));
#11831=CARTESIAN_POINT('Ctrl Pts',(-11.3820914620642,12.5780523811001,3.005));
#11832=CARTESIAN_POINT('Ctrl Pts',(-11.4264096955213,12.6175869432798,3.005));
#11833=CARTESIAN_POINT('Ctrl Pts',(-11.4838834085394,12.6336177334826,3.005));
#11834=CARTESIAN_POINT('Ctrl Pts',(-11.5165566926297,12.6427310921815,3.005));
#11835=CARTESIAN_POINT('',(-11.5165566926297,12.6427310921815,3.03));
#11836=CARTESIAN_POINT('Ctrl Pts',(-11.5165566926297,12.6427310921815,3.03));
#11837=CARTESIAN_POINT('Ctrl Pts',(-11.4838834085394,12.6336177334826,3.03));
#11838=CARTESIAN_POINT('Ctrl Pts',(-11.4264096955213,12.6175869432798,3.03));
#11839=CARTESIAN_POINT('Ctrl Pts',(-11.3820914620642,12.5780523811001,3.03));
#11840=CARTESIAN_POINT('Ctrl Pts',(-11.3629677419957,12.5609928586152,3.03));
#11841=CARTESIAN_POINT('',(-11.5165566926297,12.6427310921815,3.005));
#11842=CARTESIAN_POINT('Ctrl Pts',(-11.9990762596425,12.6809638955262,3.005));
#11843=CARTESIAN_POINT('Ctrl Pts',(-11.9990762596425,12.6809638955262,3.03));
#11844=CARTESIAN_POINT('Ctrl Pts',(-11.9018729531738,12.6811217706793,3.005));
#11845=CARTESIAN_POINT('Ctrl Pts',(-11.9018729531738,12.6811217706793,3.03));
#11846=CARTESIAN_POINT('Ctrl Pts',(-11.7398510260359,12.6813849225975,3.005));
#11847=CARTESIAN_POINT('Ctrl Pts',(-11.7398510260359,12.6813849225975,3.03));
#11848=CARTESIAN_POINT('Ctrl Pts',(-11.5803619991966,12.6537762425982,3.005));
#11849=CARTESIAN_POINT('Ctrl Pts',(-11.5803619991966,12.6537762425982,3.03));
#11850=CARTESIAN_POINT('Ctrl Pts',(-11.5165566926297,12.6427310921815,3.005));
#11851=CARTESIAN_POINT('Ctrl Pts',(-11.5165566926297,12.6427310921815,3.03));
#11852=CARTESIAN_POINT('',(-11.9990762596425,12.6809638955262,3.005));
#11853=CARTESIAN_POINT('Ctrl Pts',(-11.5165566926297,12.6427310921815,3.005));
#11854=CARTESIAN_POINT('Ctrl Pts',(-11.5803619991966,12.6537762425982,3.005));
#11855=CARTESIAN_POINT('Ctrl Pts',(-11.7398510260359,12.6813849225975,3.005));
#11856=CARTESIAN_POINT('Ctrl Pts',(-11.9018729531738,12.6811217706793,3.005));
#11857=CARTESIAN_POINT('Ctrl Pts',(-11.9990762596425,12.6809638955262,3.005));
#11858=CARTESIAN_POINT('',(-11.9990762596425,12.6809638955262,3.03));
#11859=CARTESIAN_POINT('Ctrl Pts',(-11.9990762596425,12.6809638955262,3.03));
#11860=CARTESIAN_POINT('Ctrl Pts',(-11.9018729531738,12.6811217706793,3.03));
#11861=CARTESIAN_POINT('Ctrl Pts',(-11.7398510260359,12.6813849225975,3.03));
#11862=CARTESIAN_POINT('Ctrl Pts',(-11.5803619991966,12.6537762425982,3.03));
#11863=CARTESIAN_POINT('Ctrl Pts',(-11.5165566926297,12.6427310921815,3.03));
#11864=CARTESIAN_POINT('',(-11.9990762596425,12.6809638955262,3.005));
#11865=CARTESIAN_POINT('Ctrl Pts',(-12.4664346401986,12.6466864564088,3.005));
#11866=CARTESIAN_POINT('Ctrl Pts',(-12.4664346401986,12.6466864564088,3.03));
#11867=CARTESIAN_POINT('Ctrl Pts',(-12.4063971983299,12.6565676777807,3.005));
#11868=CARTESIAN_POINT('Ctrl Pts',(-12.4063971983299,12.6565676777807,3.03));
#11869=CARTESIAN_POINT('Ctrl Pts',(-12.2518150007429,12.6820094832105,3.005));
#11870=CARTESIAN_POINT('Ctrl Pts',(-12.2518150007429,12.6820094832105,3.03));
#11871=CARTESIAN_POINT('Ctrl Pts',(-12.0949917044423,12.6813607005723,3.005));
#11872=CARTESIAN_POINT('Ctrl Pts',(-12.0949917044423,12.6813607005723,3.03));
#11873=CARTESIAN_POINT('Ctrl Pts',(-11.9990762596425,12.6809638955262,3.005));
#11874=CARTESIAN_POINT('Ctrl Pts',(-11.9990762596425,12.6809638955262,3.03));
#11875=CARTESIAN_POINT('',(-12.4664346401986,12.6466864564088,3.005));
#11876=CARTESIAN_POINT('Ctrl Pts',(-11.9990762596425,12.6809638955262,3.005));
#11877=CARTESIAN_POINT('Ctrl Pts',(-12.0949917044423,12.6813607005723,3.005));
#11878=CARTESIAN_POINT('Ctrl Pts',(-12.2518150007429,12.6820094832105,3.005));
#11879=CARTESIAN_POINT('Ctrl Pts',(-12.4063971983299,12.6565676777807,3.005));
#11880=CARTESIAN_POINT('Ctrl Pts',(-12.4664346401986,12.6466864564088,3.005));
#11881=CARTESIAN_POINT('',(-12.4664346401986,12.6466864564088,3.03));
#11882=CARTESIAN_POINT('Ctrl Pts',(-12.4664346401986,12.6466864564088,3.03));
#11883=CARTESIAN_POINT('Ctrl Pts',(-12.4063971983299,12.6565676777807,3.03));
#11884=CARTESIAN_POINT('Ctrl Pts',(-12.2518150007429,12.6820094832105,3.03));
#11885=CARTESIAN_POINT('Ctrl Pts',(-12.0949917044423,12.6813607005723,3.03));
#11886=CARTESIAN_POINT('Ctrl Pts',(-11.9990762596425,12.6809638955262,3.03));
#11887=CARTESIAN_POINT('',(-12.4664346401986,12.6466864564088,3.005));
#11888=CARTESIAN_POINT('Ctrl Pts',(-12.6365029340085,12.560333631244,3.005));
#11889=CARTESIAN_POINT('Ctrl Pts',(-12.6365029340085,12.560333631244,3.03));
#11890=CARTESIAN_POINT('Ctrl Pts',(-12.615945045706,12.577608422024,3.005));
#11891=CARTESIAN_POINT('Ctrl Pts',(-12.615945045706,12.577608422024,3.03));
#11892=CARTESIAN_POINT('Ctrl Pts',(-12.5662571163336,12.6193611824033,3.005));
#11893=CARTESIAN_POINT('Ctrl Pts',(-12.5662571163336,12.6193611824033,3.03));
#11894=CARTESIAN_POINT('Ctrl Pts',(-12.5033276585445,12.6365874098391,3.005));
#11895=CARTESIAN_POINT('Ctrl Pts',(-12.5033276585445,12.6365874098391,3.03));
#11896=CARTESIAN_POINT('Ctrl Pts',(-12.4664346401986,12.6466864564088,3.005));
#11897=CARTESIAN_POINT('Ctrl Pts',(-12.4664346401986,12.6466864564088,3.03));
#11898=CARTESIAN_POINT('',(-12.6365029340085,12.560333631244,3.005));
#11899=CARTESIAN_POINT('Ctrl Pts',(-12.4664346401986,12.6466864564088,3.005));
#11900=CARTESIAN_POINT('Ctrl Pts',(-12.5033276585445,12.6365874098391,3.005));
#11901=CARTESIAN_POINT('Ctrl Pts',(-12.5662571163336,12.6193611824033,3.005));
#11902=CARTESIAN_POINT('Ctrl Pts',(-12.615945045706,12.577608422024,3.005));
#11903=CARTESIAN_POINT('Ctrl Pts',(-12.6365029340085,12.560333631244,3.005));
#11904=CARTESIAN_POINT('',(-12.6365029340085,12.560333631244,3.03));
#11905=CARTESIAN_POINT('Ctrl Pts',(-12.6365029340085,12.560333631244,3.03));
#11906=CARTESIAN_POINT('Ctrl Pts',(-12.615945045706,12.577608422024,3.03));
#11907=CARTESIAN_POINT('Ctrl Pts',(-12.5662571163336,12.6193611824033,3.03));
#11908=CARTESIAN_POINT('Ctrl Pts',(-12.5033276585445,12.6365874098391,3.03));
#11909=CARTESIAN_POINT('Ctrl Pts',(-12.4664346401986,12.6466864564088,3.03));
#11910=CARTESIAN_POINT('',(-12.6365029340085,12.560333631244,3.005));
#11911=CARTESIAN_POINT('Ctrl Pts',(-12.6793495838937,12.4410224177506,3.005));
#11912=CARTESIAN_POINT('Ctrl Pts',(-12.6793495838937,12.4410224177506,3.03));
#11913=CARTESIAN_POINT('Ctrl Pts',(-12.6775585252252,12.4628098991764,3.005));
#11914=CARTESIAN_POINT('Ctrl Pts',(-12.6775585252252,12.4628098991764,3.03));
#11915=CARTESIAN_POINT('Ctrl Pts',(-12.6739735112242,12.5064200987365,3.005));
#11916=CARTESIAN_POINT('Ctrl Pts',(-12.6739735112242,12.5064200987365,3.03));
#11917=CARTESIAN_POINT('Ctrl Pts',(-12.6489998525889,12.5423527759651,3.005));
#11918=CARTESIAN_POINT('Ctrl Pts',(-12.6489998525889,12.5423527759651,3.03));
#11919=CARTESIAN_POINT('Ctrl Pts',(-12.6365029340085,12.560333631244,3.005));
#11920=CARTESIAN_POINT('Ctrl Pts',(-12.6365029340085,12.560333631244,3.03));
#11921=CARTESIAN_POINT('Ctrl Pts',(-12.6365029340085,12.560333631244,3.005));
#11922=CARTESIAN_POINT('Ctrl Pts',(-12.6489998525889,12.5423527759651,3.005));
#11923=CARTESIAN_POINT('Ctrl Pts',(-12.6739735112242,12.5064200987365,3.005));
#11924=CARTESIAN_POINT('Ctrl Pts',(-12.6775585252252,12.4628098991764,3.005));
#11925=CARTESIAN_POINT('Ctrl Pts',(-12.6793495838937,12.4410224177506,3.005));
#11926=CARTESIAN_POINT('Ctrl Pts',(-12.6793495838937,12.4410224177506,3.03));
#11927=CARTESIAN_POINT('Ctrl Pts',(-12.6775585252252,12.4628098991764,3.03));
#11928=CARTESIAN_POINT('Ctrl Pts',(-12.6739735112242,12.5064200987365,3.03));
#11929=CARTESIAN_POINT('Ctrl Pts',(-12.6489998525889,12.5423527759651,3.03));
#11930=CARTESIAN_POINT('Ctrl Pts',(-12.6365029340085,12.560333631244,3.03));
#11931=CARTESIAN_POINT('Ctrl Pts',(-12.7861368184384,12.8800362565186,3.005));
#11932=CARTESIAN_POINT('Ctrl Pts',(-12.7861368184384,12.8800362565186,3.03));
#11933=CARTESIAN_POINT('Ctrl Pts',(-12.8445715592585,12.8209578963788,3.005));
#11934=CARTESIAN_POINT('Ctrl Pts',(-12.8445715592585,12.8209578963788,3.03));
#11935=CARTESIAN_POINT('Ctrl Pts',(-12.9647741335252,12.6994313717019,3.005));
#11936=CARTESIAN_POINT('Ctrl Pts',(-12.9647741335252,12.6994313717019,3.03));
#11937=CARTESIAN_POINT('Ctrl Pts',(-12.9791434531685,12.528736466586,3.005));
#11938=CARTESIAN_POINT('Ctrl Pts',(-12.9791434531685,12.528736466586,3.03));
#11939=CARTESIAN_POINT('Ctrl Pts',(-12.9865273361501,12.4410224177506,3.005));
#11940=CARTESIAN_POINT('Ctrl Pts',(-12.9865273361501,12.4410224177506,3.03));
#11941=CARTESIAN_POINT('',(-12.9865273361501,12.4410224177506,3.03));
#11942=CARTESIAN_POINT('',(-12.9865273361501,12.4410224177506,3.005));
#11943=CARTESIAN_POINT('',(-12.7861368184384,12.8800362565186,3.03));
#11944=CARTESIAN_POINT('Ctrl Pts',(-12.7861368184384,12.8800362565186,3.03));
#11945=CARTESIAN_POINT('Ctrl Pts',(-12.8445715592585,12.8209578963788,3.03));
#11946=CARTESIAN_POINT('Ctrl Pts',(-12.9647741335252,12.6994313717019,3.03));
#11947=CARTESIAN_POINT('Ctrl Pts',(-12.9791434531685,12.528736466586,3.03));
#11948=CARTESIAN_POINT('Ctrl Pts',(-12.9865273361501,12.4410224177506,3.03));
#11949=CARTESIAN_POINT('',(-12.7861368184384,12.8800362565186,3.005));
#11950=CARTESIAN_POINT('Ctrl Pts',(-11.9990762596425,13.0685615756181,3.005));
#11951=CARTESIAN_POINT('Ctrl Pts',(-11.9990762596425,13.0685615756181,3.03));
#11952=CARTESIAN_POINT('Ctrl Pts',(-12.1600611152031,13.0669958550385,3.005));
#11953=CARTESIAN_POINT('Ctrl Pts',(-12.1600611152031,13.0669958550385,3.03));
#11954=CARTESIAN_POINT('Ctrl Pts',(-12.4384444368105,13.0642883301963,3.005));
#11955=CARTESIAN_POINT('Ctrl Pts',(-12.4384444368105,13.0642883301963,3.03));
#11956=CARTESIAN_POINT('Ctrl Pts',(-12.6830028351866,12.9346898850848,3.005));
#11957=CARTESIAN_POINT('Ctrl Pts',(-12.6830028351866,12.9346898850848,3.03));
#11958=CARTESIAN_POINT('Ctrl Pts',(-12.7861368184384,12.8800362565186,3.005));
#11959=CARTESIAN_POINT('Ctrl Pts',(-12.7861368184384,12.8800362565186,3.03));
#11960=CARTESIAN_POINT('',(-11.9990762596425,13.0685615756181,3.03));
#11961=CARTESIAN_POINT('Ctrl Pts',(-11.9990762596425,13.0685615756181,3.03));
#11962=CARTESIAN_POINT('Ctrl Pts',(-12.1600611152031,13.0669958550385,3.03));
#11963=CARTESIAN_POINT('Ctrl Pts',(-12.4384444368105,13.0642883301963,3.03));
#11964=CARTESIAN_POINT('Ctrl Pts',(-12.6830028351866,12.9346898850848,3.03));
#11965=CARTESIAN_POINT('Ctrl Pts',(-12.7861368184384,12.8800362565186,3.03));
#11966=CARTESIAN_POINT('',(-11.9990762596425,13.0685615756181,3.005));
#11967=CARTESIAN_POINT('Ctrl Pts',(-11.2106972461042,12.8787178017762,3.005));
#11968=CARTESIAN_POINT('Ctrl Pts',(-11.2106972461042,12.8787178017762,3.03));
#11969=CARTESIAN_POINT('Ctrl Pts',(-11.3143575906667,12.9337655007949,3.005));
#11970=CARTESIAN_POINT('Ctrl Pts',(-11.3143575906667,12.9337655007949,3.03));
#11971=CARTESIAN_POINT('Ctrl Pts',(-11.5592957265769,13.0638372349829,3.005));
#11972=CARTESIAN_POINT('Ctrl Pts',(-11.5592957265769,13.0638372349829,3.03));
#11973=CARTESIAN_POINT('Ctrl Pts',(-11.8382045347752,13.0668334117507,3.005));
#11974=CARTESIAN_POINT('Ctrl Pts',(-11.8382045347752,13.0668334117507,3.03));
#11975=CARTESIAN_POINT('Ctrl Pts',(-11.9990762596425,13.0685615756181,3.005));
#11976=CARTESIAN_POINT('Ctrl Pts',(-11.9990762596425,13.0685615756181,3.03));
#11977=CARTESIAN_POINT('',(-11.2106972461042,12.8787178017762,3.03));
#11978=CARTESIAN_POINT('Ctrl Pts',(-11.2106972461042,12.8787178017762,3.03));
#11979=CARTESIAN_POINT('Ctrl Pts',(-11.3143575906667,12.9337655007949,3.03));
#11980=CARTESIAN_POINT('Ctrl Pts',(-11.5592957265769,13.0638372349829,3.03));
#11981=CARTESIAN_POINT('Ctrl Pts',(-11.8382045347752,13.0668334117507,3.03));
#11982=CARTESIAN_POINT('Ctrl Pts',(-11.9990762596425,13.0685615756181,3.03));
#11983=CARTESIAN_POINT('',(-11.2106972461042,12.8787178017762,3.005));
#11984=CARTESIAN_POINT('Ctrl Pts',(-11.0129433398542,12.4410224177506,3.005));
#11985=CARTESIAN_POINT('Ctrl Pts',(-11.0129433398542,12.4410224177506,3.03));
#11986=CARTESIAN_POINT('Ctrl Pts',(-11.0201120782732,12.5285895657827,3.005));
#11987=CARTESIAN_POINT('Ctrl Pts',(-11.0201120782732,12.5285895657827,3.03));
#11988=CARTESIAN_POINT('Ctrl Pts',(-11.0340183645716,12.6984568087609,3.005));
#11989=CARTESIAN_POINT('Ctrl Pts',(-11.0340183645716,12.6984568087609,3.03));
#11990=CARTESIAN_POINT('Ctrl Pts',(-11.1530343907765,12.8198858493023,3.005));
#11991=CARTESIAN_POINT('Ctrl Pts',(-11.1530343907765,12.8198858493023,3.03));
#11992=CARTESIAN_POINT('Ctrl Pts',(-11.2106972461042,12.8787178017762,3.005));
#11993=CARTESIAN_POINT('Ctrl Pts',(-11.2106972461042,12.8787178017762,3.03));
#11994=CARTESIAN_POINT('',(-11.0129433398542,12.4410224177506,3.03));
#11995=CARTESIAN_POINT('Ctrl Pts',(-11.0129433398542,12.4410224177506,3.03));
#11996=CARTESIAN_POINT('Ctrl Pts',(-11.0201120782732,12.5285895657827,3.03));
#11997=CARTESIAN_POINT('Ctrl Pts',(-11.0340183645716,12.6984568087609,3.03));
#11998=CARTESIAN_POINT('Ctrl Pts',(-11.1530343907765,12.8198858493023,3.03));
#11999=CARTESIAN_POINT('Ctrl Pts',(-11.2106972461042,12.8787178017762,3.03));
#12000=CARTESIAN_POINT('',(-11.0129433398542,12.4410224177506,3.005));
#12001=CARTESIAN_POINT('Ctrl Pts',(-11.2298134987649,11.9861883141663,3.005));
#12002=CARTESIAN_POINT('Ctrl Pts',(-11.2298134987649,11.9861883141663,3.03));
#12003=CARTESIAN_POINT('Ctrl Pts',(-11.1665601875092,12.0485533943444,3.005));
#12004=CARTESIAN_POINT('Ctrl Pts',(-11.1665601875092,12.0485533943444,3.03));
#12005=CARTESIAN_POINT('Ctrl Pts',(-11.0394058786102,12.1739221459885,3.005));
#12006=CARTESIAN_POINT('Ctrl Pts',(-11.0394058786102,12.1739221459885,3.03));
#12007=CARTESIAN_POINT('Ctrl Pts',(-11.0217940891858,12.351687166376,3.005));
#12008=CARTESIAN_POINT('Ctrl Pts',(-11.0217940891858,12.351687166376,3.03));
#12009=CARTESIAN_POINT('Ctrl Pts',(-11.0129433398542,12.4410224177506,3.005));
#12010=CARTESIAN_POINT('Ctrl Pts',(-11.0129433398542,12.4410224177506,3.03));
#12011=CARTESIAN_POINT('',(-11.2298134987649,11.9861883141663,3.03));
#12012=CARTESIAN_POINT('Ctrl Pts',(-11.2298134987649,11.9861883141663,3.03));
#12013=CARTESIAN_POINT('Ctrl Pts',(-11.1665601875092,12.0485533943444,3.03));
#12014=CARTESIAN_POINT('Ctrl Pts',(-11.0394058786102,12.1739221459885,3.03));
#12015=CARTESIAN_POINT('Ctrl Pts',(-11.0217940891858,12.351687166376,3.03));
#12016=CARTESIAN_POINT('Ctrl Pts',(-11.0129433398542,12.4410224177506,3.03));
#12017=CARTESIAN_POINT('',(-11.2298134987649,11.9861883141663,3.005));
#12018=CARTESIAN_POINT('Ctrl Pts',(-12.0030313258466,11.8134832598832,3.005));
#12019=CARTESIAN_POINT('Ctrl Pts',(-12.0030313258466,11.8134832598832,3.03));
#12020=CARTESIAN_POINT('Ctrl Pts',(-11.8422878217103,11.8137450854091,3.005));
#12021=CARTESIAN_POINT('Ctrl Pts',(-11.8422878217103,11.8137450854091,3.03));
#12022=CARTESIAN_POINT('Ctrl Pts',(-11.5700592795303,11.8141885022775,3.005));
#12023=CARTESIAN_POINT('Ctrl Pts',(-11.5700592795303,11.8141885022775,3.03));
#12024=CARTESIAN_POINT('Ctrl Pts',(-11.3286693010295,11.9362150878845,3.005));
#12025=CARTESIAN_POINT('Ctrl Pts',(-11.3286693010295,11.9362150878845,3.03));
#12026=CARTESIAN_POINT('Ctrl Pts',(-11.2298134987649,11.9861883141663,3.005));
#12027=CARTESIAN_POINT('Ctrl Pts',(-11.2298134987649,11.9861883141663,3.03));
#12028=CARTESIAN_POINT('',(-12.0030313258466,11.8134832598832,3.03));
#12029=CARTESIAN_POINT('Ctrl Pts',(-12.0030313258466,11.8134832598832,3.03));
#12030=CARTESIAN_POINT('Ctrl Pts',(-11.8422878217103,11.8137450854091,3.03));
#12031=CARTESIAN_POINT('Ctrl Pts',(-11.5700592795303,11.8141885022775,3.03));
#12032=CARTESIAN_POINT('Ctrl Pts',(-11.3286693010295,11.9362150878845,3.03));
#12033=CARTESIAN_POINT('Ctrl Pts',(-11.2298134987649,11.9861883141663,3.03));
#12034=CARTESIAN_POINT('',(-12.0030313258466,11.8134832598832,3.005));
#12035=CARTESIAN_POINT('Ctrl Pts',(-12.7887734299001,12.003327033725,3.005));
#12036=CARTESIAN_POINT('Ctrl Pts',(-12.7887734299001,12.003327033725,3.03));
#12037=CARTESIAN_POINT('Ctrl Pts',(-12.6853389462405,11.9482746814835,3.005));
#12038=CARTESIAN_POINT('Ctrl Pts',(-12.6853389462405,11.9482746814835,3.03));
#12039=CARTESIAN_POINT('Ctrl Pts',(-12.4412767934009,11.8183741383419,3.005));
#12040=CARTESIAN_POINT('Ctrl Pts',(-12.4412767934009,11.8183741383419,3.03));
#12041=CARTESIAN_POINT('Ctrl Pts',(-12.163236860548,11.8152711752335,3.005));
#12042=CARTESIAN_POINT('Ctrl Pts',(-12.163236860548,11.8152711752335,3.03));
#12043=CARTESIAN_POINT('Ctrl Pts',(-12.0030313258466,11.8134832598832,3.005));
#12044=CARTESIAN_POINT('Ctrl Pts',(-12.0030313258466,11.8134832598832,3.03));
#12045=CARTESIAN_POINT('',(-12.7887734299001,12.003327033725,3.03));
#12046=CARTESIAN_POINT('Ctrl Pts',(-12.7887734299001,12.003327033725,3.03));
#12047=CARTESIAN_POINT('Ctrl Pts',(-12.6853389462405,11.9482746814835,3.03));
#12048=CARTESIAN_POINT('Ctrl Pts',(-12.4412767934009,11.8183741383419,3.03));
#12049=CARTESIAN_POINT('Ctrl Pts',(-12.163236860548,11.8152711752335,3.03));
#12050=CARTESIAN_POINT('Ctrl Pts',(-12.0030313258466,11.8134832598832,3.03));
#12051=CARTESIAN_POINT('',(-12.7887734299001,12.003327033725,3.005));
#12052=CARTESIAN_POINT('Ctrl Pts',(-12.9865273361501,12.4410224177506,3.005));
#12053=CARTESIAN_POINT('Ctrl Pts',(-12.9865273361501,12.4410224177506,3.03));
#12054=CARTESIAN_POINT('Ctrl Pts',(-12.9793585977311,12.3534552697185,3.005));
#12055=CARTESIAN_POINT('Ctrl Pts',(-12.9793585977311,12.3534552697185,3.03));
#12056=CARTESIAN_POINT('Ctrl Pts',(-12.9654523114327,12.1835880267403,3.005));
#12057=CARTESIAN_POINT('Ctrl Pts',(-12.9654523114327,12.1835880267403,3.03));
#12058=CARTESIAN_POINT('Ctrl Pts',(-12.8464362852278,12.0621589861989,3.005));
#12059=CARTESIAN_POINT('Ctrl Pts',(-12.8464362852278,12.0621589861989,3.03));
#12060=CARTESIAN_POINT('Ctrl Pts',(-12.7887734299001,12.003327033725,3.005));
#12061=CARTESIAN_POINT('Ctrl Pts',(-12.7887734299001,12.003327033725,3.03));
#12062=CARTESIAN_POINT('Ctrl Pts',(-12.9865273361501,12.4410224177506,3.03));
#12063=CARTESIAN_POINT('Ctrl Pts',(-12.9793585977311,12.3534552697185,3.03));
#12064=CARTESIAN_POINT('Ctrl Pts',(-12.9654523114327,12.1835880267403,3.03));
#12065=CARTESIAN_POINT('Ctrl Pts',(-12.8464362852278,12.0621589861989,3.03));
#12066=CARTESIAN_POINT('Ctrl Pts',(-12.7887734299001,12.003327033725,3.03));
#12067=CARTESIAN_POINT('Origin',(-11.9997353380021,10.1556465246346,3.03));
#12068=CARTESIAN_POINT('Origin',(-8.,8.5,3.005));
#12069=CARTESIAN_POINT('Origin',(-11.9318398361501,10.2024483897355,3.005));
#12070=CARTESIAN_POINT('',(-11.5613808756169,10.2024483897355,3.03));
#12071=CARTESIAN_POINT('',(-11.5613808756169,10.2024483897355,3.005));
#12072=CARTESIAN_POINT('',(-11.9318398361501,10.2024483897355,3.03));
#12073=CARTESIAN_POINT('',(-11.5613808756169,10.2024483897355,3.03));
#12074=CARTESIAN_POINT('',(-11.9318398361501,10.2024483897355,3.005));
#12075=CARTESIAN_POINT('Origin',(-11.9318398361501,10.9301829554703,3.005));
#12076=CARTESIAN_POINT('',(-11.9318398361501,10.9301829554703,3.03));
#12077=CARTESIAN_POINT('',(-11.9318398361501,10.2024483897355,3.03));
#12078=CARTESIAN_POINT('',(-11.9318398361501,10.9301829554703,3.005));
#12079=CARTESIAN_POINT('Origin',(-11.5613808756169,10.9301829554703,3.005));
#12080=CARTESIAN_POINT('',(-11.5613808756169,10.9301829554703,3.03));
#12081=CARTESIAN_POINT('',(-11.9318398361501,10.9301829554703,3.03));
#12082=CARTESIAN_POINT('',(-11.5613808756169,10.9301829554703,3.005));
#12083=CARTESIAN_POINT('Origin',(-11.5613808756169,10.2024483897355,3.005));
#12084=CARTESIAN_POINT('',(-11.5613808756169,10.9301829554703,3.03));
#12085=CARTESIAN_POINT('Origin',(-11.9997353380021,10.1556465246346,3.03));
#12086=CARTESIAN_POINT('Ctrl Pts',(-11.6615761344728,8.53999706288841,3.005));
#12087=CARTESIAN_POINT('Ctrl Pts',(-11.6615761344728,8.53999706288841,3.03));
#12088=CARTESIAN_POINT('Ctrl Pts',(-11.6711395529414,8.58465927651348,3.005));
#12089=CARTESIAN_POINT('Ctrl Pts',(-11.6711395529414,8.58465927651348,3.03));
#12090=CARTESIAN_POINT('Ctrl Pts',(-11.6873764118328,8.66048718917742,3.005));
#12091=CARTESIAN_POINT('Ctrl Pts',(-11.6873764118328,8.66048718917742,3.03));
#12092=CARTESIAN_POINT('Ctrl Pts',(-11.7092680702271,8.73486622859137,3.005));
#12093=CARTESIAN_POINT('Ctrl Pts',(-11.7092680702271,8.73486622859137,3.03));
#12094=CARTESIAN_POINT('Ctrl Pts',(-11.7182656650838,8.76543643256691,3.005));
#12095=CARTESIAN_POINT('Ctrl Pts',(-11.7182656650838,8.76543643256691,3.03));
#12096=CARTESIAN_POINT('',(-11.7182656650838,8.76543643256691,3.005));
#12097=CARTESIAN_POINT('',(-11.6615761344728,8.53999706288841,3.005));
#12098=CARTESIAN_POINT('Ctrl Pts',(-11.7182656650838,8.76543643256691,3.005));
#12099=CARTESIAN_POINT('Ctrl Pts',(-11.7092680702271,8.73486622859137,3.005));
#12100=CARTESIAN_POINT('Ctrl Pts',(-11.6873764118328,8.66048718917742,3.005));
#12101=CARTESIAN_POINT('Ctrl Pts',(-11.6711395529414,8.58465927651348,3.005));
#12102=CARTESIAN_POINT('Ctrl Pts',(-11.6615761344728,8.53999706288841,3.005));
#12103=CARTESIAN_POINT('',(-11.7182656650838,8.76543643256691,3.03));
#12104=CARTESIAN_POINT('',(-11.7182656650838,8.76543643256691,3.005));
#12105=CARTESIAN_POINT('',(-11.6615761344728,8.53999706288841,3.03));
#12106=CARTESIAN_POINT('Ctrl Pts',(-11.6615761344728,8.53999706288841,3.03));
#12107=CARTESIAN_POINT('Ctrl Pts',(-11.6711395529414,8.58465927651348,3.03));
#12108=CARTESIAN_POINT('Ctrl Pts',(-11.6873764118328,8.66048718917742,3.03));
#12109=CARTESIAN_POINT('Ctrl Pts',(-11.7092680702271,8.73486622859137,3.03));
#12110=CARTESIAN_POINT('Ctrl Pts',(-11.7182656650838,8.76543643256691,3.03));
#12111=CARTESIAN_POINT('',(-11.6615761344728,8.53999706288841,3.005));
#12112=CARTESIAN_POINT('Ctrl Pts',(-11.5969764714536,8.33828809043434,3.005));
#12113=CARTESIAN_POINT('Ctrl Pts',(-11.5969764714536,8.33828809043434,3.03));
#12114=CARTESIAN_POINT('Ctrl Pts',(-11.6083907672425,8.36274890492963,3.005));
#12115=CARTESIAN_POINT('Ctrl Pts',(-11.6083907672425,8.36274890492963,3.03));
#12116=CARTESIAN_POINT('Ctrl Pts',(-11.6384142038043,8.427089073244,3.005));
#12117=CARTESIAN_POINT('Ctrl Pts',(-11.6384142038043,8.427089073244,3.03));
#12118=CARTESIAN_POINT('Ctrl Pts',(-11.6527132764463,8.49679308751166,3.005));
#12119=CARTESIAN_POINT('Ctrl Pts',(-11.6527132764463,8.49679308751166,3.03));
#12120=CARTESIAN_POINT('Ctrl Pts',(-11.6615761344728,8.53999706288841,3.005));
#12121=CARTESIAN_POINT('Ctrl Pts',(-11.6615761344728,8.53999706288841,3.03));
#12122=CARTESIAN_POINT('',(-11.5969764714536,8.33828809043434,3.005));
#12123=CARTESIAN_POINT('Ctrl Pts',(-11.6615761344728,8.53999706288841,3.005));
#12124=CARTESIAN_POINT('Ctrl Pts',(-11.6527132764463,8.49679308751166,3.005));
#12125=CARTESIAN_POINT('Ctrl Pts',(-11.6384142038043,8.427089073244,3.005));
#12126=CARTESIAN_POINT('Ctrl Pts',(-11.6083907672425,8.36274890492963,3.005));
#12127=CARTESIAN_POINT('Ctrl Pts',(-11.5969764714536,8.33828809043434,3.005));
#12128=CARTESIAN_POINT('',(-11.5969764714536,8.33828809043434,3.03));
#12129=CARTESIAN_POINT('Ctrl Pts',(-11.5969764714536,8.33828809043434,3.03));
#12130=CARTESIAN_POINT('Ctrl Pts',(-11.6083907672425,8.36274890492963,3.03));
#12131=CARTESIAN_POINT('Ctrl Pts',(-11.6384142038043,8.427089073244,3.03));
#12132=CARTESIAN_POINT('Ctrl Pts',(-11.6527132764463,8.49679308751166,3.03));
#12133=CARTESIAN_POINT('Ctrl Pts',(-11.6615761344728,8.53999706288841,3.03));
#12134=CARTESIAN_POINT('',(-11.5969764714536,8.33828809043434,3.005));
#12135=CARTESIAN_POINT('Ctrl Pts',(-11.466458988696,8.26577829500702,3.005));
#12136=CARTESIAN_POINT('Ctrl Pts',(-11.466458988696,8.26577829500702,3.03));
#12137=CARTESIAN_POINT('Ctrl Pts',(-11.4919465688995,8.2691965705818,3.005));
#12138=CARTESIAN_POINT('Ctrl Pts',(-11.4919465688995,8.2691965705818,3.03));
#12139=CARTESIAN_POINT('Ctrl Pts',(-11.544747755273,8.27627801983116,3.005));
#12140=CARTESIAN_POINT('Ctrl Pts',(-11.544747755273,8.27627801983116,3.03));
#12141=CARTESIAN_POINT('Ctrl Pts',(-11.5791700896453,8.31714694292267,3.005));
#12142=CARTESIAN_POINT('Ctrl Pts',(-11.5791700896453,8.31714694292267,3.03));
#12143=CARTESIAN_POINT('Ctrl Pts',(-11.5969764714536,8.33828809043434,3.005));
#12144=CARTESIAN_POINT('Ctrl Pts',(-11.5969764714536,8.33828809043434,3.03));
#12145=CARTESIAN_POINT('',(-11.466458988696,8.26577829500702,3.005));
#12146=CARTESIAN_POINT('Ctrl Pts',(-11.5969764714536,8.33828809043434,3.005));
#12147=CARTESIAN_POINT('Ctrl Pts',(-11.5791700896453,8.31714694292267,3.005));
#12148=CARTESIAN_POINT('Ctrl Pts',(-11.544747755273,8.27627801983116,3.005));
#12149=CARTESIAN_POINT('Ctrl Pts',(-11.4919465688995,8.2691965705818,3.005));
#12150=CARTESIAN_POINT('Ctrl Pts',(-11.466458988696,8.26577829500702,3.005));
#12151=CARTESIAN_POINT('',(-11.466458988696,8.26577829500702,3.03));
#12152=CARTESIAN_POINT('Ctrl Pts',(-11.466458988696,8.26577829500702,3.03));
#12153=CARTESIAN_POINT('Ctrl Pts',(-11.4919465688995,8.2691965705818,3.03));
#12154=CARTESIAN_POINT('Ctrl Pts',(-11.544747755273,8.27627801983116,3.03));
#12155=CARTESIAN_POINT('Ctrl Pts',(-11.5791700896453,8.31714694292267,3.03));
#12156=CARTESIAN_POINT('Ctrl Pts',(-11.5969764714536,8.33828809043434,3.03));
#12157=CARTESIAN_POINT('',(-11.466458988696,8.26577829500702,3.005));
#12158=CARTESIAN_POINT('Ctrl Pts',(-11.3319862907228,8.32378613134887,3.005));
#12159=CARTESIAN_POINT('Ctrl Pts',(-11.3319862907228,8.32378613134887,3.03));
#12160=CARTESIAN_POINT('Ctrl Pts',(-11.3516054164856,8.30686785988788,3.005));
#12161=CARTESIAN_POINT('Ctrl Pts',(-11.3516054164856,8.30686785988788,3.03));
#12162=CARTESIAN_POINT('Ctrl Pts',(-11.3903861608009,8.27342584174105,3.005));
#12163=CARTESIAN_POINT('Ctrl Pts',(-11.3903861608009,8.27342584174105,3.03));
#12164=CARTESIAN_POINT('Ctrl Pts',(-11.4413016005919,8.26830734915888,3.005));
#12165=CARTESIAN_POINT('Ctrl Pts',(-11.4413016005919,8.26830734915888,3.03));
#12166=CARTESIAN_POINT('Ctrl Pts',(-11.466458988696,8.26577829500702,3.005));
#12167=CARTESIAN_POINT('Ctrl Pts',(-11.466458988696,8.26577829500702,3.03));
#12168=CARTESIAN_POINT('',(-11.3319862907228,8.32378613134887,3.005));
#12169=CARTESIAN_POINT('Ctrl Pts',(-11.466458988696,8.26577829500702,3.005));
#12170=CARTESIAN_POINT('Ctrl Pts',(-11.4413016005919,8.26830734915888,3.005));
#12171=CARTESIAN_POINT('Ctrl Pts',(-11.3903861608009,8.27342584174105,3.005));
#12172=CARTESIAN_POINT('Ctrl Pts',(-11.3516054164856,8.30686785988788,3.005));
#12173=CARTESIAN_POINT('Ctrl Pts',(-11.3319862907228,8.32378613134887,3.005));
#12174=CARTESIAN_POINT('',(-11.3319862907228,8.32378613134887,3.03));
#12175=CARTESIAN_POINT('Ctrl Pts',(-11.3319862907228,8.32378613134887,3.03));
#12176=CARTESIAN_POINT('Ctrl Pts',(-11.3516054164856,8.30686785988788,3.03));
#12177=CARTESIAN_POINT('Ctrl Pts',(-11.3903861608009,8.27342584174105,3.03));
#12178=CARTESIAN_POINT('Ctrl Pts',(-11.4413016005919,8.26830734915888,3.03));
#12179=CARTESIAN_POINT('Ctrl Pts',(-11.466458988696,8.26577829500702,3.03));
#12180=CARTESIAN_POINT('',(-11.3319862907228,8.32378613134887,3.005));
#12181=CARTESIAN_POINT('Ctrl Pts',(-11.2752969091233,8.47144248267677,3.005));
#12182=CARTESIAN_POINT('Ctrl Pts',(-11.2752969091233,8.47144248267677,3.03));
#12183=CARTESIAN_POINT('Ctrl Pts',(-11.2773830974467,8.44316636917271,3.005));
#12184=CARTESIAN_POINT('Ctrl Pts',(-11.2773830974467,8.44316636917271,3.03));
#12185=CARTESIAN_POINT('Ctrl Pts',(-11.2814418727766,8.38815388989127,3.005));
#12186=CARTESIAN_POINT('Ctrl Pts',(-11.2814418727766,8.38815388989127,3.03));
#12187=CARTESIAN_POINT('Ctrl Pts',(-11.3154554878075,8.3448379264589,3.005));
#12188=CARTESIAN_POINT('Ctrl Pts',(-11.3154554878075,8.3448379264589,3.03));
#12189=CARTESIAN_POINT('Ctrl Pts',(-11.3319862907228,8.32378613134887,3.005));
#12190=CARTESIAN_POINT('Ctrl Pts',(-11.3319862907228,8.32378613134887,3.03));
#12191=CARTESIAN_POINT('',(-11.2752969091233,8.47144248267677,3.005));
#12192=CARTESIAN_POINT('Ctrl Pts',(-11.3319862907228,8.32378613134887,3.005));
#12193=CARTESIAN_POINT('Ctrl Pts',(-11.3154554878075,8.3448379264589,3.005));
#12194=CARTESIAN_POINT('Ctrl Pts',(-11.2814418727766,8.38815388989127,3.005));
#12195=CARTESIAN_POINT('Ctrl Pts',(-11.2773830974467,8.44316636917271,3.005));
#12196=CARTESIAN_POINT('Ctrl Pts',(-11.2752969091233,8.47144248267677,3.005));
#12197=CARTESIAN_POINT('',(-11.2752969091233,8.47144248267677,3.03));
#12198=CARTESIAN_POINT('Ctrl Pts',(-11.2752969091233,8.47144248267677,3.03));
#12199=CARTESIAN_POINT('Ctrl Pts',(-11.2773830974467,8.44316636917271,3.03));
#12200=CARTESIAN_POINT('Ctrl Pts',(-11.2814418727766,8.38815388989127,3.03));
#12201=CARTESIAN_POINT('Ctrl Pts',(-11.3154554878075,8.3448379264589,3.03));
#12202=CARTESIAN_POINT('Ctrl Pts',(-11.3319862907228,8.32378613134887,3.03));
#12203=CARTESIAN_POINT('',(-11.2752969091233,8.47144248267677,3.005));
#12204=CARTESIAN_POINT('Ctrl Pts',(-11.3412148778733,8.66260441323784,3.005));
#12205=CARTESIAN_POINT('Ctrl Pts',(-11.3412148778733,8.66260441323784,3.03));
#12206=CARTESIAN_POINT('Ctrl Pts',(-11.3219941656642,8.63244316173814,3.005));
#12207=CARTESIAN_POINT('Ctrl Pts',(-11.3219941656642,8.63244316173814,3.03));
#12208=CARTESIAN_POINT('Ctrl Pts',(-11.2846998666692,8.57392073451214,3.005));
#12209=CARTESIAN_POINT('Ctrl Pts',(-11.2846998666692,8.57392073451214,3.03));
#12210=CARTESIAN_POINT('Ctrl Pts',(-11.2783662907125,8.50489417677863,3.005));
#12211=CARTESIAN_POINT('Ctrl Pts',(-11.2783662907125,8.50489417677863,3.03));
#12212=CARTESIAN_POINT('Ctrl Pts',(-11.2752969091233,8.47144248267677,3.005));
#12213=CARTESIAN_POINT('Ctrl Pts',(-11.2752969091233,8.47144248267677,3.03));
#12214=CARTESIAN_POINT('',(-11.3412148778733,8.66260441323784,3.005));
#12215=CARTESIAN_POINT('Ctrl Pts',(-11.2752969091233,8.47144248267677,3.005));
#12216=CARTESIAN_POINT('Ctrl Pts',(-11.2783662907125,8.50489417677863,3.005));
#12217=CARTESIAN_POINT('Ctrl Pts',(-11.2846998666692,8.57392073451214,3.005));
#12218=CARTESIAN_POINT('Ctrl Pts',(-11.3219941656642,8.63244316173814,3.005));
#12219=CARTESIAN_POINT('Ctrl Pts',(-11.3412148778733,8.66260441323784,3.005));
#12220=CARTESIAN_POINT('',(-11.3412148778733,8.66260441323784,3.03));
#12221=CARTESIAN_POINT('Ctrl Pts',(-11.3412148778733,8.66260441323784,3.03));
#12222=CARTESIAN_POINT('Ctrl Pts',(-11.3219941656642,8.63244316173814,3.03));
#12223=CARTESIAN_POINT('Ctrl Pts',(-11.2846998666692,8.57392073451214,3.03));
#12224=CARTESIAN_POINT('Ctrl Pts',(-11.2783662907125,8.50489417677863,3.03));
#12225=CARTESIAN_POINT('Ctrl Pts',(-11.2752969091233,8.47144248267677,3.03));
#12226=CARTESIAN_POINT('',(-11.3412148778733,8.66260441323784,3.005));
#12227=CARTESIAN_POINT('Ctrl Pts',(-11.4638222282228,8.75093462249305,3.005));
#12228=CARTESIAN_POINT('Ctrl Pts',(-11.4638222282228,8.75093462249305,3.03));
#12229=CARTESIAN_POINT('Ctrl Pts',(-11.4403644492072,8.74167826288198,3.005));
#12230=CARTESIAN_POINT('Ctrl Pts',(-11.4403644492072,8.74167826288198,3.03));
#12231=CARTESIAN_POINT('Ctrl Pts',(-11.3920832267186,8.72262665712173,3.005));
#12232=CARTESIAN_POINT('Ctrl Pts',(-11.3920832267186,8.72262665712173,3.03));
#12233=CARTESIAN_POINT('Ctrl Pts',(-11.3584877504802,8.68298558533644,3.005));
#12234=CARTESIAN_POINT('Ctrl Pts',(-11.3584877504802,8.68298558533644,3.03));
#12235=CARTESIAN_POINT('Ctrl Pts',(-11.3412148778733,8.66260441323784,3.005));
#12236=CARTESIAN_POINT('Ctrl Pts',(-11.3412148778733,8.66260441323784,3.03));
#12237=CARTESIAN_POINT('',(-11.4638222282228,8.75093462249305,3.005));
#12238=CARTESIAN_POINT('Ctrl Pts',(-11.3412148778733,8.66260441323784,3.005));
#12239=CARTESIAN_POINT('Ctrl Pts',(-11.3584877504802,8.68298558533644,3.005));
#12240=CARTESIAN_POINT('Ctrl Pts',(-11.3920832267186,8.72262665712173,3.005));
#12241=CARTESIAN_POINT('Ctrl Pts',(-11.4403644492072,8.74167826288198,3.005));
#12242=CARTESIAN_POINT('Ctrl Pts',(-11.4638222282228,8.75093462249305,3.005));
#12243=CARTESIAN_POINT('',(-11.4638222282228,8.75093462249305,3.03));
#12244=CARTESIAN_POINT('Ctrl Pts',(-11.4638222282228,8.75093462249305,3.03));
#12245=CARTESIAN_POINT('Ctrl Pts',(-11.4403644492072,8.74167826288198,3.03));
#12246=CARTESIAN_POINT('Ctrl Pts',(-11.3920832267186,8.72262665712173,3.03));
#12247=CARTESIAN_POINT('Ctrl Pts',(-11.3584877504802,8.68298558533644,3.03));
#12248=CARTESIAN_POINT('Ctrl Pts',(-11.3412148778733,8.66260441323784,3.03));
#12249=CARTESIAN_POINT('',(-11.4638222282228,8.75093462249305,3.005));
#12250=CARTESIAN_POINT('Ctrl Pts',(-11.644437414914,8.76543643256691,3.005));
#12251=CARTESIAN_POINT('Ctrl Pts',(-11.644437414914,8.76543643256691,3.03));
#12252=CARTESIAN_POINT('Ctrl Pts',(-11.6070594327117,8.76564531421197,3.005));
#12253=CARTESIAN_POINT('Ctrl Pts',(-11.6070594327117,8.76564531421197,3.03));
#12254=CARTESIAN_POINT('Ctrl Pts',(-11.5463639533896,8.76598450244048,3.005));
#12255=CARTESIAN_POINT('Ctrl Pts',(-11.5463639533896,8.76598450244048,3.03));
#12256=CARTESIAN_POINT('Ctrl Pts',(-11.4867313848835,8.75511166212657,3.005));
#12257=CARTESIAN_POINT('Ctrl Pts',(-11.4867313848835,8.75511166212657,3.03));
#12258=CARTESIAN_POINT('Ctrl Pts',(-11.4638222282228,8.75093462249305,3.005));
#12259=CARTESIAN_POINT('Ctrl Pts',(-11.4638222282228,8.75093462249305,3.03));
#12260=CARTESIAN_POINT('',(-11.644437414914,8.76543643256691,3.005));
#12261=CARTESIAN_POINT('Ctrl Pts',(-11.4638222282228,8.75093462249305,3.005));
#12262=CARTESIAN_POINT('Ctrl Pts',(-11.4867313848835,8.75511166212657,3.005));
#12263=CARTESIAN_POINT('Ctrl Pts',(-11.5463639533896,8.76598450244048,3.005));
#12264=CARTESIAN_POINT('Ctrl Pts',(-11.6070594327117,8.76564531421197,3.005));
#12265=CARTESIAN_POINT('Ctrl Pts',(-11.644437414914,8.76543643256691,3.005));
#12266=CARTESIAN_POINT('',(-11.644437414914,8.76543643256691,3.03));
#12267=CARTESIAN_POINT('Ctrl Pts',(-11.644437414914,8.76543643256691,3.03));
#12268=CARTESIAN_POINT('Ctrl Pts',(-11.6070594327117,8.76564531421197,3.03));
#12269=CARTESIAN_POINT('Ctrl Pts',(-11.5463639533896,8.76598450244048,3.03));
#12270=CARTESIAN_POINT('Ctrl Pts',(-11.4867313848835,8.75511166212657,3.03));
#12271=CARTESIAN_POINT('Ctrl Pts',(-11.4638222282228,8.75093462249305,3.03));
#12272=CARTESIAN_POINT('',(-11.644437414914,8.76543643256691,3.005));
#12273=CARTESIAN_POINT('Origin',(-11.7182656650838,8.76543643256691,3.005));
#12274=CARTESIAN_POINT('',(-9.8591328325419,8.76543643256691,3.005));
#12275=CARTESIAN_POINT('',(-11.644437414914,8.76543643256691,3.03));
#12276=CARTESIAN_POINT('Origin',(-12.0794960384664,7.93355169078376,3.005));
#12277=CARTESIAN_POINT('',(-12.0188515906629,8.26973336121109,3.03));
#12278=CARTESIAN_POINT('',(-12.0188515906629,8.26973336121109,3.005));
#12279=CARTESIAN_POINT('',(-12.0794960384664,7.93355169078376,3.03));
#12280=CARTESIAN_POINT('',(-12.0188515906629,8.26973336121109,3.03));
#12281=CARTESIAN_POINT('',(-12.0794960384664,7.93355169078376,3.005));
#12282=CARTESIAN_POINT('Ctrl Pts',(-12.3800819640454,8.12866898557212,3.005));
#12283=CARTESIAN_POINT('Ctrl Pts',(-12.3800819640454,8.12866898557212,3.03));
#12284=CARTESIAN_POINT('Ctrl Pts',(-12.3413515616195,8.08545601397983,3.005));
#12285=CARTESIAN_POINT('Ctrl Pts',(-12.3413515616195,8.08545601397983,3.03));
#12286=CARTESIAN_POINT('Ctrl Pts',(-12.2589909777697,7.9935632024597,3.005));
#12287=CARTESIAN_POINT('Ctrl Pts',(-12.2589909777697,7.9935632024597,3.03));
#12288=CARTESIAN_POINT('Ctrl Pts',(-12.1416545367457,7.95433347694288,3.005));
#12289=CARTESIAN_POINT('Ctrl Pts',(-12.1416545367457,7.95433347694288,3.03));
#12290=CARTESIAN_POINT('Ctrl Pts',(-12.0794960384664,7.93355169078376,3.005));
#12291=CARTESIAN_POINT('Ctrl Pts',(-12.0794960384664,7.93355169078376,3.03));
#12292=CARTESIAN_POINT('',(-12.3800819640454,8.12866898557212,3.03));
#12293=CARTESIAN_POINT('Ctrl Pts',(-12.3800819640454,8.12866898557212,3.03));
#12294=CARTESIAN_POINT('Ctrl Pts',(-12.3413515616195,8.08545601397983,3.03));
#12295=CARTESIAN_POINT('Ctrl Pts',(-12.2589909777697,7.9935632024597,3.03));
#12296=CARTESIAN_POINT('Ctrl Pts',(-12.1416545367457,7.95433347694288,3.03));
#12297=CARTESIAN_POINT('Ctrl Pts',(-12.0794960384664,7.93355169078376,3.03));
#12298=CARTESIAN_POINT('',(-12.3800819640454,8.12866898557212,3.005));
#12299=CARTESIAN_POINT('Ctrl Pts',(-12.4776406114396,8.53999706288841,3.005));
#12300=CARTESIAN_POINT('Ctrl Pts',(-12.4776406114396,8.53999706288841,3.03));
#12301=CARTESIAN_POINT('Ctrl Pts',(-12.4760508245836,8.45855348786129,3.005));
#12302=CARTESIAN_POINT('Ctrl Pts',(-12.4760508245836,8.45855348786129,3.03));
#12303=CARTESIAN_POINT('Ctrl Pts',(-12.473225291775,8.31380358481343,3.005));
#12304=CARTESIAN_POINT('Ctrl Pts',(-12.473225291775,8.31380358481343,3.03));
#12305=CARTESIAN_POINT('Ctrl Pts',(-12.4084231582885,8.18500083205114,3.005));
#12306=CARTESIAN_POINT('Ctrl Pts',(-12.4084231582885,8.18500083205114,3.03));
#12307=CARTESIAN_POINT('Ctrl Pts',(-12.3800819640454,8.12866898557212,3.005));
#12308=CARTESIAN_POINT('Ctrl Pts',(-12.3800819640454,8.12866898557212,3.03));
#12309=CARTESIAN_POINT('',(-12.4776406114396,8.53999706288841,3.03));
#12310=CARTESIAN_POINT('Ctrl Pts',(-12.4776406114396,8.53999706288841,3.03));
#12311=CARTESIAN_POINT('Ctrl Pts',(-12.4760508245836,8.45855348786129,3.03));
#12312=CARTESIAN_POINT('Ctrl Pts',(-12.473225291775,8.31380358481343,3.03));
#12313=CARTESIAN_POINT('Ctrl Pts',(-12.4084231582885,8.18500083205114,3.03));
#12314=CARTESIAN_POINT('Ctrl Pts',(-12.3800819640454,8.12866898557212,3.03));
#12315=CARTESIAN_POINT('',(-12.4776406114396,8.53999706288841,3.005));
#12316=CARTESIAN_POINT('Ctrl Pts',(-12.4189735477265,8.90913786670234,3.005));
#12317=CARTESIAN_POINT('Ctrl Pts',(-12.4189735477265,8.90913786670234,3.03));
#12318=CARTESIAN_POINT('Ctrl Pts',(-12.4359852908306,8.85857324263343,3.005));
#12319=CARTESIAN_POINT('Ctrl Pts',(-12.4359852908306,8.85857324263343,3.03));
#12320=CARTESIAN_POINT('Ctrl Pts',(-12.4761635237982,8.73915001637521,3.005));
#12321=CARTESIAN_POINT('Ctrl Pts',(-12.4761635237982,8.73915001637521,3.03));
#12322=CARTESIAN_POINT('Ctrl Pts',(-12.4771004095989,8.61283146285173,3.005));
#12323=CARTESIAN_POINT('Ctrl Pts',(-12.4771004095989,8.61283146285173,3.03));
#12324=CARTESIAN_POINT('Ctrl Pts',(-12.4776406114396,8.53999706288841,3.005));
#12325=CARTESIAN_POINT('Ctrl Pts',(-12.4776406114396,8.53999706288841,3.03));
#12326=CARTESIAN_POINT('',(-12.4189735477265,8.90913786670234,3.03));
#12327=CARTESIAN_POINT('Ctrl Pts',(-12.4189735477265,8.90913786670234,3.03));
#12328=CARTESIAN_POINT('Ctrl Pts',(-12.4359852908306,8.85857324263343,3.03));
#12329=CARTESIAN_POINT('Ctrl Pts',(-12.4761635237982,8.73915001637521,3.03));
#12330=CARTESIAN_POINT('Ctrl Pts',(-12.4771004095989,8.61283146285173,3.03));
#12331=CARTESIAN_POINT('Ctrl Pts',(-12.4776406114396,8.53999706288841,3.03));
#12332=CARTESIAN_POINT('',(-12.4189735477265,8.90913786670234,3.005));
#12333=CARTESIAN_POINT('Ctrl Pts',(-12.2699991141853,9.07986523887184,3.005));
#12334=CARTESIAN_POINT('Ctrl Pts',(-12.2699991141853,9.07986523887184,3.03));
#12335=CARTESIAN_POINT('Ctrl Pts',(-12.2993784663985,9.05910653823878,3.005));
#12336=CARTESIAN_POINT('Ctrl Pts',(-12.2993784663985,9.05910653823878,3.03));
#12337=CARTESIAN_POINT('Ctrl Pts',(-12.362681315217,9.01437836049333,3.005));
#12338=CARTESIAN_POINT('Ctrl Pts',(-12.362681315217,9.01437836049333,3.03));
#12339=CARTESIAN_POINT('Ctrl Pts',(-12.3993324787332,8.94585760062106,3.005));
#12340=CARTESIAN_POINT('Ctrl Pts',(-12.3993324787332,8.94585760062106,3.03));
#12341=CARTESIAN_POINT('Ctrl Pts',(-12.4189735477265,8.90913786670234,3.005));
#12342=CARTESIAN_POINT('Ctrl Pts',(-12.4189735477265,8.90913786670234,3.03));
#12343=CARTESIAN_POINT('',(-12.2699991141853,9.07986523887184,3.03));
#12344=CARTESIAN_POINT('Ctrl Pts',(-12.2699991141853,9.07986523887184,3.03));
#12345=CARTESIAN_POINT('Ctrl Pts',(-12.2993784663985,9.05910653823878,3.03));
#12346=CARTESIAN_POINT('Ctrl Pts',(-12.362681315217,9.01437836049333,3.03));
#12347=CARTESIAN_POINT('Ctrl Pts',(-12.3993324787332,8.94585760062106,3.03));
#12348=CARTESIAN_POINT('Ctrl Pts',(-12.4189735477265,8.90913786670234,3.03));
#12349=CARTESIAN_POINT('',(-12.2699991141853,9.07986523887184,3.005));
#12350=CARTESIAN_POINT('Ctrl Pts',(-11.9384316628274,9.12930371543434,3.005));
#12351=CARTESIAN_POINT('Ctrl Pts',(-11.9384316628274,9.12930371543434,3.03));
#12352=CARTESIAN_POINT('Ctrl Pts',(-12.0070453176063,9.12965374920877,3.005));
#12353=CARTESIAN_POINT('Ctrl Pts',(-12.0070453176063,9.12965374920877,3.03));
#12354=CARTESIAN_POINT('Ctrl Pts',(-12.1205181167561,9.13023263270228,3.005));
#12355=CARTESIAN_POINT('Ctrl Pts',(-12.1205181167561,9.13023263270228,3.03));
#12356=CARTESIAN_POINT('Ctrl Pts',(-12.2276476499433,9.09413550007866,3.005));
#12357=CARTESIAN_POINT('Ctrl Pts',(-12.2276476499433,9.09413550007866,3.03));
#12358=CARTESIAN_POINT('Ctrl Pts',(-12.2699991141853,9.07986523887184,3.005));
#12359=CARTESIAN_POINT('Ctrl Pts',(-12.2699991141853,9.07986523887184,3.03));
#12360=CARTESIAN_POINT('',(-11.9384316628274,9.12930371543434,3.03));
#12361=CARTESIAN_POINT('Ctrl Pts',(-11.9384316628274,9.12930371543434,3.03));
#12362=CARTESIAN_POINT('Ctrl Pts',(-12.0070453176063,9.12965374920877,3.03));
#12363=CARTESIAN_POINT('Ctrl Pts',(-12.1205181167561,9.13023263270228,3.03));
#12364=CARTESIAN_POINT('Ctrl Pts',(-12.2276476499433,9.09413550007866,3.03));
#12365=CARTESIAN_POINT('Ctrl Pts',(-12.2699991141853,9.07986523887184,3.03));
#12366=CARTESIAN_POINT('',(-11.9384316628274,9.12930371543434,3.005));
#12367=CARTESIAN_POINT('Origin',(-11.5060097997483,9.12534864923027,3.005));
#12368=CARTESIAN_POINT('',(-11.5060097997483,9.12534864923027,3.03));
#12369=CARTESIAN_POINT('',(-11.9384316628274,9.12930371543434,3.03));
#12370=CARTESIAN_POINT('',(-11.5060097997483,9.12534864923027,3.005));
#12371=CARTESIAN_POINT('Ctrl Pts',(-11.233768564969,9.1431465961602,3.005));
#12372=CARTESIAN_POINT('Ctrl Pts',(-11.233768564969,9.1431465961602,3.03));
#12373=CARTESIAN_POINT('Ctrl Pts',(-11.2710155841453,9.13799407464232,3.005));
#12374=CARTESIAN_POINT('Ctrl Pts',(-11.2710155841453,9.13799407464232,3.03));
#12375=CARTESIAN_POINT('Ctrl Pts',(-11.3612817884037,9.12550720804026,3.005));
#12376=CARTESIAN_POINT('Ctrl Pts',(-11.3612817884037,9.12550720804026,3.03));
#12377=CARTESIAN_POINT('Ctrl Pts',(-11.4524568083696,9.12540731996377,3.005));
#12378=CARTESIAN_POINT('Ctrl Pts',(-11.4524568083696,9.12540731996377,3.03));
#12379=CARTESIAN_POINT('Ctrl Pts',(-11.5060097997483,9.12534864923027,3.005));
#12380=CARTESIAN_POINT('Ctrl Pts',(-11.5060097997483,9.12534864923027,3.03));
#12381=CARTESIAN_POINT('',(-11.233768564969,9.1431465961602,3.03));
#12382=CARTESIAN_POINT('Ctrl Pts',(-11.233768564969,9.1431465961602,3.03));
#12383=CARTESIAN_POINT('Ctrl Pts',(-11.2710155841453,9.13799407464232,3.03));
#12384=CARTESIAN_POINT('Ctrl Pts',(-11.3612817884037,9.12550720804026,3.03));
#12385=CARTESIAN_POINT('Ctrl Pts',(-11.4524568083696,9.12540731996377,3.03));
#12386=CARTESIAN_POINT('Ctrl Pts',(-11.5060097997483,9.12534864923027,3.03));
#12387=CARTESIAN_POINT('',(-11.233768564969,9.1431465961602,3.005));
#12388=CARTESIAN_POINT('Ctrl Pts',(-11.0459023242292,9.20972349425819,3.005));
#12389=CARTESIAN_POINT('Ctrl Pts',(-11.0459023242292,9.20972349425819,3.03));
#12390=CARTESIAN_POINT('Ctrl Pts',(-11.0778718199977,9.19494642309108,3.005));
#12391=CARTESIAN_POINT('Ctrl Pts',(-11.0778718199977,9.19494642309108,3.03));
#12392=CARTESIAN_POINT('Ctrl Pts',(-11.1384571005638,9.16694244676668,3.005));
#12393=CARTESIAN_POINT('Ctrl Pts',(-11.1384571005638,9.16694244676668,3.03));
#12394=CARTESIAN_POINT('Ctrl Pts',(-11.2031925584713,9.15078032718408,3.005));
#12395=CARTESIAN_POINT('Ctrl Pts',(-11.2031925584713,9.15078032718408,3.03));
#12396=CARTESIAN_POINT('Ctrl Pts',(-11.233768564969,9.1431465961602,3.005));
#12397=CARTESIAN_POINT('Ctrl Pts',(-11.233768564969,9.1431465961602,3.03));
#12398=CARTESIAN_POINT('',(-11.0459023242292,9.20972349425819,3.03));
#12399=CARTESIAN_POINT('Ctrl Pts',(-11.0459023242292,9.20972349425819,3.03));
#12400=CARTESIAN_POINT('Ctrl Pts',(-11.0778718199977,9.19494642309108,3.03));
#12401=CARTESIAN_POINT('Ctrl Pts',(-11.1384571005638,9.16694244676668,3.03));
#12402=CARTESIAN_POINT('Ctrl Pts',(-11.2031925584713,9.15078032718408,3.03));
#12403=CARTESIAN_POINT('Ctrl Pts',(-11.233768564969,9.1431465961602,3.03));
#12404=CARTESIAN_POINT('',(-11.0459023242292,9.20972349425819,3.005));
#12405=CARTESIAN_POINT('Origin',(-11.0459023242292,8.84321989795234,3.005));
#12406=CARTESIAN_POINT('',(-11.0459023242292,8.84321989795234,3.03));
#12407=CARTESIAN_POINT('',(-11.0459023242292,9.20972349425819,3.03));
#12408=CARTESIAN_POINT('',(-11.0459023242292,8.84321989795234,3.005));
#12409=CARTESIAN_POINT('Ctrl Pts',(-11.1553261702356,8.80762400409248,3.005));
#12410=CARTESIAN_POINT('Ctrl Pts',(-11.1553261702356,8.80762400409248,3.03));
#12411=CARTESIAN_POINT('Ctrl Pts',(-11.1340379586106,8.81384896334178,3.005));
#12412=CARTESIAN_POINT('Ctrl Pts',(-11.1340379586106,8.81384896334178,3.03));
#12413=CARTESIAN_POINT('Ctrl Pts',(-11.0972033546199,8.82461989670366,3.005));
#12414=CARTESIAN_POINT('Ctrl Pts',(-11.0972033546199,8.82461989670366,3.03));
#12415=CARTESIAN_POINT('Ctrl Pts',(-11.0611281886208,8.83769951961804,3.005));
#12416=CARTESIAN_POINT('Ctrl Pts',(-11.0611281886208,8.83769951961804,3.03));
#12417=CARTESIAN_POINT('Ctrl Pts',(-11.0459023242292,8.84321989795234,3.005));
#12418=CARTESIAN_POINT('Ctrl Pts',(-11.0459023242292,8.84321989795234,3.03));
#12419=CARTESIAN_POINT('',(-11.1553261702356,8.80762400409248,3.03));
#12420=CARTESIAN_POINT('Ctrl Pts',(-11.1553261702356,8.80762400409248,3.03));
#12421=CARTESIAN_POINT('Ctrl Pts',(-11.1340379586106,8.81384896334178,3.03));
#12422=CARTESIAN_POINT('Ctrl Pts',(-11.0972033546199,8.82461989670366,3.03));
#12423=CARTESIAN_POINT('Ctrl Pts',(-11.0611281886208,8.83769951961804,3.03));
#12424=CARTESIAN_POINT('Ctrl Pts',(-11.0459023242292,8.84321989795234,3.03));
#12425=CARTESIAN_POINT('',(-11.1553261702356,8.80762400409248,3.005));
#12426=CARTESIAN_POINT('Ctrl Pts',(-11.1988320474919,8.79444064876106,3.005));
#12427=CARTESIAN_POINT('Ctrl Pts',(-11.1988320474919,8.79444064876106,3.03));
#12428=CARTESIAN_POINT('Ctrl Pts',(-11.1934593740081,8.79623289744773,3.005));
#12429=CARTESIAN_POINT('Ctrl Pts',(-11.1934593740081,8.79623289744773,3.03));
#12430=CARTESIAN_POINT('Ctrl Pts',(-11.179081106418,8.80102928630001,3.005));
#12431=CARTESIAN_POINT('Ctrl Pts',(-11.179081106418,8.80102928630001,3.03));
#12432=CARTESIAN_POINT('Ctrl Pts',(-11.1644746725684,8.80508424601251,3.005));
#12433=CARTESIAN_POINT('Ctrl Pts',(-11.1644746725684,8.80508424601251,3.03));
#12434=CARTESIAN_POINT('Ctrl Pts',(-11.1553261702356,8.80762400409248,3.005));
#12435=CARTESIAN_POINT('Ctrl Pts',(-11.1553261702356,8.80762400409248,3.03));
#12436=CARTESIAN_POINT('',(-11.1988320474919,8.79444064876106,3.03));
#12437=CARTESIAN_POINT('Ctrl Pts',(-11.1988320474919,8.79444064876106,3.03));
#12438=CARTESIAN_POINT('Ctrl Pts',(-11.1934593740081,8.79623289744773,3.03));
#12439=CARTESIAN_POINT('Ctrl Pts',(-11.179081106418,8.80102928630001,3.03));
#12440=CARTESIAN_POINT('Ctrl Pts',(-11.1644746725684,8.80508424601251,3.03));
#12441=CARTESIAN_POINT('Ctrl Pts',(-11.1553261702356,8.80762400409248,3.03));
#12442=CARTESIAN_POINT('',(-11.1988320474919,8.79444064876106,3.005));
#12443=CARTESIAN_POINT('Ctrl Pts',(-11.0604042833146,8.59141322156456,3.005));
#12444=CARTESIAN_POINT('Ctrl Pts',(-11.0604042833146,8.59141322156456,3.03));
#12445=CARTESIAN_POINT('Ctrl Pts',(-11.0781521083898,8.62735147751225,3.005));
#12446=CARTESIAN_POINT('Ctrl Pts',(-11.0781521083898,8.62735147751225,3.03));
#12447=CARTESIAN_POINT('Ctrl Pts',(-11.1147631831617,8.70148665577177,3.005));
#12448=CARTESIAN_POINT('Ctrl Pts',(-11.1147631831617,8.70148665577177,3.03));
#12449=CARTESIAN_POINT('Ctrl Pts',(-11.1702456339616,8.76283297445668,3.005));
#12450=CARTESIAN_POINT('Ctrl Pts',(-11.1702456339616,8.76283297445668,3.03));
#12451=CARTESIAN_POINT('Ctrl Pts',(-11.1988320474919,8.79444064876106,3.005));
#12452=CARTESIAN_POINT('Ctrl Pts',(-11.1988320474919,8.79444064876106,3.03));
#12453=CARTESIAN_POINT('',(-11.0604042833146,8.59141322156456,3.03));
#12454=CARTESIAN_POINT('Ctrl Pts',(-11.0604042833146,8.59141322156456,3.03));
#12455=CARTESIAN_POINT('Ctrl Pts',(-11.0781521083898,8.62735147751225,3.03));
#12456=CARTESIAN_POINT('Ctrl Pts',(-11.1147631831617,8.70148665577177,3.03));
#12457=CARTESIAN_POINT('Ctrl Pts',(-11.1702456339616,8.76283297445668,3.03));
#12458=CARTESIAN_POINT('Ctrl Pts',(-11.1988320474919,8.79444064876106,3.03));
#12459=CARTESIAN_POINT('',(-11.0604042833146,8.59141322156456,3.005));
#12460=CARTESIAN_POINT('Ctrl Pts',(-11.014261645585,8.36070033093956,3.005));
#12461=CARTESIAN_POINT('Ctrl Pts',(-11.014261645585,8.36070033093956,3.03));
#12462=CARTESIAN_POINT('Ctrl Pts',(-11.0160992056333,8.40076481238965,3.005));
#12463=CARTESIAN_POINT('Ctrl Pts',(-11.0160992056333,8.40076481238965,3.03));
#12464=CARTESIAN_POINT('Ctrl Pts',(-11.0197347889766,8.48003175202282,3.005));
#12465=CARTESIAN_POINT('Ctrl Pts',(-11.0197347889766,8.48003175202282,3.03));
#12466=CARTESIAN_POINT('Ctrl Pts',(-11.0469464268512,8.55455621475464,3.005));
#12467=CARTESIAN_POINT('Ctrl Pts',(-11.0469464268512,8.55455621475464,3.03));
#12468=CARTESIAN_POINT('Ctrl Pts',(-11.0604042833146,8.59141322156456,3.005));
#12469=CARTESIAN_POINT('Ctrl Pts',(-11.0604042833146,8.59141322156456,3.03));
#12470=CARTESIAN_POINT('',(-11.014261645585,8.36070033093956,3.03));
#12471=CARTESIAN_POINT('Ctrl Pts',(-11.014261645585,8.36070033093956,3.03));
#12472=CARTESIAN_POINT('Ctrl Pts',(-11.0160992056333,8.40076481238965,3.03));
#12473=CARTESIAN_POINT('Ctrl Pts',(-11.0197347889766,8.48003175202282,3.03));
#12474=CARTESIAN_POINT('Ctrl Pts',(-11.0469464268512,8.55455621475464,3.03));
#12475=CARTESIAN_POINT('Ctrl Pts',(-11.0604042833146,8.59141322156456,3.03));
#12476=CARTESIAN_POINT('',(-11.014261645585,8.36070033093956,3.005));
#12477=CARTESIAN_POINT('Ctrl Pts',(-11.1315956239995,8.01990436693695,3.005));
#12478=CARTESIAN_POINT('Ctrl Pts',(-11.1315956239995,8.01990436693695,3.03));
#12479=CARTESIAN_POINT('Ctrl Pts',(-11.097411694484,8.06732901770203,3.005));
#12480=CARTESIAN_POINT('Ctrl Pts',(-11.097411694484,8.06732901770203,3.03));
#12481=CARTESIAN_POINT('Ctrl Pts',(-11.024313127547,8.16874140818914,3.005));
#12482=CARTESIAN_POINT('Ctrl Pts',(-11.024313127547,8.16874140818914,3.03));
#12483=CARTESIAN_POINT('Ctrl Pts',(-11.0177536426075,8.29401165864035,3.005));
#12484=CARTESIAN_POINT('Ctrl Pts',(-11.0177536426075,8.29401165864035,3.03));
#12485=CARTESIAN_POINT('Ctrl Pts',(-11.014261645585,8.36070033093956,3.005));
#12486=CARTESIAN_POINT('Ctrl Pts',(-11.014261645585,8.36070033093956,3.03));
#12487=CARTESIAN_POINT('',(-11.1315956239995,8.01990436693695,3.03));
#12488=CARTESIAN_POINT('Ctrl Pts',(-11.1315956239995,8.01990436693695,3.03));
#12489=CARTESIAN_POINT('Ctrl Pts',(-11.097411694484,8.06732901770203,3.03));
#12490=CARTESIAN_POINT('Ctrl Pts',(-11.024313127547,8.16874140818914,3.03));
#12491=CARTESIAN_POINT('Ctrl Pts',(-11.0177536426075,8.29401165864035,3.03));
#12492=CARTESIAN_POINT('Ctrl Pts',(-11.014261645585,8.36070033093956,3.03));
#12493=CARTESIAN_POINT('',(-11.1315956239995,8.01990436693695,3.005));
#12494=CARTESIAN_POINT('Ctrl Pts',(-11.4282264833745,7.89531933447387,3.005));
#12495=CARTESIAN_POINT('Ctrl Pts',(-11.4282264833745,7.89531933447387,3.03));
#12496=CARTESIAN_POINT('Ctrl Pts',(-11.3713085007495,7.90023092962821,3.005));
#12497=CARTESIAN_POINT('Ctrl Pts',(-11.3713085007495,7.90023092962821,3.03));
#12498=CARTESIAN_POINT('Ctrl Pts',(-11.258954881782,7.90992620456668,3.005));
#12499=CARTESIAN_POINT('Ctrl Pts',(-11.258954881782,7.90992620456668,3.03));
#12500=CARTESIAN_POINT('Ctrl Pts',(-11.1736736550763,7.98356884948376,3.005));
#12501=CARTESIAN_POINT('Ctrl Pts',(-11.1736736550763,7.98356884948376,3.03));
#12502=CARTESIAN_POINT('Ctrl Pts',(-11.1315956239995,8.01990436693695,3.005));
#12503=CARTESIAN_POINT('Ctrl Pts',(-11.1315956239995,8.01990436693695,3.03));
#12504=CARTESIAN_POINT('',(-11.4282264833745,7.89531933447387,3.03));
#12505=CARTESIAN_POINT('Ctrl Pts',(-11.4282264833745,7.89531933447387,3.03));
#12506=CARTESIAN_POINT('Ctrl Pts',(-11.3713085007495,7.90023092962821,3.03));
#12507=CARTESIAN_POINT('Ctrl Pts',(-11.258954881782,7.90992620456668,3.03));
#12508=CARTESIAN_POINT('Ctrl Pts',(-11.1736736550763,7.98356884948376,3.03));
#12509=CARTESIAN_POINT('Ctrl Pts',(-11.1315956239995,8.01990436693695,3.03));
#12510=CARTESIAN_POINT('',(-11.4282264833745,7.89531933447387,3.005));
#12511=CARTESIAN_POINT('Ctrl Pts',(-11.6398232703504,7.95200886508491,3.005));
#12512=CARTESIAN_POINT('Ctrl Pts',(-11.6398232703504,7.95200886508491,3.03));
#12513=CARTESIAN_POINT('Ctrl Pts',(-11.6073397429685,7.93547679033399,3.005));
#12514=CARTESIAN_POINT('Ctrl Pts',(-11.6073397429685,7.93547679033399,3.03));
#12515=CARTESIAN_POINT('Ctrl Pts',(-11.540860482254,7.90164302300331,3.005));
#12516=CARTESIAN_POINT('Ctrl Pts',(-11.540860482254,7.90164302300331,3.03));
#12517=CARTESIAN_POINT('Ctrl Pts',(-11.4663362183031,7.89745895568972,3.005));
#12518=CARTESIAN_POINT('Ctrl Pts',(-11.4663362183031,7.89745895568972,3.03));
#12519=CARTESIAN_POINT('Ctrl Pts',(-11.4282264833745,7.89531933447387,3.005));
#12520=CARTESIAN_POINT('Ctrl Pts',(-11.4282264833745,7.89531933447387,3.03));
#12521=CARTESIAN_POINT('',(-11.6398232703504,7.95200886508491,3.03));
#12522=CARTESIAN_POINT('Ctrl Pts',(-11.6398232703504,7.95200886508491,3.03));
#12523=CARTESIAN_POINT('Ctrl Pts',(-11.6073397429685,7.93547679033399,3.03));
#12524=CARTESIAN_POINT('Ctrl Pts',(-11.540860482254,7.90164302300331,3.03));
#12525=CARTESIAN_POINT('Ctrl Pts',(-11.4663362183031,7.89745895568972,3.03));
#12526=CARTESIAN_POINT('Ctrl Pts',(-11.4282264833745,7.89531933447387,3.03));
#12527=CARTESIAN_POINT('',(-11.6398232703504,7.95200886508491,3.005));
#12528=CARTESIAN_POINT('Ctrl Pts',(-11.7822061007318,8.11087103864219,3.005));
#12529=CARTESIAN_POINT('Ctrl Pts',(-11.7822061007318,8.11087103864219,3.03));
#12530=CARTESIAN_POINT('Ctrl Pts',(-11.7640890252166,8.07881613958957,3.005));
#12531=CARTESIAN_POINT('Ctrl Pts',(-11.7640890252166,8.07881613958957,3.03));
#12532=CARTESIAN_POINT('Ctrl Pts',(-11.7282522725993,8.01540946633508,3.005));
#12533=CARTESIAN_POINT('Ctrl Pts',(-11.7282522725993,8.01540946633508,3.03));
#12534=CARTESIAN_POINT('Ctrl Pts',(-11.6690808846932,7.97298558418505,3.005));
#12535=CARTESIAN_POINT('Ctrl Pts',(-11.6690808846932,7.97298558418505,3.03));
#12536=CARTESIAN_POINT('Ctrl Pts',(-11.6398232703504,7.95200886508491,3.005));
#12537=CARTESIAN_POINT('Ctrl Pts',(-11.6398232703504,7.95200886508491,3.03));
#12538=CARTESIAN_POINT('',(-11.7822061007318,8.11087103864219,3.03));
#12539=CARTESIAN_POINT('Ctrl Pts',(-11.7822061007318,8.11087103864219,3.03));
#12540=CARTESIAN_POINT('Ctrl Pts',(-11.7640890252166,8.07881613958957,3.03));
#12541=CARTESIAN_POINT('Ctrl Pts',(-11.7282522725993,8.01540946633508,3.03));
#12542=CARTESIAN_POINT('Ctrl Pts',(-11.6690808846932,7.97298558418505,3.03));
#12543=CARTESIAN_POINT('Ctrl Pts',(-11.6398232703504,7.95200886508491,3.03));
#12544=CARTESIAN_POINT('',(-11.7822061007318,8.11087103864219,3.005));
#12545=CARTESIAN_POINT('Ctrl Pts',(-11.8685586278733,8.40552451392677,3.005));
#12546=CARTESIAN_POINT('Ctrl Pts',(-11.8685586278733,8.40552451392677,3.03));
#12547=CARTESIAN_POINT('Ctrl Pts',(-11.8571680717322,8.34829836507561,3.005));
#12548=CARTESIAN_POINT('Ctrl Pts',(-11.8571680717322,8.34829836507561,3.03));
#12549=CARTESIAN_POINT('Ctrl Pts',(-11.8370944335503,8.24744841601676,3.005));
#12550=CARTESIAN_POINT('Ctrl Pts',(-11.8370944335503,8.24744841601676,3.03));
#12551=CARTESIAN_POINT('Ctrl Pts',(-11.7987796144446,8.15211053200155,3.005));
#12552=CARTESIAN_POINT('Ctrl Pts',(-11.7987796144446,8.15211053200155,3.03));
#12553=CARTESIAN_POINT('Ctrl Pts',(-11.7822061007318,8.11087103864219,3.005));
#12554=CARTESIAN_POINT('Ctrl Pts',(-11.7822061007318,8.11087103864219,3.03));
#12555=CARTESIAN_POINT('',(-11.8685586278733,8.40552451392677,3.03));
#12556=CARTESIAN_POINT('Ctrl Pts',(-11.8685586278733,8.40552451392677,3.03));
#12557=CARTESIAN_POINT('Ctrl Pts',(-11.8571680717322,8.34829836507561,3.03));
#12558=CARTESIAN_POINT('Ctrl Pts',(-11.8370944335503,8.24744841601676,3.03));
#12559=CARTESIAN_POINT('Ctrl Pts',(-11.7987796144446,8.15211053200155,3.03));
#12560=CARTESIAN_POINT('Ctrl Pts',(-11.7822061007318,8.11087103864219,3.03));
#12561=CARTESIAN_POINT('',(-11.8685586278733,8.40552451392677,3.005));
#12562=CARTESIAN_POINT('Ctrl Pts',(-11.9595254485902,8.76543643256691,3.005));
#12563=CARTESIAN_POINT('Ctrl Pts',(-11.9595254485902,8.76543643256691,3.03));
#12564=CARTESIAN_POINT('Ctrl Pts',(-11.9440534807922,8.71897082723624,3.005));
#12565=CARTESIAN_POINT('Ctrl Pts',(-11.9440534807922,8.71897082723624,3.03));
#12566=CARTESIAN_POINT('Ctrl Pts',(-11.9048812637781,8.60132833990186,3.005));
#12567=CARTESIAN_POINT('Ctrl Pts',(-11.9048812637781,8.60132833990186,3.03));
#12568=CARTESIAN_POINT('Ctrl Pts',(-11.8822507187797,8.47933423941288,3.005));
#12569=CARTESIAN_POINT('Ctrl Pts',(-11.8822507187797,8.47933423941288,3.03));
#12570=CARTESIAN_POINT('Ctrl Pts',(-11.8685586278733,8.40552451392677,3.005));
#12571=CARTESIAN_POINT('Ctrl Pts',(-11.8685586278733,8.40552451392677,3.03));
#12572=CARTESIAN_POINT('',(-11.9595254485902,8.76543643256691,3.03));
#12573=CARTESIAN_POINT('Ctrl Pts',(-11.9595254485902,8.76543643256691,3.03));
#12574=CARTESIAN_POINT('Ctrl Pts',(-11.9440534807922,8.71897082723624,3.03));
#12575=CARTESIAN_POINT('Ctrl Pts',(-11.9048812637781,8.60132833990186,3.03));
#12576=CARTESIAN_POINT('Ctrl Pts',(-11.8822507187797,8.47933423941288,3.03));
#12577=CARTESIAN_POINT('Ctrl Pts',(-11.8685586278733,8.40552451392677,3.03));
#12578=CARTESIAN_POINT('',(-11.9595254485902,8.76543643256691,3.005));
#12579=CARTESIAN_POINT('Origin',(-11.9964394991693,8.76543643256691,3.005));
#12580=CARTESIAN_POINT('',(-11.9964394991693,8.76543643256691,3.03));
#12581=CARTESIAN_POINT('',(-11.9595254485902,8.76543643256691,3.03));
#12582=CARTESIAN_POINT('',(-11.9964394991693,8.76543643256691,3.005));
#12583=CARTESIAN_POINT('Ctrl Pts',(-12.1487099950608,8.71270211717155,3.005));
#12584=CARTESIAN_POINT('Ctrl Pts',(-12.1487099950608,8.71270211717155,3.03));
#12585=CARTESIAN_POINT('Ctrl Pts',(-12.1292456582438,8.72802602744762,3.005));
#12586=CARTESIAN_POINT('Ctrl Pts',(-12.1292456582438,8.72802602744762,3.03));
#12587=CARTESIAN_POINT('Ctrl Pts',(-12.0849862120905,8.76287066603428,3.005));
#12588=CARTESIAN_POINT('Ctrl Pts',(-12.0849862120905,8.76287066603428,3.03));
#12589=CARTESIAN_POINT('Ctrl Pts',(-12.0282335699975,8.7645151542927,3.005));
#12590=CARTESIAN_POINT('Ctrl Pts',(-12.0282335699975,8.7645151542927,3.03));
#12591=CARTESIAN_POINT('Ctrl Pts',(-11.9964394991693,8.76543643256691,3.005));
#12592=CARTESIAN_POINT('Ctrl Pts',(-11.9964394991693,8.76543643256691,3.03));
#12593=CARTESIAN_POINT('',(-12.1487099950608,8.71270211717155,3.03));
#12594=CARTESIAN_POINT('Ctrl Pts',(-12.1487099950608,8.71270211717155,3.03));
#12595=CARTESIAN_POINT('Ctrl Pts',(-12.1292456582438,8.72802602744762,3.03));
#12596=CARTESIAN_POINT('Ctrl Pts',(-12.0849862120905,8.76287066603428,3.03));
#12597=CARTESIAN_POINT('Ctrl Pts',(-12.0282335699975,8.7645151542927,3.03));
#12598=CARTESIAN_POINT('Ctrl Pts',(-11.9964394991693,8.76543643256691,3.03));
#12599=CARTESIAN_POINT('',(-12.1487099950608,8.71270211717155,3.005));
#12600=CARTESIAN_POINT('Ctrl Pts',(-12.1941934054193,8.51363005420234,3.005));
#12601=CARTESIAN_POINT('Ctrl Pts',(-12.1941934054193,8.51363005420234,3.03));
#12602=CARTESIAN_POINT('Ctrl Pts',(-12.1942930032986,8.55563024188129,3.005));
#12603=CARTESIAN_POINT('Ctrl Pts',(-12.1942930032986,8.55563024188129,3.03));
#12604=CARTESIAN_POINT('Ctrl Pts',(-12.194459903354,8.62601159638743,3.005));
#12605=CARTESIAN_POINT('Ctrl Pts',(-12.194459903354,8.62601159638743,3.03));
#12606=CARTESIAN_POINT('Ctrl Pts',(-12.1618570447925,8.687790054382,3.005));
#12607=CARTESIAN_POINT('Ctrl Pts',(-12.1618570447925,8.687790054382,3.03));
#12608=CARTESIAN_POINT('Ctrl Pts',(-12.1487099950608,8.71270211717155,3.005));
#12609=CARTESIAN_POINT('Ctrl Pts',(-12.1487099950608,8.71270211717155,3.03));
#12610=CARTESIAN_POINT('',(-12.1941934054193,8.51363005420234,3.03));
#12611=CARTESIAN_POINT('Ctrl Pts',(-12.1941934054193,8.51363005420234,3.03));
#12612=CARTESIAN_POINT('Ctrl Pts',(-12.1942930032986,8.55563024188129,3.03));
#12613=CARTESIAN_POINT('Ctrl Pts',(-12.194459903354,8.62601159638743,3.03));
#12614=CARTESIAN_POINT('Ctrl Pts',(-12.1618570447925,8.687790054382,3.03));
#12615=CARTESIAN_POINT('Ctrl Pts',(-12.1487099950608,8.71270211717155,3.03));
#12616=CARTESIAN_POINT('',(-12.1941934054193,8.51363005420234,3.005));
#12617=CARTESIAN_POINT('Ctrl Pts',(-12.1553018217382,8.35938187619712,3.005));
#12618=CARTESIAN_POINT('Ctrl Pts',(-12.1553018217382,8.35938187619712,3.03));
#12619=CARTESIAN_POINT('Ctrl Pts',(-12.1666155471636,8.38103712378692,3.005));
#12620=CARTESIAN_POINT('Ctrl Pts',(-12.1666155471636,8.38103712378692,3.03));
#12621=CARTESIAN_POINT('Ctrl Pts',(-12.1917674434612,8.42917958095259,3.005));
#12622=CARTESIAN_POINT('Ctrl Pts',(-12.1917674434612,8.42917958095259,3.03));
#12623=CARTESIAN_POINT('Ctrl Pts',(-12.1933323944351,8.48365729026794,3.005));
#12624=CARTESIAN_POINT('Ctrl Pts',(-12.1933323944351,8.48365729026794,3.03));
#12625=CARTESIAN_POINT('Ctrl Pts',(-12.1941934054193,8.51363005420234,3.005));
#12626=CARTESIAN_POINT('Ctrl Pts',(-12.1941934054193,8.51363005420234,3.03));
#12627=CARTESIAN_POINT('',(-12.1553018217382,8.35938187619712,3.03));
#12628=CARTESIAN_POINT('Ctrl Pts',(-12.1553018217382,8.35938187619712,3.03));
#12629=CARTESIAN_POINT('Ctrl Pts',(-12.1666155471636,8.38103712378692,3.03));
#12630=CARTESIAN_POINT('Ctrl Pts',(-12.1917674434612,8.42917958095259,3.03));
#12631=CARTESIAN_POINT('Ctrl Pts',(-12.1933323944351,8.48365729026794,3.03));
#12632=CARTESIAN_POINT('Ctrl Pts',(-12.1941934054193,8.51363005420234,3.03));
#12633=CARTESIAN_POINT('',(-12.1553018217382,8.35938187619712,3.005));
#12634=CARTESIAN_POINT('Ctrl Pts',(-12.0188515906629,8.26973336121109,3.005));
#12635=CARTESIAN_POINT('Ctrl Pts',(-12.0188515906629,8.26973336121109,3.03));
#12636=CARTESIAN_POINT('Ctrl Pts',(-12.0479480293658,8.28076797996028,3.005));
#12637=CARTESIAN_POINT('Ctrl Pts',(-12.0479480293658,8.28076797996028,3.03));
#12638=CARTESIAN_POINT('Ctrl Pts',(-12.1002777388113,8.30061365244562,3.005));
#12639=CARTESIAN_POINT('Ctrl Pts',(-12.1002777388113,8.30061365244562,3.03));
#12640=CARTESIAN_POINT('Ctrl Pts',(-12.1383836243243,8.34131247170722,3.005));
#12641=CARTESIAN_POINT('Ctrl Pts',(-12.1383836243243,8.34131247170722,3.03));
#12642=CARTESIAN_POINT('Ctrl Pts',(-12.1553018217382,8.35938187619712,3.005));
#12643=CARTESIAN_POINT('Ctrl Pts',(-12.1553018217382,8.35938187619712,3.03));
#12644=CARTESIAN_POINT('Ctrl Pts',(-12.0188515906629,8.26973336121109,3.03));
#12645=CARTESIAN_POINT('Ctrl Pts',(-12.0479480293658,8.28076797996028,3.03));
#12646=CARTESIAN_POINT('Ctrl Pts',(-12.1002777388113,8.30061365244562,3.03));
#12647=CARTESIAN_POINT('Ctrl Pts',(-12.1383836243243,8.34131247170722,3.03));
#12648=CARTESIAN_POINT('Ctrl Pts',(-12.1553018217382,8.35938187619712,3.03));
#12649=CARTESIAN_POINT('Origin',(-11.9997353380021,10.1556465246346,3.03));
#12650=CARTESIAN_POINT('Origin',(-8.,8.5,3.005));
#12651=CARTESIAN_POINT('Origin',(-9.55498943995288,7.45867077939684,3.005));
#12652=CARTESIAN_POINT('',(-9.55498943995288,7.15117078952963,3.005));
#12653=CARTESIAN_POINT('',(-9.55498943995288,7.45867077939684,3.005));
#12654=CARTESIAN_POINT('',(-9.55498943995288,7.97933538969842,3.005));
#12655=CARTESIAN_POINT('',(-9.55498943995288,7.15117078952963,3.03));
#12656=CARTESIAN_POINT('',(-9.55498943995288,7.15117078952963,3.005));
#12657=CARTESIAN_POINT('',(-9.55498943995288,7.45867077939684,3.03));
#12658=CARTESIAN_POINT('',(-9.55498943995288,7.15117078952963,3.03));
#12659=CARTESIAN_POINT('',(-9.55498943995288,7.45867077939684,3.005));
#12660=CARTESIAN_POINT('Origin',(-10.0664894558077,7.30267078362877,3.005));
#12661=CARTESIAN_POINT('',(-10.0664894558077,7.30267078362877,3.005));
#12662=CARTESIAN_POINT('',(-8.95412825110055,7.6419246210639,3.005));
#12663=CARTESIAN_POINT('',(-10.0664894558077,7.30267078362877,3.03));
#12664=CARTESIAN_POINT('',(-9.55498943995288,7.45867077939684,3.03));
#12665=CARTESIAN_POINT('',(-10.0664894558077,7.30267078362877,3.005));
#12666=CARTESIAN_POINT('Origin',(-9.55498943995288,7.15117078952963,3.005));
#12667=CARTESIAN_POINT('',(-9.02384388171279,6.99385202815154,3.005));
#12668=CARTESIAN_POINT('',(-10.0664894558077,7.30267078362877,3.03));
#12669=CARTESIAN_POINT('Origin',(-9.42748944233706,7.11217076264794,3.005));
#12670=CARTESIAN_POINT('',(-9.42748944233706,7.49917083167012,3.03));
#12671=CARTESIAN_POINT('',(-9.42748944233706,7.49917083167012,3.005));
#12672=CARTESIAN_POINT('',(-9.42748944233706,7.11217076264794,3.03));
#12673=CARTESIAN_POINT('',(-9.42748944233706,7.49917083167012,3.03));
#12674=CARTESIAN_POINT('',(-9.42748944233706,7.11217076264794,3.005));
#12675=CARTESIAN_POINT('Origin',(-9.12748943041613,7.02217076652224,3.005));
#12676=CARTESIAN_POINT('',(-9.12748943041613,7.02217076652224,3.03));
#12677=CARTESIAN_POINT('',(-9.42748944233706,7.11217076264794,3.03));
#12678=CARTESIAN_POINT('',(-9.12748943041613,7.02217076652224,3.005));
#12679=CARTESIAN_POINT('Origin',(-9.12748943041613,6.86767076122115,3.005));
#12680=CARTESIAN_POINT('',(-9.12748943041613,6.86767076122115,3.03));
#12681=CARTESIAN_POINT('',(-9.12748943041613,7.02217076652224,3.03));
#12682=CARTESIAN_POINT('',(-9.12748943041613,6.86767076122115,3.005));
#12683=CARTESIAN_POINT('Origin',(-10.1774894721394,7.19917078249628,3.005));
#12684=CARTESIAN_POINT('',(-10.1774894721394,7.19917078249628,3.03));
#12685=CARTESIAN_POINT('',(-9.12748943041613,6.86767076122115,3.03));
#12686=CARTESIAN_POINT('',(-10.1774894721394,7.19917078249628,3.005));
#12687=CARTESIAN_POINT('Origin',(-10.1774894721394,7.40767077289994,3.005));
#12688=CARTESIAN_POINT('',(-10.1774894721394,7.40767077289994,3.03));
#12689=CARTESIAN_POINT('',(-10.1774894721394,7.19917078249628,3.03));
#12690=CARTESIAN_POINT('',(-10.1774894721394,7.40767077289994,3.005));
#12691=CARTESIAN_POINT('Origin',(-9.12748943041613,7.75417082690174,3.005));
#12692=CARTESIAN_POINT('',(-9.12748943041613,7.75417082690174,3.03));
#12693=CARTESIAN_POINT('',(-10.1774894721394,7.40767077289994,3.03));
#12694=CARTESIAN_POINT('',(-9.12748943041613,7.75417082690174,3.005));
#12695=CARTESIAN_POINT('Origin',(-9.12748943041613,7.59517081760342,3.005));
#12696=CARTESIAN_POINT('',(-9.12748943041613,7.59517081760342,3.03));
#12697=CARTESIAN_POINT('',(-9.12748943041613,7.75417082690174,3.03));
#12698=CARTESIAN_POINT('',(-9.12748943041613,7.59517081760342,3.005));
#12699=CARTESIAN_POINT('Origin',(-9.42748944233706,7.49917083167012,3.005));
#12700=CARTESIAN_POINT('',(-9.12748943041613,7.59517081760342,3.03));
#12701=CARTESIAN_POINT('Origin',(-9.67723946045687,10.4189209160722,3.03));
#12702=CARTESIAN_POINT('Origin',(-8.,8.5,3.005));
#12703=CARTESIAN_POINT('Ctrl Pts',(-10.0844894624834,7.95967072926934,3.005));
#12704=CARTESIAN_POINT('Ctrl Pts',(-10.0844894624834,7.95967072926934,3.03));
#12705=CARTESIAN_POINT('Ctrl Pts',(-10.0766145384661,7.96920893872693,3.005));
#12706=CARTESIAN_POINT('Ctrl Pts',(-10.0766145384661,7.96920893872693,3.03));
#12707=CARTESIAN_POINT('Ctrl Pts',(-10.0607705869483,7.98839933699378,3.005));
#12708=CARTESIAN_POINT('Ctrl Pts',(-10.0607705869483,7.98839933699378,3.03));
#12709=CARTESIAN_POINT('Ctrl Pts',(-10.058587486062,8.01319788515362,3.005));
#12710=CARTESIAN_POINT('Ctrl Pts',(-10.058587486062,8.01319788515362,3.03));
#12711=CARTESIAN_POINT('Ctrl Pts',(-10.0574894524699,8.02567080341751,3.005));
#12712=CARTESIAN_POINT('Ctrl Pts',(-10.0574894524699,8.02567080341751,3.03));
#12713=CARTESIAN_POINT('',(-10.0574894524699,8.02567080341751,3.03));
#12714=CARTESIAN_POINT('',(-10.0574894524699,8.02567080341751,3.005));
#12715=CARTESIAN_POINT('',(-10.0844894624834,7.95967072926934,3.03));
#12716=CARTESIAN_POINT('Ctrl Pts',(-10.0844894624834,7.95967072926934,3.03));
#12717=CARTESIAN_POINT('Ctrl Pts',(-10.0766145384661,7.96920893872693,3.03));
#12718=CARTESIAN_POINT('Ctrl Pts',(-10.0607705869483,7.98839933699378,3.03));
#12719=CARTESIAN_POINT('Ctrl Pts',(-10.058587486062,8.01319788515362,3.03));
#12720=CARTESIAN_POINT('Ctrl Pts',(-10.0574894524699,8.02567080341751,3.03));
#12721=CARTESIAN_POINT('',(-10.0844894624834,7.95967072926934,3.005));
#12722=CARTESIAN_POINT('Ctrl Pts',(-10.1504894621258,7.93267079376156,3.005));
#12723=CARTESIAN_POINT('Ctrl Pts',(-10.1504894621258,7.93267079376156,3.03));
#12724=CARTESIAN_POINT('Ctrl Pts',(-10.1380165441427,7.9337688271286,3.005));
#12725=CARTESIAN_POINT('Ctrl Pts',(-10.1380165441427,7.9337688271286,3.03));
#12726=CARTESIAN_POINT('Ctrl Pts',(-10.1132180317655,7.93595192446637,3.005));
#12727=CARTESIAN_POINT('Ctrl Pts',(-10.1132180317655,7.93595192446637,3.03));
#12728=CARTESIAN_POINT('Ctrl Pts',(-10.0940276500195,7.95179583629708,3.005));
#12729=CARTESIAN_POINT('Ctrl Pts',(-10.0940276500195,7.95179583629708,3.03));
#12730=CARTESIAN_POINT('Ctrl Pts',(-10.0844894624834,7.95967072926934,3.005));
#12731=CARTESIAN_POINT('Ctrl Pts',(-10.0844894624834,7.95967072926934,3.03));
#12732=CARTESIAN_POINT('',(-10.1504894621258,7.93267079376156,3.03));
#12733=CARTESIAN_POINT('Ctrl Pts',(-10.1504894621258,7.93267079376156,3.03));
#12734=CARTESIAN_POINT('Ctrl Pts',(-10.1380165441427,7.9337688271286,3.03));
#12735=CARTESIAN_POINT('Ctrl Pts',(-10.1132180317655,7.93595192446637,3.03));
#12736=CARTESIAN_POINT('Ctrl Pts',(-10.0940276500195,7.95179583629708,3.03));
#12737=CARTESIAN_POINT('Ctrl Pts',(-10.0844894624834,7.95967072926934,3.03));
#12738=CARTESIAN_POINT('',(-10.1504894621258,7.93267079376156,3.005));
#12739=CARTESIAN_POINT('Ctrl Pts',(-10.2172395117169,7.95967072926934,3.005));
#12740=CARTESIAN_POINT('Ctrl Pts',(-10.2172395117169,7.95967072926934,3.03));
#12741=CARTESIAN_POINT('Ctrl Pts',(-10.2075075865894,7.95179576665133,3.005));
#12742=CARTESIAN_POINT('Ctrl Pts',(-10.2075075865894,7.95179576665133,3.03));
#12743=CARTESIAN_POINT('Ctrl Pts',(-10.1880041059284,7.93601377294359,3.005));
#12744=CARTESIAN_POINT('Ctrl Pts',(-10.1880041059284,7.93601377294359,3.03));
#12745=CARTESIAN_POINT('Ctrl Pts',(-10.1630112715884,7.93378662864926,3.005));
#12746=CARTESIAN_POINT('Ctrl Pts',(-10.1630112715884,7.93378662864926,3.03));
#12747=CARTESIAN_POINT('Ctrl Pts',(-10.1504894621258,7.93267079376156,3.005));
#12748=CARTESIAN_POINT('Ctrl Pts',(-10.1504894621258,7.93267079376156,3.03));
#12749=CARTESIAN_POINT('',(-10.2172395117169,7.95967072926934,3.03));
#12750=CARTESIAN_POINT('Ctrl Pts',(-10.2172395117169,7.95967072926934,3.03));
#12751=CARTESIAN_POINT('Ctrl Pts',(-10.2075075865894,7.95179576665133,3.03));
#12752=CARTESIAN_POINT('Ctrl Pts',(-10.1880041059284,7.93601377294359,3.03));
#12753=CARTESIAN_POINT('Ctrl Pts',(-10.1630112715884,7.93378662864926,3.03));
#12754=CARTESIAN_POINT('Ctrl Pts',(-10.1504894621258,7.93267079376156,3.03));
#12755=CARTESIAN_POINT('',(-10.2172395117169,7.95967072926934,3.005));
#12756=CARTESIAN_POINT('Ctrl Pts',(-10.2449894971733,8.02567080341751,3.005));
#12757=CARTESIAN_POINT('Ctrl Pts',(-10.2449894971733,8.02567080341751,3.03));
#12758=CARTESIAN_POINT('Ctrl Pts',(-10.2438427577544,8.01318003228423,3.005));
#12759=CARTESIAN_POINT('Ctrl Pts',(-10.2438427577544,8.01318003228423,3.03));
#12760=CARTESIAN_POINT('Ctrl Pts',(-10.2415539706917,7.98824959481801,3.005));
#12761=CARTESIAN_POINT('Ctrl Pts',(-10.2415539706917,7.98824959481801,3.03));
#12762=CARTESIAN_POINT('Ctrl Pts',(-10.2253332477776,7.96918399028435,3.005));
#12763=CARTESIAN_POINT('Ctrl Pts',(-10.2253332477776,7.96918399028435,3.03));
#12764=CARTESIAN_POINT('Ctrl Pts',(-10.2172395117169,7.95967072926934,3.005));
#12765=CARTESIAN_POINT('Ctrl Pts',(-10.2172395117169,7.95967072926934,3.03));
#12766=CARTESIAN_POINT('',(-10.2449894971733,8.02567080341751,3.03));
#12767=CARTESIAN_POINT('Ctrl Pts',(-10.2449894971733,8.02567080341751,3.03));
#12768=CARTESIAN_POINT('Ctrl Pts',(-10.2438427577544,8.01318003228423,3.03));
#12769=CARTESIAN_POINT('Ctrl Pts',(-10.2415539706917,7.98824959481801,3.03));
#12770=CARTESIAN_POINT('Ctrl Pts',(-10.2253332477776,7.96918399028435,3.03));
#12771=CARTESIAN_POINT('Ctrl Pts',(-10.2172395117169,7.95967072926934,3.03));
#12772=CARTESIAN_POINT('',(-10.2449894971733,8.02567080341751,3.005));
#12773=CARTESIAN_POINT('Ctrl Pts',(-10.2172395117169,8.09242085300858,3.005));
#12774=CARTESIAN_POINT('Ctrl Pts',(-10.2172395117169,8.09242085300858,3.03));
#12775=CARTESIAN_POINT('Ctrl Pts',(-10.2253332503476,8.08271354312566,3.005));
#12776=CARTESIAN_POINT('Ctrl Pts',(-10.2253332503476,8.08271354312566,3.03));
#12777=CARTESIAN_POINT('Ctrl Pts',(-10.2414923836175,8.06333291802201,3.005));
#12778=CARTESIAN_POINT('Ctrl Pts',(-10.2414923836175,8.06333291802201,3.03));
#12779=CARTESIAN_POINT('Ctrl Pts',(-10.2438251565913,8.03821015272371,3.005));
#12780=CARTESIAN_POINT('Ctrl Pts',(-10.2438251565913,8.03821015272371,3.03));
#12781=CARTESIAN_POINT('Ctrl Pts',(-10.2449894971733,8.02567080341751,3.005));
#12782=CARTESIAN_POINT('Ctrl Pts',(-10.2449894971733,8.02567080341751,3.03));
#12783=CARTESIAN_POINT('',(-10.2172395117169,8.09242085300858,3.03));
#12784=CARTESIAN_POINT('Ctrl Pts',(-10.2172395117169,8.09242085300858,3.03));
#12785=CARTESIAN_POINT('Ctrl Pts',(-10.2253332503476,8.08271354312566,3.03));
#12786=CARTESIAN_POINT('Ctrl Pts',(-10.2414923836175,8.06333291802201,3.03));
#12787=CARTESIAN_POINT('Ctrl Pts',(-10.2438251565913,8.03821015272371,3.03));
#12788=CARTESIAN_POINT('Ctrl Pts',(-10.2449894971733,8.02567080341751,3.03));
#12789=CARTESIAN_POINT('',(-10.2172395117169,8.09242085300858,3.005));
#12790=CARTESIAN_POINT('Ctrl Pts',(-10.1504894621258,8.12017068945343,3.005));
#12791=CARTESIAN_POINT('Ctrl Pts',(-10.1504894621258,8.12017068945343,3.03));
#12792=CARTESIAN_POINT('Ctrl Pts',(-10.1630287970258,8.11900638812415,3.005));
#12793=CARTESIAN_POINT('Ctrl Pts',(-10.1630287970258,8.11900638812415,3.03));
#12794=CARTESIAN_POINT('Ctrl Pts',(-10.1881515564846,8.11667369165607,3.005));
#12795=CARTESIAN_POINT('Ctrl Pts',(-10.1881515564846,8.11667369165607,3.03));
#12796=CARTESIAN_POINT('Ctrl Pts',(-10.2075321891709,8.10051458546678,3.005));
#12797=CARTESIAN_POINT('Ctrl Pts',(-10.2075321891709,8.10051458546678,3.03));
#12798=CARTESIAN_POINT('Ctrl Pts',(-10.2172395117169,8.09242085300858,3.005));
#12799=CARTESIAN_POINT('Ctrl Pts',(-10.2172395117169,8.09242085300858,3.03));
#12800=CARTESIAN_POINT('',(-10.1504894621258,8.12017068945343,3.03));
#12801=CARTESIAN_POINT('Ctrl Pts',(-10.1504894621258,8.12017068945343,3.03));
#12802=CARTESIAN_POINT('Ctrl Pts',(-10.1630287970258,8.11900638812415,3.03));
#12803=CARTESIAN_POINT('Ctrl Pts',(-10.1881515564846,8.11667369165607,3.03));
#12804=CARTESIAN_POINT('Ctrl Pts',(-10.2075321891709,8.10051458546678,3.03));
#12805=CARTESIAN_POINT('Ctrl Pts',(-10.2172395117169,8.09242085300858,3.03));
#12806=CARTESIAN_POINT('',(-10.1504894621258,8.12017068945343,3.005));
#12807=CARTESIAN_POINT('Ctrl Pts',(-10.0844894624834,8.09242085300858,3.005));
#12808=CARTESIAN_POINT('Ctrl Pts',(-10.0844894624834,8.09242085300858,3.03));
#12809=CARTESIAN_POINT('Ctrl Pts',(-10.0940027232481,8.10051458281917,3.005));
#12810=CARTESIAN_POINT('Ctrl Pts',(-10.0940027232481,8.10051458281917,3.03));
#12811=CARTESIAN_POINT('Ctrl Pts',(-10.1130683082637,8.11673527702853,3.005));
#12812=CARTESIAN_POINT('Ctrl Pts',(-10.1130683082637,8.11673527702853,3.03));
#12813=CARTESIAN_POINT('Ctrl Pts',(-10.1379987175293,8.11902398886421,3.005));
#12814=CARTESIAN_POINT('Ctrl Pts',(-10.1379987175293,8.11902398886421,3.03));
#12815=CARTESIAN_POINT('Ctrl Pts',(-10.1504894621258,8.12017068945343,3.005));
#12816=CARTESIAN_POINT('Ctrl Pts',(-10.1504894621258,8.12017068945343,3.03));
#12817=CARTESIAN_POINT('',(-10.0844894624834,8.09242085300858,3.03));
#12818=CARTESIAN_POINT('Ctrl Pts',(-10.0844894624834,8.09242085300858,3.03));
#12819=CARTESIAN_POINT('Ctrl Pts',(-10.0940027232481,8.10051458281917,3.03));
#12820=CARTESIAN_POINT('Ctrl Pts',(-10.1130683082637,8.11673527702853,3.03));
#12821=CARTESIAN_POINT('Ctrl Pts',(-10.1379987175293,8.11902398886421,3.03));
#12822=CARTESIAN_POINT('Ctrl Pts',(-10.1504894621258,8.12017068945343,3.03));
#12823=CARTESIAN_POINT('',(-10.0844894624834,8.09242085300858,3.005));
#12824=CARTESIAN_POINT('Ctrl Pts',(-10.0574894524699,8.02567080341751,3.005));
#12825=CARTESIAN_POINT('Ctrl Pts',(-10.0574894524699,8.02567080341751,3.03));
#12826=CARTESIAN_POINT('Ctrl Pts',(-10.0586052794822,8.03819262985325,3.005));
#12827=CARTESIAN_POINT('Ctrl Pts',(-10.0586052794822,8.03819262985325,3.03));
#12828=CARTESIAN_POINT('Ctrl Pts',(-10.0608324072583,8.06318548909904,3.005));
#12829=CARTESIAN_POINT('Ctrl Pts',(-10.0608324072583,8.06318548909904,3.03));
#12830=CARTESIAN_POINT('Ctrl Pts',(-10.0766144688372,8.08268894416189,3.005));
#12831=CARTESIAN_POINT('Ctrl Pts',(-10.0766144688372,8.08268894416189,3.03));
#12832=CARTESIAN_POINT('Ctrl Pts',(-10.0844894624834,8.09242085300858,3.005));
#12833=CARTESIAN_POINT('Ctrl Pts',(-10.0844894624834,8.09242085300858,3.03));
#12834=CARTESIAN_POINT('Ctrl Pts',(-10.0574894524699,8.02567080341751,3.03));
#12835=CARTESIAN_POINT('Ctrl Pts',(-10.0586052794822,8.03819262985325,3.03));
#12836=CARTESIAN_POINT('Ctrl Pts',(-10.0608324072583,8.06318548909904,3.03));
#12837=CARTESIAN_POINT('Ctrl Pts',(-10.0766144688372,8.08268894416189,3.03));
#12838=CARTESIAN_POINT('Ctrl Pts',(-10.0844894624834,8.09242085300858,3.03));
#12839=CARTESIAN_POINT('Origin',(-9.67723946045687,10.4189209160722,3.03));
#12840=CARTESIAN_POINT('Ctrl Pts',(-9.86923943232348,10.1684211262363,3.005));
#12841=CARTESIAN_POINT('Ctrl Pts',(-9.86923943232348,10.1684211262363,3.03));
#12842=CARTESIAN_POINT('Ctrl Pts',(-9.88957653815883,10.1418393513566,3.005));
#12843=CARTESIAN_POINT('Ctrl Pts',(-9.88957653815883,10.1418393513566,3.03));
#12844=CARTESIAN_POINT('Ctrl Pts',(-9.9316969013108,10.0867855978767,3.005));
#12845=CARTESIAN_POINT('Ctrl Pts',(-9.9316969013108,10.0867855978767,3.03));
#12846=CARTESIAN_POINT('Ctrl Pts',(-9.9365035952334,10.0175022072859,3.005));
#12847=CARTESIAN_POINT('Ctrl Pts',(-9.9365035952334,10.0175022072859,3.03));
#12848=CARTESIAN_POINT('Ctrl Pts',(-9.9389894581919,9.98167113148148,3.005));
#12849=CARTESIAN_POINT('Ctrl Pts',(-9.9389894581919,9.98167113148148,3.03));
#12850=CARTESIAN_POINT('',(-9.9389894581919,9.98167113148148,3.03));
#12851=CARTESIAN_POINT('',(-9.9389894581919,9.98167113148148,3.005));
#12852=CARTESIAN_POINT('',(-9.86923943232348,10.1684211262363,3.03));
#12853=CARTESIAN_POINT('Ctrl Pts',(-9.86923943232348,10.1684211262363,3.03));
#12854=CARTESIAN_POINT('Ctrl Pts',(-9.88957653815883,10.1418393513566,3.03));
#12855=CARTESIAN_POINT('Ctrl Pts',(-9.9316969013108,10.0867855978767,3.03));
#12856=CARTESIAN_POINT('Ctrl Pts',(-9.9365035952334,10.0175022072859,3.03));
#12857=CARTESIAN_POINT('Ctrl Pts',(-9.9389894581919,9.98167113148148,3.03));
#12858=CARTESIAN_POINT('',(-9.86923943232348,10.1684211262363,3.005));
#12859=CARTESIAN_POINT('Ctrl Pts',(-9.67648948501399,10.2411709793704,3.005));
#12860=CARTESIAN_POINT('Ctrl Pts',(-9.67648948501399,10.2411709793704,3.03));
#12861=CARTESIAN_POINT('Ctrl Pts',(-9.71452684022992,10.238880199933,3.005));
#12862=CARTESIAN_POINT('Ctrl Pts',(-9.71452684022992,10.238880199933,3.03));
#12863=CARTESIAN_POINT('Ctrl Pts',(-9.78656304705976,10.2345418577843,3.005));
#12864=CARTESIAN_POINT('Ctrl Pts',(-9.78656304705976,10.2345418577843,3.03));
#12865=CARTESIAN_POINT('Ctrl Pts',(-9.84273025511539,10.1896219344736,3.005));
#12866=CARTESIAN_POINT('Ctrl Pts',(-9.84273025511539,10.1896219344736,3.03));
#12867=CARTESIAN_POINT('Ctrl Pts',(-9.86923943232348,10.1684211262363,3.005));
#12868=CARTESIAN_POINT('Ctrl Pts',(-9.86923943232348,10.1684211262363,3.03));
#12869=CARTESIAN_POINT('',(-9.67648948501399,10.2411709793704,3.03));
#12870=CARTESIAN_POINT('Ctrl Pts',(-9.67648948501399,10.2411709793704,3.03));
#12871=CARTESIAN_POINT('Ctrl Pts',(-9.71452684022992,10.238880199933,3.03));
#12872=CARTESIAN_POINT('Ctrl Pts',(-9.78656304705976,10.2345418577843,3.03));
#12873=CARTESIAN_POINT('Ctrl Pts',(-9.84273025511539,10.1896219344736,3.03));
#12874=CARTESIAN_POINT('Ctrl Pts',(-9.86923943232348,10.1684211262363,3.03));
#12875=CARTESIAN_POINT('',(-9.67648948501399,10.2411709793704,3.005));
#12876=CARTESIAN_POINT('Origin',(-9.12748943041613,10.2411709793704,3.005));
#12877=CARTESIAN_POINT('',(-9.12748943041613,10.2411709793704,3.03));
#12878=CARTESIAN_POINT('',(-9.67648948501399,10.2411709793704,3.03));
#12879=CARTESIAN_POINT('',(-9.12748943041613,10.2411709793704,3.005));
#12880=CARTESIAN_POINT('Origin',(-9.12748943041613,10.0911711224216,3.005));
#12881=CARTESIAN_POINT('',(-9.12748943041613,10.0911711224216,3.03));
#12882=CARTESIAN_POINT('',(-9.12748943041613,10.2411709793704,3.03));
#12883=CARTESIAN_POINT('',(-9.12748943041613,10.0911711224216,3.005));
#12884=CARTESIAN_POINT('Origin',(-9.6629894800072,10.0911711224216,3.005));
#12885=CARTESIAN_POINT('',(-9.6629894800072,10.0911711224216,3.03));
#12886=CARTESIAN_POINT('',(-9.12748943041613,10.0911711224216,3.03));
#12887=CARTESIAN_POINT('',(-9.6629894800072,10.0911711224216,3.005));
#12888=CARTESIAN_POINT('Ctrl Pts',(-9.82198948930552,9.95017097078736,3.005));
#12889=CARTESIAN_POINT('Ctrl Pts',(-9.82198948930552,9.95017097078736,3.03));
#12890=CARTESIAN_POINT('Ctrl Pts',(-9.81418128471905,9.99127017595164,3.005));
#12891=CARTESIAN_POINT('Ctrl Pts',(-9.81418128471905,9.99127017595164,3.03));
#12892=CARTESIAN_POINT('Ctrl Pts',(-9.79777856336869,10.077607412965,3.005));
#12893=CARTESIAN_POINT('Ctrl Pts',(-9.79777856336869,10.077607412965,3.03));
#12894=CARTESIAN_POINT('Ctrl Pts',(-9.70933248123178,10.086507666092,3.005));
#12895=CARTESIAN_POINT('Ctrl Pts',(-9.70933248123178,10.086507666092,3.03));
#12896=CARTESIAN_POINT('Ctrl Pts',(-9.6629894800072,10.0911711224216,3.005));
#12897=CARTESIAN_POINT('Ctrl Pts',(-9.6629894800072,10.0911711224216,3.03));
#12898=CARTESIAN_POINT('',(-9.82198948930552,9.95017097078736,3.03));
#12899=CARTESIAN_POINT('Ctrl Pts',(-9.82198948930552,9.95017097078736,3.03));
#12900=CARTESIAN_POINT('Ctrl Pts',(-9.81418128471905,9.99127017595164,3.03));
#12901=CARTESIAN_POINT('Ctrl Pts',(-9.79777856336869,10.077607412965,3.03));
#12902=CARTESIAN_POINT('Ctrl Pts',(-9.70933248123178,10.086507666092,3.03));
#12903=CARTESIAN_POINT('Ctrl Pts',(-9.6629894800072,10.0911711224216,3.03));
#12904=CARTESIAN_POINT('',(-9.82198948930552,9.95017097078736,3.005));
#12905=CARTESIAN_POINT('Ctrl Pts',(-9.70198946963599,9.75217089735444,3.005));
#12906=CARTESIAN_POINT('Ctrl Pts',(-9.70198946963599,9.75217089735444,3.03));
#12907=CARTESIAN_POINT('Ctrl Pts',(-9.73695991556711,9.77875461581549,3.005));
#12908=CARTESIAN_POINT('Ctrl Pts',(-9.73695991556711,9.77875461581549,3.03));
#12909=CARTESIAN_POINT('Ctrl Pts',(-9.80338559808856,9.8292498724734,3.005));
#12910=CARTESIAN_POINT('Ctrl Pts',(-9.80338559808856,9.8292498724734,3.03));
#12911=CARTESIAN_POINT('Ctrl Pts',(-9.81601090016843,9.91131148938135,3.005));
#12912=CARTESIAN_POINT('Ctrl Pts',(-9.81601090016843,9.91131148938135,3.03));
#12913=CARTESIAN_POINT('Ctrl Pts',(-9.82198948930552,9.95017097078736,3.005));
#12914=CARTESIAN_POINT('Ctrl Pts',(-9.82198948930552,9.95017097078736,3.03));
#12915=CARTESIAN_POINT('',(-9.70198946963599,9.75217089735444,3.03));
#12916=CARTESIAN_POINT('Ctrl Pts',(-9.70198946963599,9.75217089735444,3.03));
#12917=CARTESIAN_POINT('Ctrl Pts',(-9.73695991556711,9.77875461581549,3.03));
#12918=CARTESIAN_POINT('Ctrl Pts',(-9.80338559808856,9.8292498724734,3.03));
#12919=CARTESIAN_POINT('Ctrl Pts',(-9.81601090016843,9.91131148938135,3.03));
#12920=CARTESIAN_POINT('Ctrl Pts',(-9.82198948930552,9.95017097078736,3.03));
#12921=CARTESIAN_POINT('',(-9.70198946963599,9.75217089735444,3.005));
#12922=CARTESIAN_POINT('Origin',(-9.12748943041613,9.75217089735444,3.005));
#12923=CARTESIAN_POINT('',(-9.12748943041613,9.75217089735444,3.03));
#12924=CARTESIAN_POINT('',(-9.70198946963599,9.75217089735444,3.03));
#12925=CARTESIAN_POINT('',(-9.12748943041613,9.75217089735444,3.005));
#12926=CARTESIAN_POINT('Origin',(-9.12748943041613,9.60217104040558,3.005));
#12927=CARTESIAN_POINT('',(-9.12748943041613,9.60217104040558,3.03));
#12928=CARTESIAN_POINT('',(-9.12748943041613,9.75217089735443,3.03));
#12929=CARTESIAN_POINT('',(-9.12748943041613,9.60217104040558,3.005));
#12930=CARTESIAN_POINT('Origin',(-10.2374895192271,9.60217104040558,3.005));
#12931=CARTESIAN_POINT('',(-10.2374895192271,9.60217104040558,3.03));
#12932=CARTESIAN_POINT('',(-9.12748943041613,9.60217104040558,3.03));
#12933=CARTESIAN_POINT('',(-10.2374895192271,9.60217104040558,3.005));
#12934=CARTESIAN_POINT('Origin',(-10.2374895192271,9.75217089735444,3.005));
#12935=CARTESIAN_POINT('',(-10.2374895192271,9.75217089735444,3.03));
#12936=CARTESIAN_POINT('',(-10.2374895192271,9.60217104040558,3.03));
#12937=CARTESIAN_POINT('',(-10.2374895192271,9.75217089735444,3.005));
#12938=CARTESIAN_POINT('Origin',(-9.84298947225859,9.75217089735444,3.005));
#12939=CARTESIAN_POINT('',(-9.84298947225859,9.75217089735444,3.03));
#12940=CARTESIAN_POINT('',(-10.2374895192271,9.75217089735444,3.03));
#12941=CARTESIAN_POINT('',(-9.84298947225859,9.75217089735444,3.005));
#12942=CARTESIAN_POINT('Ctrl Pts',(-9.9389894581919,9.98167113148148,3.005));
#12943=CARTESIAN_POINT('Ctrl Pts',(-9.9389894581919,9.98167113148148,3.03));
#12944=CARTESIAN_POINT('Ctrl Pts',(-9.93572206380798,9.93601172053657,3.005));
#12945=CARTESIAN_POINT('Ctrl Pts',(-9.93572206380798,9.93601172053657,3.03));
#12946=CARTESIAN_POINT('Ctrl Pts',(-9.92945609749069,9.84844949283109,3.005));
#12947=CARTESIAN_POINT('Ctrl Pts',(-9.92945609749069,9.84844949283109,3.03));
#12948=CARTESIAN_POINT('Ctrl Pts',(-9.87097536735444,9.78333254690133,3.005));
#12949=CARTESIAN_POINT('Ctrl Pts',(-9.87097536735444,9.78333254690133,3.03));
#12950=CARTESIAN_POINT('Ctrl Pts',(-9.84298947225859,9.75217089735444,3.005));
#12951=CARTESIAN_POINT('Ctrl Pts',(-9.84298947225859,9.75217089735444,3.03));
#12952=CARTESIAN_POINT('Ctrl Pts',(-9.9389894581919,9.98167113148148,3.03));
#12953=CARTESIAN_POINT('Ctrl Pts',(-9.93572206380798,9.93601172053657,3.03));
#12954=CARTESIAN_POINT('Ctrl Pts',(-9.92945609749069,9.84844949283109,3.03));
#12955=CARTESIAN_POINT('Ctrl Pts',(-9.87097536735444,9.78333254690133,3.03));
#12956=CARTESIAN_POINT('Ctrl Pts',(-9.84298947225859,9.75217089735444,3.03));
#12957=CARTESIAN_POINT('Origin',(-9.67723946045687,10.4189209160722,3.03));
#12958=CARTESIAN_POINT('Origin',(-9.12748943041613,10.5381710895198,3.005));
#12959=CARTESIAN_POINT('',(-9.12748943041613,10.6881709464687,3.03));
#12960=CARTESIAN_POINT('',(-9.12748943041613,10.6881709464687,3.005));
#12961=CARTESIAN_POINT('',(-9.12748943041613,10.5381710895198,3.03));
#12962=CARTESIAN_POINT('',(-9.12748943041613,10.6881709464687,3.03));
#12963=CARTESIAN_POINT('',(-9.12748943041613,10.5381710895198,3.005));
#12964=CARTESIAN_POINT('Origin',(-9.80698945890715,10.5381710895198,3.005));
#12965=CARTESIAN_POINT('',(-9.80698945890715,10.5381710895198,3.03));
#12966=CARTESIAN_POINT('',(-9.12748943041613,10.5381710895198,3.03));
#12967=CARTESIAN_POINT('',(-9.80698945890715,10.5381710895198,3.005));
#12968=CARTESIAN_POINT('Origin',(-9.80698945890715,10.4136709936755,3.005));
#12969=CARTESIAN_POINT('',(-9.80698945890715,10.4136709936755,3.03));
#12970=CARTESIAN_POINT('',(-9.80698945890715,10.5381710895198,3.03));
#12971=CARTESIAN_POINT('',(-9.80698945890715,10.4136709936755,3.005));
#12972=CARTESIAN_POINT('Origin',(-9.92098945151618,10.4136709936755,3.005));
#12973=CARTESIAN_POINT('',(-9.92098945151618,10.4136709936755,3.03));
#12974=CARTESIAN_POINT('',(-9.80698945890715,10.4136709936755,3.03));
#12975=CARTESIAN_POINT('',(-9.92098945151618,10.4136709936755,3.005));
#12976=CARTESIAN_POINT('Origin',(-9.92098945151618,10.6881709464687,3.005));
#12977=CARTESIAN_POINT('',(-9.92098945151618,10.6881709464687,3.03));
#12978=CARTESIAN_POINT('',(-9.92098945151618,10.4136709936755,3.03));
#12979=CARTESIAN_POINT('',(-9.92098945151618,10.6881709464687,3.005));
#12980=CARTESIAN_POINT('Origin',(-9.12748943041613,10.6881709464687,3.005));
#12981=CARTESIAN_POINT('',(-9.92098945151618,10.6881709464687,3.03));
#12982=CARTESIAN_POINT('Origin',(-9.67723946045687,10.4189209160722,3.03));
#12983=CARTESIAN_POINT('Ctrl Pts',(-9.86923943232348,11.5364210375446,3.005));
#12984=CARTESIAN_POINT('Ctrl Pts',(-9.86923943232348,11.5364210375446,3.03));
#12985=CARTESIAN_POINT('Ctrl Pts',(-9.88957653815883,11.5098392626649,3.005));
#12986=CARTESIAN_POINT('Ctrl Pts',(-9.88957653815883,11.5098392626649,3.03));
#12987=CARTESIAN_POINT('Ctrl Pts',(-9.9316969013108,11.454785509185,3.005));
#12988=CARTESIAN_POINT('Ctrl Pts',(-9.9316969013108,11.454785509185,3.03));
#12989=CARTESIAN_POINT('Ctrl Pts',(-9.9365035952334,11.3855021185942,3.005));
#12990=CARTESIAN_POINT('Ctrl Pts',(-9.9365035952334,11.3855021185942,3.03));
#12991=CARTESIAN_POINT('Ctrl Pts',(-9.9389894581919,11.3496710427898,3.005));
#12992=CARTESIAN_POINT('Ctrl Pts',(-9.9389894581919,11.3496710427898,3.03));
#12993=CARTESIAN_POINT('',(-9.9389894581919,11.3496710427898,3.03));
#12994=CARTESIAN_POINT('',(-9.9389894581919,11.3496710427898,3.005));
#12995=CARTESIAN_POINT('',(-9.86923943232348,11.5364210375446,3.03));
#12996=CARTESIAN_POINT('Ctrl Pts',(-9.86923943232348,11.5364210375446,3.03));
#12997=CARTESIAN_POINT('Ctrl Pts',(-9.88957653815883,11.5098392626649,3.03));
#12998=CARTESIAN_POINT('Ctrl Pts',(-9.9316969013108,11.454785509185,3.03));
#12999=CARTESIAN_POINT('Ctrl Pts',(-9.9365035952334,11.3855021185942,3.03));
#13000=CARTESIAN_POINT('Ctrl Pts',(-9.9389894581919,11.3496710427898,3.03));
#13001=CARTESIAN_POINT('',(-9.86923943232348,11.5364210375446,3.005));
#13002=CARTESIAN_POINT('Ctrl Pts',(-9.67648948501399,11.6091708906787,3.005));
#13003=CARTESIAN_POINT('Ctrl Pts',(-9.67648948501399,11.6091708906787,3.03));
#13004=CARTESIAN_POINT('Ctrl Pts',(-9.71452682463045,11.6068799712412,3.005));
#13005=CARTESIAN_POINT('Ctrl Pts',(-9.71452682463045,11.6068799712412,3.03));
#13006=CARTESIAN_POINT('Ctrl Pts',(-9.78656293103383,11.6025413682256,3.005));
#13007=CARTESIAN_POINT('Ctrl Pts',(-9.78656293103383,11.6025413682256,3.03));
#13008=CARTESIAN_POINT('Ctrl Pts',(-9.84273023773935,11.5576217013928,3.005));
#13009=CARTESIAN_POINT('Ctrl Pts',(-9.84273023773935,11.5576217013928,3.03));
#13010=CARTESIAN_POINT('Ctrl Pts',(-9.86923943232348,11.5364210375446,3.005));
#13011=CARTESIAN_POINT('Ctrl Pts',(-9.86923943232348,11.5364210375446,3.03));
#13012=CARTESIAN_POINT('',(-9.67648948501399,11.6091708906787,3.03));
#13013=CARTESIAN_POINT('Ctrl Pts',(-9.67648948501399,11.6091708906787,3.03));
#13014=CARTESIAN_POINT('Ctrl Pts',(-9.71452682463045,11.6068799712412,3.03));
#13015=CARTESIAN_POINT('Ctrl Pts',(-9.78656293103383,11.6025413682256,3.03));
#13016=CARTESIAN_POINT('Ctrl Pts',(-9.84273023773935,11.5576217013928,3.03));
#13017=CARTESIAN_POINT('Ctrl Pts',(-9.86923943232348,11.5364210375446,3.03));
#13018=CARTESIAN_POINT('',(-9.67648948501399,11.6091708906787,3.005));
#13019=CARTESIAN_POINT('Origin',(-9.12748943041613,11.6091708906787,3.005));
#13020=CARTESIAN_POINT('',(-9.12748943041613,11.6091708906787,3.03));
#13021=CARTESIAN_POINT('',(-9.67648948501399,11.6091708906787,3.03));
#13022=CARTESIAN_POINT('',(-9.12748943041613,11.6091708906787,3.005));
#13023=CARTESIAN_POINT('Origin',(-9.12748943041613,11.4591710337299,3.005));
#13024=CARTESIAN_POINT('',(-9.12748943041613,11.4591710337299,3.03));
#13025=CARTESIAN_POINT('',(-9.12748943041613,11.6091708906787,3.03));
#13026=CARTESIAN_POINT('',(-9.12748943041613,11.4591710337299,3.005));
#13027=CARTESIAN_POINT('Origin',(-9.6629894800072,11.4591710337299,3.005));
#13028=CARTESIAN_POINT('',(-9.6629894800072,11.4591710337299,3.03));
#13029=CARTESIAN_POINT('',(-9.12748943041613,11.4591710337299,3.03));
#13030=CARTESIAN_POINT('',(-9.6629894800072,11.4591710337299,3.005));
#13031=CARTESIAN_POINT('Ctrl Pts',(-9.82198948930552,11.3181708820956,3.005));
#13032=CARTESIAN_POINT('Ctrl Pts',(-9.82198948930552,11.3181708820956,3.03));
#13033=CARTESIAN_POINT('Ctrl Pts',(-9.81418128471905,11.3592700872599,3.005));
#13034=CARTESIAN_POINT('Ctrl Pts',(-9.81418128471905,11.3592700872599,3.03));
#13035=CARTESIAN_POINT('Ctrl Pts',(-9.79777856336869,11.4456073242733,3.005));
#13036=CARTESIAN_POINT('Ctrl Pts',(-9.79777856336869,11.4456073242733,3.03));
#13037=CARTESIAN_POINT('Ctrl Pts',(-9.70933248123178,11.4545075774003,3.005));
#13038=CARTESIAN_POINT('Ctrl Pts',(-9.70933248123178,11.4545075774003,3.03));
#13039=CARTESIAN_POINT('Ctrl Pts',(-9.6629894800072,11.4591710337299,3.005));
#13040=CARTESIAN_POINT('Ctrl Pts',(-9.6629894800072,11.4591710337299,3.03));
#13041=CARTESIAN_POINT('',(-9.82198948930552,11.3181708820956,3.03));
#13042=CARTESIAN_POINT('Ctrl Pts',(-9.82198948930552,11.3181708820956,3.03));
#13043=CARTESIAN_POINT('Ctrl Pts',(-9.81418128471905,11.3592700872599,3.03));
#13044=CARTESIAN_POINT('Ctrl Pts',(-9.79777856336869,11.4456073242733,3.03));
#13045=CARTESIAN_POINT('Ctrl Pts',(-9.70933248123178,11.4545075774003,3.03));
#13046=CARTESIAN_POINT('Ctrl Pts',(-9.6629894800072,11.4591710337299,3.03));
#13047=CARTESIAN_POINT('',(-9.82198948930552,11.3181708820956,3.005));
#13048=CARTESIAN_POINT('Ctrl Pts',(-9.70348949502757,11.1201708086627,3.005));
#13049=CARTESIAN_POINT('Ctrl Pts',(-9.70348949502757,11.1201708086627,3.03));
#13050=CARTESIAN_POINT('Ctrl Pts',(-9.73802581104838,11.1468204118556,3.005));
#13051=CARTESIAN_POINT('Ctrl Pts',(-9.73802581104838,11.1468204118556,3.03));
#13052=CARTESIAN_POINT('Ctrl Pts',(-9.80379781555064,11.1975727219783,3.005));
#13053=CARTESIAN_POINT('Ctrl Pts',(-9.80379781555064,11.1975727219783,3.03));
#13054=CARTESIAN_POINT('Ctrl Pts',(-9.81613191825227,11.2793392549845,3.005));
#13055=CARTESIAN_POINT('Ctrl Pts',(-9.81613191825227,11.2793392549845,3.03));
#13056=CARTESIAN_POINT('Ctrl Pts',(-9.82198948930552,11.3181708820956,3.005));
#13057=CARTESIAN_POINT('Ctrl Pts',(-9.82198948930552,11.3181708820956,3.03));
#13058=CARTESIAN_POINT('',(-9.70348949502757,11.1201708086627,3.03));
#13059=CARTESIAN_POINT('Ctrl Pts',(-9.70348949502757,11.1201708086627,3.03));
#13060=CARTESIAN_POINT('Ctrl Pts',(-9.73802581104838,11.1468204118556,3.03));
#13061=CARTESIAN_POINT('Ctrl Pts',(-9.80379781555064,11.1975727219783,3.03));
#13062=CARTESIAN_POINT('Ctrl Pts',(-9.81613191825227,11.2793392549845,3.03));
#13063=CARTESIAN_POINT('Ctrl Pts',(-9.82198948930552,11.3181708820956,3.03));
#13064=CARTESIAN_POINT('',(-9.70348949502757,11.1201708086627,3.005));
#13065=CARTESIAN_POINT('Origin',(-9.12748943041613,11.1201708086627,3.005));
#13066=CARTESIAN_POINT('',(-9.12748943041613,11.1201708086627,3.03));
#13067=CARTESIAN_POINT('',(-9.70348949502757,11.1201708086627,3.03));
#13068=CARTESIAN_POINT('',(-9.12748943041613,11.1201708086627,3.005));
#13069=CARTESIAN_POINT('Origin',(-9.12748943041613,10.9701709517139,3.005));
#13070=CARTESIAN_POINT('',(-9.12748943041613,10.9701709517139,3.03));
#13071=CARTESIAN_POINT('',(-9.12748943041613,11.1201708086627,3.03));
#13072=CARTESIAN_POINT('',(-9.12748943041613,10.9701709517139,3.005));
#13073=CARTESIAN_POINT('Origin',(-9.92098945151618,10.9701709517139,3.005));
#13074=CARTESIAN_POINT('',(-9.92098945151618,10.9701709517139,3.03));
#13075=CARTESIAN_POINT('',(-9.12748943041613,10.9701709517139,3.03));
#13076=CARTESIAN_POINT('',(-9.92098945151618,10.9701709517139,3.005));
#13077=CARTESIAN_POINT('Origin',(-9.92098945151618,11.0976709493297,3.005));
#13078=CARTESIAN_POINT('',(-9.92098945151618,11.0976709493297,3.03));
#13079=CARTESIAN_POINT('',(-9.92098945151618,10.9701709517139,3.03));
#13080=CARTESIAN_POINT('',(-9.92098945151618,11.0976709493297,3.005));
#13081=CARTESIAN_POINT('Origin',(-9.83248944352915,11.1081709035533,3.005));
#13082=CARTESIAN_POINT('',(-9.83248944352915,11.1081709035533,3.03));
#13083=CARTESIAN_POINT('',(-9.92098945151618,11.0976709493297,3.03));
#13084=CARTESIAN_POINT('',(-9.83248944352915,11.1081709035533,3.005));
#13085=CARTESIAN_POINT('Ctrl Pts',(-9.9389894581919,11.3496710427898,3.005));
#13086=CARTESIAN_POINT('Ctrl Pts',(-9.9389894581919,11.3496710427898,3.03));
#13087=CARTESIAN_POINT('Ctrl Pts',(-9.93518159384564,11.3015130345823,3.005));
#13088=CARTESIAN_POINT('Ctrl Pts',(-9.93518159384564,11.3015130345823,3.03));
#13089=CARTESIAN_POINT('Ctrl Pts',(-9.9278142128203,11.2083378677112,3.005));
#13090=CARTESIAN_POINT('Ctrl Pts',(-9.9278142128203,11.2083378677112,3.03));
#13091=CARTESIAN_POINT('Ctrl Pts',(-9.86354218287015,11.1408010232137,3.005));
#13092=CARTESIAN_POINT('Ctrl Pts',(-9.86354218287015,11.1408010232137,3.03));
#13093=CARTESIAN_POINT('Ctrl Pts',(-9.83248944352915,11.1081709035533,3.005));
#13094=CARTESIAN_POINT('Ctrl Pts',(-9.83248944352915,11.1081709035533,3.03));
#13095=CARTESIAN_POINT('Ctrl Pts',(-9.9389894581919,11.3496710427898,3.03));
#13096=CARTESIAN_POINT('Ctrl Pts',(-9.93518159384564,11.3015130345823,3.03));
#13097=CARTESIAN_POINT('Ctrl Pts',(-9.9278142128203,11.2083378677112,3.03));
#13098=CARTESIAN_POINT('Ctrl Pts',(-9.86354218287015,11.1408010232137,3.03));
#13099=CARTESIAN_POINT('Ctrl Pts',(-9.83248944352915,11.1081709035533,3.03));
#13100=CARTESIAN_POINT('Origin',(-9.67723946045687,10.4189209160722,3.03));
#13101=CARTESIAN_POINT('Ctrl Pts',(-9.76048949133208,13.1196706064838,3.005));
#13102=CARTESIAN_POINT('Ctrl Pts',(-9.76048949133208,13.1196706064838,3.03));
#13103=CARTESIAN_POINT('Ctrl Pts',(-9.73668809191322,13.1349557714769,3.005));
#13104=CARTESIAN_POINT('Ctrl Pts',(-9.73668809191322,13.1349557714769,3.03));
#13105=CARTESIAN_POINT('Ctrl Pts',(-9.68480451938287,13.1682751974738,3.005));
#13106=CARTESIAN_POINT('Ctrl Pts',(-9.68480451938287,13.1682751974738,3.03));
#13107=CARTESIAN_POINT('Ctrl Pts',(-9.62296194639322,13.1708028645904,3.005));
#13108=CARTESIAN_POINT('Ctrl Pts',(-9.62296194639322,13.1708028645904,3.03));
#13109=CARTESIAN_POINT('Ctrl Pts',(-9.58948942791274,13.1721709736484,3.005));
#13110=CARTESIAN_POINT('Ctrl Pts',(-9.58948942791274,13.1721709736484,3.03));
#13111=CARTESIAN_POINT('',(-9.58948942791274,13.1721709736484,3.005));
#13112=CARTESIAN_POINT('',(-9.76048949133208,13.1196706064838,3.005));
#13113=CARTESIAN_POINT('Ctrl Pts',(-9.58948942791274,13.1721709736484,3.005));
#13114=CARTESIAN_POINT('Ctrl Pts',(-9.62296194639322,13.1708028645904,3.005));
#13115=CARTESIAN_POINT('Ctrl Pts',(-9.68480451938287,13.1682751974738,3.005));
#13116=CARTESIAN_POINT('Ctrl Pts',(-9.73668809191322,13.1349557714769,3.005));
#13117=CARTESIAN_POINT('Ctrl Pts',(-9.76048949133208,13.1196706064838,3.005));
#13118=CARTESIAN_POINT('',(-9.58948942791274,13.1721709736484,3.03));
#13119=CARTESIAN_POINT('',(-9.58948942791274,13.1721709736484,3.005));
#13120=CARTESIAN_POINT('',(-9.76048949133208,13.1196706064838,3.03));
#13121=CARTESIAN_POINT('Ctrl Pts',(-9.76048949133208,13.1196706064838,3.03));
#13122=CARTESIAN_POINT('Ctrl Pts',(-9.73668809191322,13.1349557714769,3.03));
#13123=CARTESIAN_POINT('Ctrl Pts',(-9.68480451938287,13.1682751974738,3.03));
#13124=CARTESIAN_POINT('Ctrl Pts',(-9.62296194639322,13.1708028645904,3.03));
#13125=CARTESIAN_POINT('Ctrl Pts',(-9.58948942791274,13.1721709736484,3.03));
#13126=CARTESIAN_POINT('',(-9.76048949133208,13.1196706064838,3.005));
#13127=CARTESIAN_POINT('Ctrl Pts',(-9.82198948930552,12.9726706513065,3.005));
#13128=CARTESIAN_POINT('Ctrl Pts',(-9.82198948930552,12.9726706513065,3.03));
#13129=CARTESIAN_POINT('Ctrl Pts',(-9.81991791585404,13.0019851722636,3.005));
#13130=CARTESIAN_POINT('Ctrl Pts',(-9.81991791585404,13.0019851722636,3.03));
#13131=CARTESIAN_POINT('Ctrl Pts',(-9.81595223869141,13.0581028668643,3.005));
#13132=CARTESIAN_POINT('Ctrl Pts',(-9.81595223869141,13.0581028668643,3.03));
#13133=CARTESIAN_POINT('Ctrl Pts',(-9.77841715754803,13.0997695749244,3.005));
#13134=CARTESIAN_POINT('Ctrl Pts',(-9.77841715754803,13.0997695749244,3.03));
#13135=CARTESIAN_POINT('Ctrl Pts',(-9.76048949133208,13.1196706064838,3.005));
#13136=CARTESIAN_POINT('Ctrl Pts',(-9.76048949133208,13.1196706064838,3.03));
#13137=CARTESIAN_POINT('',(-9.82198948930552,12.9726706513065,3.005));
#13138=CARTESIAN_POINT('Ctrl Pts',(-9.76048949133208,13.1196706064838,3.005));
#13139=CARTESIAN_POINT('Ctrl Pts',(-9.77841715754803,13.0997695749244,3.005));
#13140=CARTESIAN_POINT('Ctrl Pts',(-9.81595223869141,13.0581028668643,3.005));
#13141=CARTESIAN_POINT('Ctrl Pts',(-9.81991791585404,13.0019851722636,3.005));
#13142=CARTESIAN_POINT('Ctrl Pts',(-9.82198948930552,12.9726706513065,3.005));
#13143=CARTESIAN_POINT('',(-9.82198948930552,12.9726706513065,3.03));
#13144=CARTESIAN_POINT('Ctrl Pts',(-9.82198948930552,12.9726706513065,3.03));
#13145=CARTESIAN_POINT('Ctrl Pts',(-9.81991791585404,13.0019851722636,3.03));
#13146=CARTESIAN_POINT('Ctrl Pts',(-9.81595223869141,13.0581028668643,3.03));
#13147=CARTESIAN_POINT('Ctrl Pts',(-9.77841715754803,13.0997695749244,3.03));
#13148=CARTESIAN_POINT('Ctrl Pts',(-9.76048949133208,13.1196706064838,3.03));
#13149=CARTESIAN_POINT('',(-9.82198948930552,12.9726706513065,3.005));
#13150=CARTESIAN_POINT('Ctrl Pts',(-9.7589894659405,12.8256706961292,3.005));
#13151=CARTESIAN_POINT('Ctrl Pts',(-9.7589894659405,12.8256706961292,3.03));
#13152=CARTESIAN_POINT('Ctrl Pts',(-9.77735246610219,12.8452647159174,3.005));
#13153=CARTESIAN_POINT('Ctrl Pts',(-9.77735246610219,12.8452647159174,3.03));
#13154=CARTESIAN_POINT('Ctrl Pts',(-9.81596993241187,12.8864710216618,3.005));
#13155=CARTESIAN_POINT('Ctrl Pts',(-9.81596993241187,12.8864710216618,3.03));
#13156=CARTESIAN_POINT('Ctrl Pts',(-9.81991850392695,12.9430142869284,3.005));
#13157=CARTESIAN_POINT('Ctrl Pts',(-9.81991850392695,12.9430142869284,3.03));
#13158=CARTESIAN_POINT('Ctrl Pts',(-9.82198948930552,12.9726706513065,3.005));
#13159=CARTESIAN_POINT('Ctrl Pts',(-9.82198948930552,12.9726706513065,3.03));
#13160=CARTESIAN_POINT('',(-9.7589894659405,12.8256706961292,3.005));
#13161=CARTESIAN_POINT('Ctrl Pts',(-9.82198948930552,12.9726706513065,3.005));
#13162=CARTESIAN_POINT('Ctrl Pts',(-9.81991850392695,12.9430142869284,3.005));
#13163=CARTESIAN_POINT('Ctrl Pts',(-9.81596993241187,12.8864710216618,3.005));
#13164=CARTESIAN_POINT('Ctrl Pts',(-9.77735246610219,12.8452647159174,3.005));
#13165=CARTESIAN_POINT('Ctrl Pts',(-9.7589894659405,12.8256706961292,3.005));
#13166=CARTESIAN_POINT('',(-9.7589894659405,12.8256706961292,3.03));
#13167=CARTESIAN_POINT('Ctrl Pts',(-9.7589894659405,12.8256706961292,3.03));
#13168=CARTESIAN_POINT('Ctrl Pts',(-9.77735246610219,12.8452647159174,3.03));
#13169=CARTESIAN_POINT('Ctrl Pts',(-9.81596993241187,12.8864710216618,3.03));
#13170=CARTESIAN_POINT('Ctrl Pts',(-9.81991850392695,12.9430142869284,3.03));
#13171=CARTESIAN_POINT('Ctrl Pts',(-9.82198948930552,12.9726706513065,3.03));
#13172=CARTESIAN_POINT('',(-9.7589894659405,12.8256706961292,3.005));
#13173=CARTESIAN_POINT('Ctrl Pts',(-9.58048949908068,12.771670676102,3.005));
#13174=CARTESIAN_POINT('Ctrl Pts',(-9.58048949908068,12.771670676102,3.03));
#13175=CARTESIAN_POINT('Ctrl Pts',(-9.6155532197754,12.7737348358923,3.005));
#13176=CARTESIAN_POINT('Ctrl Pts',(-9.6155532197754,12.7737348358923,3.03));
#13177=CARTESIAN_POINT('Ctrl Pts',(-9.67960295888716,12.777505368324,3.005));
#13178=CARTESIAN_POINT('Ctrl Pts',(-9.67960295888716,12.777505368324,3.03));
#13179=CARTESIAN_POINT('Ctrl Pts',(-9.73425597833709,12.810664411278,3.005));
#13180=CARTESIAN_POINT('Ctrl Pts',(-9.73425597833709,12.810664411278,3.03));
#13181=CARTESIAN_POINT('Ctrl Pts',(-9.7589894659405,12.8256706961292,3.005));
#13182=CARTESIAN_POINT('Ctrl Pts',(-9.7589894659405,12.8256706961292,3.03));
#13183=CARTESIAN_POINT('',(-9.58048949908068,12.771670676102,3.005));
#13184=CARTESIAN_POINT('Ctrl Pts',(-9.7589894659405,12.8256706961292,3.005));
#13185=CARTESIAN_POINT('Ctrl Pts',(-9.73425597833709,12.810664411278,3.005));
#13186=CARTESIAN_POINT('Ctrl Pts',(-9.67960295888716,12.777505368324,3.005));
#13187=CARTESIAN_POINT('Ctrl Pts',(-9.6155532197754,12.7737348358923,3.005));
#13188=CARTESIAN_POINT('Ctrl Pts',(-9.58048949908068,12.771670676102,3.005));
#13189=CARTESIAN_POINT('',(-9.58048949908068,12.771670676102,3.03));
#13190=CARTESIAN_POINT('Ctrl Pts',(-9.58048949908068,12.771670676102,3.03));
#13191=CARTESIAN_POINT('Ctrl Pts',(-9.6155532197754,12.7737348358923,3.03));
#13192=CARTESIAN_POINT('Ctrl Pts',(-9.67960295888716,12.777505368324,3.03));
#13193=CARTESIAN_POINT('Ctrl Pts',(-9.73425597833709,12.810664411278,3.03));
#13194=CARTESIAN_POINT('Ctrl Pts',(-9.7589894659405,12.8256706961292,3.03));
#13195=CARTESIAN_POINT('',(-9.58048949908068,12.771670676102,3.005));
#13196=CARTESIAN_POINT('Origin',(-9.58048949908068,13.1721709736484,3.005));
#13197=CARTESIAN_POINT('',(-9.58048949908068,13.1721709736484,3.005));
#13198=CARTESIAN_POINT('',(-9.58048949908068,10.8360854868242,3.005));
#13199=CARTESIAN_POINT('',(-9.58048949908068,13.1721709736484,3.03));
#13200=CARTESIAN_POINT('',(-9.58048949908068,12.771670676102,3.03));
#13201=CARTESIAN_POINT('',(-9.58048949908068,13.1721709736484,3.005));
#13202=CARTESIAN_POINT('Origin',(-9.58948942791274,13.1721709736484,3.005));
#13203=CARTESIAN_POINT('',(-8.79474471395637,13.1721709736484,3.005));
#13204=CARTESIAN_POINT('',(-9.58048949908068,13.1721709736484,3.03));
#13205=CARTESIAN_POINT('Ctrl Pts',(-9.47398940991213,13.3026705750125,3.005));
#13206=CARTESIAN_POINT('Ctrl Pts',(-9.47398940991213,13.3026705750125,3.03));
#13207=CARTESIAN_POINT('Ctrl Pts',(-9.48685414723634,13.3039801840919,3.005));
#13208=CARTESIAN_POINT('Ctrl Pts',(-9.48685414723634,13.3039801840919,3.03));
#13209=CARTESIAN_POINT('Ctrl Pts',(-9.51527663928435,13.3068735469884,3.005));
#13210=CARTESIAN_POINT('Ctrl Pts',(-9.51527663928435,13.3068735469884,3.03));
#13211=CARTESIAN_POINT('Ctrl Pts',(-9.54384942172862,13.3070656004667,3.005));
#13212=CARTESIAN_POINT('Ctrl Pts',(-9.54384942172862,13.3070656004667,3.03));
#13213=CARTESIAN_POINT('Ctrl Pts',(-9.55948944162181,13.3071707256931,3.005));
#13214=CARTESIAN_POINT('Ctrl Pts',(-9.55948944162181,13.3071707256931,3.03));
#13215=CARTESIAN_POINT('',(-9.55948944162181,13.3071707256931,3.03));
#13216=CARTESIAN_POINT('',(-9.55948944162181,13.3071707256931,3.005));
#13217=CARTESIAN_POINT('',(-9.47398940991213,13.3026705750125,3.03));
#13218=CARTESIAN_POINT('Ctrl Pts',(-9.47398940991213,13.3026705750125,3.03));
#13219=CARTESIAN_POINT('Ctrl Pts',(-9.48685414723634,13.3039801840919,3.03));
#13220=CARTESIAN_POINT('Ctrl Pts',(-9.51527663928435,13.3068735469884,3.03));
#13221=CARTESIAN_POINT('Ctrl Pts',(-9.54384942172862,13.3070656004667,3.03));
#13222=CARTESIAN_POINT('Ctrl Pts',(-9.55948944162181,13.3071707256931,3.03));
#13223=CARTESIAN_POINT('',(-9.47398940991213,13.3026705750125,3.005));
#13224=CARTESIAN_POINT('Origin',(-9.47398940991213,12.771670676102,3.005));
#13225=CARTESIAN_POINT('',(-9.47398940991213,12.771670676102,3.03));
#13226=CARTESIAN_POINT('',(-9.47398940991213,13.3026705750125,3.03));
#13227=CARTESIAN_POINT('',(-9.47398940991213,12.771670676102,3.005));
#13228=CARTESIAN_POINT('Ctrl Pts',(-9.22798941801837,13.0041705139774,3.005));
#13229=CARTESIAN_POINT('Ctrl Pts',(-9.22798941801837,13.0041705139774,3.03));
#13230=CARTESIAN_POINT('Ctrl Pts',(-9.23941948288243,12.9374783709759,3.005));
#13231=CARTESIAN_POINT('Ctrl Pts',(-9.23941948288243,12.9374783709759,3.03));
#13232=CARTESIAN_POINT('Ctrl Pts',(-9.26298911726802,12.7999542671646,3.005));
#13233=CARTESIAN_POINT('Ctrl Pts',(-9.26298911726802,12.7999542671646,3.03));
#13234=CARTESIAN_POINT('Ctrl Pts',(-9.40225852707647,12.7812858616132,3.005));
#13235=CARTESIAN_POINT('Ctrl Pts',(-9.40225852707647,12.7812858616132,3.03));
#13236=CARTESIAN_POINT('Ctrl Pts',(-9.47398940991213,12.771670676102,3.005));
#13237=CARTESIAN_POINT('Ctrl Pts',(-9.47398940991213,12.771670676102,3.03));
#13238=CARTESIAN_POINT('',(-9.22798941801837,13.0041705139774,3.03));
#13239=CARTESIAN_POINT('Ctrl Pts',(-9.22798941801837,13.0041705139774,3.03));
#13240=CARTESIAN_POINT('Ctrl Pts',(-9.23941948288243,12.9374783709759,3.03));
#13241=CARTESIAN_POINT('Ctrl Pts',(-9.26298911726802,12.7999542671646,3.03));
#13242=CARTESIAN_POINT('Ctrl Pts',(-9.40225852707647,12.7812858616132,3.03));
#13243=CARTESIAN_POINT('Ctrl Pts',(-9.47398940991213,12.771670676102,3.03));
#13244=CARTESIAN_POINT('',(-9.22798941801837,13.0041705139774,3.005));
#13245=CARTESIAN_POINT('Ctrl Pts',(-9.2452394492512,13.1114207276004,3.005));
#13246=CARTESIAN_POINT('Ctrl Pts',(-9.2452394492512,13.1114207276004,3.03));
#13247=CARTESIAN_POINT('Ctrl Pts',(-9.24021285442284,13.0949769103196,3.005));
#13248=CARTESIAN_POINT('Ctrl Pts',(-9.24021285442284,13.0949769103196,3.03));
#13249=CARTESIAN_POINT('Ctrl Pts',(-9.22953510394948,13.060046110494,3.005));
#13250=CARTESIAN_POINT('Ctrl Pts',(-9.22953510394948,13.060046110494,3.03));
#13251=CARTESIAN_POINT('Ctrl Pts',(-9.2285243535316,13.0235081040391,3.005));
#13252=CARTESIAN_POINT('Ctrl Pts',(-9.2285243535316,13.0235081040391,3.03));
#13253=CARTESIAN_POINT('Ctrl Pts',(-9.22798941801837,13.0041705139774,3.005));
#13254=CARTESIAN_POINT('Ctrl Pts',(-9.22798941801837,13.0041705139774,3.03));
#13255=CARTESIAN_POINT('',(-9.2452394492512,13.1114207276004,3.03));
#13256=CARTESIAN_POINT('Ctrl Pts',(-9.2452394492512,13.1114207276004,3.03));
#13257=CARTESIAN_POINT('Ctrl Pts',(-9.24021285442284,13.0949769103196,3.03));
#13258=CARTESIAN_POINT('Ctrl Pts',(-9.22953510394948,13.060046110494,3.03));
#13259=CARTESIAN_POINT('Ctrl Pts',(-9.2285243535316,13.0235081040391,3.03));
#13260=CARTESIAN_POINT('Ctrl Pts',(-9.22798941801837,13.0041705139774,3.03));
#13261=CARTESIAN_POINT('',(-9.2452394492512,13.1114207276004,3.005));
#13262=CARTESIAN_POINT('Ctrl Pts',(-9.29548944305232,13.2156710394519,3.005));
#13263=CARTESIAN_POINT('Ctrl Pts',(-9.29548944305232,13.2156710394519,3.03));
#13264=CARTESIAN_POINT('Ctrl Pts',(-9.28542095077873,13.1974155882437,3.005));
#13265=CARTESIAN_POINT('Ctrl Pts',(-9.28542095077873,13.1974155882437,3.03));
#13266=CARTESIAN_POINT('Ctrl Pts',(-9.26675942110357,13.1635798723094,3.005));
#13267=CARTESIAN_POINT('Ctrl Pts',(-9.26675942110357,13.1635798723094,3.03));
#13268=CARTESIAN_POINT('Ctrl Pts',(-9.25202443770791,13.1278658789784,3.005));
#13269=CARTESIAN_POINT('Ctrl Pts',(-9.25202443770791,13.1278658789784,3.03));
#13270=CARTESIAN_POINT('Ctrl Pts',(-9.2452394492512,13.1114207276004,3.005));
#13271=CARTESIAN_POINT('Ctrl Pts',(-9.2452394492512,13.1114207276004,3.03));
#13272=CARTESIAN_POINT('',(-9.29548944305232,13.2156710394519,3.03));
#13273=CARTESIAN_POINT('Ctrl Pts',(-9.29548944305232,13.2156710394519,3.03));
#13274=CARTESIAN_POINT('Ctrl Pts',(-9.28542095077873,13.1974155882437,3.03));
#13275=CARTESIAN_POINT('Ctrl Pts',(-9.26675942110357,13.1635798723094,3.03));
#13276=CARTESIAN_POINT('Ctrl Pts',(-9.25202443770791,13.1278658789784,3.03));
#13277=CARTESIAN_POINT('Ctrl Pts',(-9.2452394492512,13.1114207276004,3.03));
#13278=CARTESIAN_POINT('',(-9.29548944305232,13.2156710394519,3.005));
#13279=CARTESIAN_POINT('Origin',(-9.20248935889056,13.2726709612506,3.005));
#13280=CARTESIAN_POINT('',(-9.20248935889056,13.2726709612506,3.03));
#13281=CARTESIAN_POINT('',(-9.29548944305232,13.2156710394519,3.03));
#13282=CARTESIAN_POINT('',(-9.20248935889056,13.2726709612506,3.005));
#13283=CARTESIAN_POINT('Ctrl Pts',(-9.13573945831111,13.1489209898608,3.005));
#13284=CARTESIAN_POINT('Ctrl Pts',(-9.13573945831111,13.1489209898608,3.03));
#13285=CARTESIAN_POINT('Ctrl Pts',(-9.14476339782138,13.1718555326389,3.005));
#13286=CARTESIAN_POINT('Ctrl Pts',(-9.14476339782138,13.1718555326389,3.03));
#13287=CARTESIAN_POINT('Ctrl Pts',(-9.16205511600732,13.215802818632,3.005));
#13288=CARTESIAN_POINT('Ctrl Pts',(-9.16205511600732,13.215802818632,3.03));
#13289=CARTESIAN_POINT('Ctrl Pts',(-9.18941001805349,13.2542757158585,3.005));
#13290=CARTESIAN_POINT('Ctrl Pts',(-9.18941001805349,13.2542757158585,3.03));
#13291=CARTESIAN_POINT('Ctrl Pts',(-9.20248935889056,13.2726709612506,3.005));
#13292=CARTESIAN_POINT('Ctrl Pts',(-9.20248935889056,13.2726709612506,3.03));
#13293=CARTESIAN_POINT('',(-9.13573945831111,13.1489209898608,3.03));
#13294=CARTESIAN_POINT('Ctrl Pts',(-9.13573945831111,13.1489209898608,3.03));
#13295=CARTESIAN_POINT('Ctrl Pts',(-9.14476339782138,13.1718555326389,3.03));
#13296=CARTESIAN_POINT('Ctrl Pts',(-9.16205511600732,13.215802818632,3.03));
#13297=CARTESIAN_POINT('Ctrl Pts',(-9.18941001805349,13.2542757158585,3.03));
#13298=CARTESIAN_POINT('Ctrl Pts',(-9.20248935889056,13.2726709612506,3.03));
#13299=CARTESIAN_POINT('',(-9.13573945831111,13.1489209898608,3.005));
#13300=CARTESIAN_POINT('Ctrl Pts',(-9.10948942374041,12.9951708086627,3.005));
#13301=CARTESIAN_POINT('Ctrl Pts',(-9.10948942374041,12.9951708086627,3.03));
#13302=CARTESIAN_POINT('Ctrl Pts',(-9.11053053925322,13.0216802203254,3.005));
#13303=CARTESIAN_POINT('Ctrl Pts',(-9.11053053925322,13.0216802203254,3.03));
#13304=CARTESIAN_POINT('Ctrl Pts',(-9.11258845625355,13.0740799475969,3.005));
#13305=CARTESIAN_POINT('Ctrl Pts',(-9.11258845625355,13.0740799475969,3.03));
#13306=CARTESIAN_POINT('Ctrl Pts',(-9.12808348153705,13.1241712498758,3.005));
#13307=CARTESIAN_POINT('Ctrl Pts',(-9.12808348153705,13.1241712498758,3.03));
#13308=CARTESIAN_POINT('Ctrl Pts',(-9.13573945831111,13.1489209898608,3.005));
#13309=CARTESIAN_POINT('Ctrl Pts',(-9.13573945831111,13.1489209898608,3.03));
#13310=CARTESIAN_POINT('',(-9.10948942374041,12.9951708086627,3.03));
#13311=CARTESIAN_POINT('Ctrl Pts',(-9.10948942374041,12.9951708086627,3.03));
#13312=CARTESIAN_POINT('Ctrl Pts',(-9.11053053925322,13.0216802203254,3.03));
#13313=CARTESIAN_POINT('Ctrl Pts',(-9.11258845625355,13.0740799475969,3.03));
#13314=CARTESIAN_POINT('Ctrl Pts',(-9.12808348153705,13.1241712498758,3.03));
#13315=CARTESIAN_POINT('Ctrl Pts',(-9.13573945831111,13.1489209898608,3.03));
#13316=CARTESIAN_POINT('',(-9.10948942374041,12.9951708086627,3.005));
#13317=CARTESIAN_POINT('Ctrl Pts',(-9.15748949121287,12.7971707352298,3.005));
#13318=CARTESIAN_POINT('Ctrl Pts',(-9.15748949121287,12.7971707352298,3.03));
#13319=CARTESIAN_POINT('Ctrl Pts',(-9.14349659590373,12.8271756906101,3.005));
#13320=CARTESIAN_POINT('Ctrl Pts',(-9.14349659590373,12.8271756906101,3.03));
#13321=CARTESIAN_POINT('Ctrl Pts',(-9.11425191178634,12.8898850457984,3.005));
#13322=CARTESIAN_POINT('Ctrl Pts',(-9.11425191178634,12.8898850457984,3.03));
#13323=CARTESIAN_POINT('Ctrl Pts',(-9.11112183316755,12.9590826400026,3.005));
#13324=CARTESIAN_POINT('Ctrl Pts',(-9.11112183316755,12.9590826400026,3.03));
#13325=CARTESIAN_POINT('Ctrl Pts',(-9.10948942374041,12.9951708086627,3.005));
#13326=CARTESIAN_POINT('Ctrl Pts',(-9.10948942374041,12.9951708086627,3.03));
#13327=CARTESIAN_POINT('',(-9.15748949121287,12.7971707352298,3.03));
#13328=CARTESIAN_POINT('Ctrl Pts',(-9.15748949121287,12.7971707352298,3.03));
#13329=CARTESIAN_POINT('Ctrl Pts',(-9.14349659590373,12.8271756906101,3.03));
#13330=CARTESIAN_POINT('Ctrl Pts',(-9.11425191178634,12.8898850457984,3.03));
#13331=CARTESIAN_POINT('Ctrl Pts',(-9.11112183316755,12.9590826400026,3.03));
#13332=CARTESIAN_POINT('Ctrl Pts',(-9.10948942374041,12.9951708086627,3.03));
#13333=CARTESIAN_POINT('',(-9.15748949121287,12.7971707352298,3.005));
#13334=CARTESIAN_POINT('Ctrl Pts',(-9.29098944138339,12.6689206131595,3.005));
#13335=CARTESIAN_POINT('Ctrl Pts',(-9.29098944138339,12.6689206131595,3.03));
#13336=CARTESIAN_POINT('Ctrl Pts',(-9.26404152449775,12.6853452571447,3.005));
#13337=CARTESIAN_POINT('Ctrl Pts',(-9.26404152449775,12.6853452571447,3.03));
#13338=CARTESIAN_POINT('Ctrl Pts',(-9.21007511393009,12.7182375613808,3.005));
#13339=CARTESIAN_POINT('Ctrl Pts',(-9.21007511393009,12.7182375613808,3.03));
#13340=CARTESIAN_POINT('Ctrl Pts',(-9.17503330790703,12.770836747696,3.005));
#13341=CARTESIAN_POINT('Ctrl Pts',(-9.17503330790703,12.770836747696,3.03));
#13342=CARTESIAN_POINT('Ctrl Pts',(-9.15748949121287,12.7971707352298,3.005));
#13343=CARTESIAN_POINT('Ctrl Pts',(-9.15748949121287,12.7971707352298,3.03));
#13344=CARTESIAN_POINT('',(-9.29098944138339,12.6689206131595,3.03));
#13345=CARTESIAN_POINT('Ctrl Pts',(-9.29098944138339,12.6689206131595,3.03));
#13346=CARTESIAN_POINT('Ctrl Pts',(-9.26404152449775,12.6853452571447,3.03));
#13347=CARTESIAN_POINT('Ctrl Pts',(-9.21007511393009,12.7182375613808,3.03));
#13348=CARTESIAN_POINT('Ctrl Pts',(-9.17503330790703,12.770836747696,3.03));
#13349=CARTESIAN_POINT('Ctrl Pts',(-9.15748949121287,12.7971707352298,3.03));
#13350=CARTESIAN_POINT('',(-9.29098944138339,12.6689206131595,3.005));
#13351=CARTESIAN_POINT('Ctrl Pts',(-9.48448943864157,12.6246707209247,3.005));
#13352=CARTESIAN_POINT('Ctrl Pts',(-9.48448943864157,12.6246707209247,3.03));
#13353=CARTESIAN_POINT('Ctrl Pts',(-9.44988202031354,12.6262833478709,3.005));
#13354=CARTESIAN_POINT('Ctrl Pts',(-9.44988202031354,12.6262833478709,3.03));
#13355=CARTESIAN_POINT('Ctrl Pts',(-9.38268057046243,12.6294147825196,3.005));
#13356=CARTESIAN_POINT('Ctrl Pts',(-9.38268057046243,12.6294147825196,3.03));
#13357=CARTESIAN_POINT('Ctrl Pts',(-9.32093652426165,12.6560176813685,3.005));
#13358=CARTESIAN_POINT('Ctrl Pts',(-9.32093652426165,12.6560176813685,3.03));
#13359=CARTESIAN_POINT('Ctrl Pts',(-9.29098944138339,12.6689206131595,3.005));
#13360=CARTESIAN_POINT('Ctrl Pts',(-9.29098944138339,12.6689206131595,3.03));
#13361=CARTESIAN_POINT('',(-9.48448943864157,12.6246707209247,3.03));
#13362=CARTESIAN_POINT('Ctrl Pts',(-9.48448943864157,12.6246707209247,3.03));
#13363=CARTESIAN_POINT('Ctrl Pts',(-9.44988202031354,12.6262833478709,3.03));
#13364=CARTESIAN_POINT('Ctrl Pts',(-9.38268057046243,12.6294147825196,3.03));
#13365=CARTESIAN_POINT('Ctrl Pts',(-9.32093652426165,12.6560176813685,3.03));
#13366=CARTESIAN_POINT('Ctrl Pts',(-9.29098944138339,12.6689206131595,3.03));
#13367=CARTESIAN_POINT('',(-9.48448943864157,12.6246707209247,3.005));
#13368=CARTESIAN_POINT('Origin',(-9.56548939417651,12.6246707209247,3.005));
#13369=CARTESIAN_POINT('',(-9.56548939417651,12.6246707209247,3.03));
#13370=CARTESIAN_POINT('',(-9.48448943864157,12.6246707209247,3.03));
#13371=CARTESIAN_POINT('',(-9.56548939417651,12.6246707209247,3.005));
#13372=CARTESIAN_POINT('Ctrl Pts',(-9.75598948966315,12.6666705378192,3.005));
#13373=CARTESIAN_POINT('Ctrl Pts',(-9.75598948966315,12.6666705378192,3.03));
#13374=CARTESIAN_POINT('Ctrl Pts',(-9.72625520318072,12.654422774845,3.005));
#13375=CARTESIAN_POINT('Ctrl Pts',(-9.72625520318072,12.654422774845,3.03));
#13376=CARTESIAN_POINT('Ctrl Pts',(-9.66524353729299,12.6292916380042,3.005));
#13377=CARTESIAN_POINT('Ctrl Pts',(-9.66524353729299,12.6292916380042,3.03));
#13378=CARTESIAN_POINT('Ctrl Pts',(-9.59929674554306,12.6262367808643,3.005));
#13379=CARTESIAN_POINT('Ctrl Pts',(-9.59929674554306,12.6262367808643,3.03));
#13380=CARTESIAN_POINT('Ctrl Pts',(-9.56548939417651,12.6246707209247,3.005));
#13381=CARTESIAN_POINT('Ctrl Pts',(-9.56548939417651,12.6246707209247,3.03));
#13382=CARTESIAN_POINT('',(-9.75598948966315,12.6666705378192,3.03));
#13383=CARTESIAN_POINT('Ctrl Pts',(-9.75598948966315,12.6666705378192,3.03));
#13384=CARTESIAN_POINT('Ctrl Pts',(-9.72625520318072,12.654422774845,3.03));
#13385=CARTESIAN_POINT('Ctrl Pts',(-9.66524353729299,12.6292916380042,3.03));
#13386=CARTESIAN_POINT('Ctrl Pts',(-9.59929674554306,12.6262367808643,3.03));
#13387=CARTESIAN_POINT('Ctrl Pts',(-9.56548939417651,12.6246707209247,3.03));
#13388=CARTESIAN_POINT('',(-9.75598948966315,12.6666705378192,3.005));
#13389=CARTESIAN_POINT('Ctrl Pts',(-9.89023948978236,12.7874206074374,3.005));
#13390=CARTESIAN_POINT('Ctrl Pts',(-9.89023948978236,12.7874206074374,3.03));
#13391=CARTESIAN_POINT('Ctrl Pts',(-9.87235338216103,12.7626507577446,3.005));
#13392=CARTESIAN_POINT('Ctrl Pts',(-9.87235338216103,12.7626507577446,3.03));
#13393=CARTESIAN_POINT('Ctrl Pts',(-9.83631241465267,12.7127388726735,3.005));
#13394=CARTESIAN_POINT('Ctrl Pts',(-9.83631241465267,12.7127388726735,3.03));
#13395=CARTESIAN_POINT('Ctrl Pts',(-9.78289656939573,12.6821027990228,3.005));
#13396=CARTESIAN_POINT('Ctrl Pts',(-9.78289656939573,12.6821027990228,3.03));
#13397=CARTESIAN_POINT('Ctrl Pts',(-9.75598948966315,12.6666705378192,3.005));
#13398=CARTESIAN_POINT('Ctrl Pts',(-9.75598948966315,12.6666705378192,3.03));
#13399=CARTESIAN_POINT('',(-9.89023948978236,12.7874206074374,3.03));
#13400=CARTESIAN_POINT('Ctrl Pts',(-9.89023948978236,12.7874206074374,3.03));
#13401=CARTESIAN_POINT('Ctrl Pts',(-9.87235338216103,12.7626507577446,3.03));
#13402=CARTESIAN_POINT('Ctrl Pts',(-9.83631241465267,12.7127388726735,3.03));
#13403=CARTESIAN_POINT('Ctrl Pts',(-9.78289656939573,12.6821027990228,3.03));
#13404=CARTESIAN_POINT('Ctrl Pts',(-9.75598948966315,12.6666705378192,3.03));
#13405=CARTESIAN_POINT('',(-9.89023948978236,12.7874206074374,3.005));
#13406=CARTESIAN_POINT('Ctrl Pts',(-9.9389894581919,12.9726706513065,3.005));
#13407=CARTESIAN_POINT('Ctrl Pts',(-9.9389894581919,12.9726706513065,3.03));
#13408=CARTESIAN_POINT('Ctrl Pts',(-9.93727545261355,12.9388520020241,3.005));
#13409=CARTESIAN_POINT('Ctrl Pts',(-9.93727545261355,12.9388520020241,3.03));
#13410=CARTESIAN_POINT('Ctrl Pts',(-9.93396950729972,12.8736231564897,3.005));
#13411=CARTESIAN_POINT('Ctrl Pts',(-9.93396950729972,12.8736231564897,3.03));
#13412=CARTESIAN_POINT('Ctrl Pts',(-9.90445288021891,12.8154386727359,3.005));
#13413=CARTESIAN_POINT('Ctrl Pts',(-9.90445288021891,12.8154386727359,3.03));
#13414=CARTESIAN_POINT('Ctrl Pts',(-9.89023948978236,12.7874206074374,3.005));
#13415=CARTESIAN_POINT('Ctrl Pts',(-9.89023948978236,12.7874206074374,3.03));
#13416=CARTESIAN_POINT('',(-9.9389894581919,12.9726706513065,3.03));
#13417=CARTESIAN_POINT('Ctrl Pts',(-9.9389894581919,12.9726706513065,3.03));
#13418=CARTESIAN_POINT('Ctrl Pts',(-9.93727545261355,12.9388520020241,3.03));
#13419=CARTESIAN_POINT('Ctrl Pts',(-9.93396950729972,12.8736231564897,3.03));
#13420=CARTESIAN_POINT('Ctrl Pts',(-9.90445288021891,12.8154386727359,3.03));
#13421=CARTESIAN_POINT('Ctrl Pts',(-9.89023948978236,12.7874206074374,3.03));
#13422=CARTESIAN_POINT('',(-9.9389894581919,12.9726706513065,3.005));
#13423=CARTESIAN_POINT('Ctrl Pts',(-9.83998942147544,13.2179205187457,3.005));
#13424=CARTESIAN_POINT('Ctrl Pts',(-9.83998942147544,13.2179205187457,3.03));
#13425=CARTESIAN_POINT('Ctrl Pts',(-9.86884860217335,13.1843144249932,3.005));
#13426=CARTESIAN_POINT('Ctrl Pts',(-9.86884860217335,13.1843144249932,3.03));
#13427=CARTESIAN_POINT('Ctrl Pts',(-9.92927236994708,13.1139518313373,3.005));
#13428=CARTESIAN_POINT('Ctrl Pts',(-9.92927236994708,13.1139518313373,3.03));
#13429=CARTESIAN_POINT('Ctrl Pts',(-9.9356551679056,13.0211494192609,3.005));
#13430=CARTESIAN_POINT('Ctrl Pts',(-9.9356551679056,13.0211494192609,3.03));
#13431=CARTESIAN_POINT('Ctrl Pts',(-9.9389894581919,12.9726706513065,3.005));
#13432=CARTESIAN_POINT('Ctrl Pts',(-9.9389894581919,12.9726706513065,3.03));
#13433=CARTESIAN_POINT('',(-9.83998942147544,13.2179205187457,3.03));
#13434=CARTESIAN_POINT('Ctrl Pts',(-9.83998942147544,13.2179205187457,3.03));
#13435=CARTESIAN_POINT('Ctrl Pts',(-9.86884860217335,13.1843144249932,3.03));
#13436=CARTESIAN_POINT('Ctrl Pts',(-9.92927236994708,13.1139518313373,3.03));
#13437=CARTESIAN_POINT('Ctrl Pts',(-9.9356551679056,13.0211494192609,3.03));
#13438=CARTESIAN_POINT('Ctrl Pts',(-9.9389894581919,12.9726706513065,3.03));
#13439=CARTESIAN_POINT('',(-9.83998942147544,13.2179205187457,3.005));
#13440=CARTESIAN_POINT('Ctrl Pts',(-9.55948944162181,13.3071707256931,3.005));
#13441=CARTESIAN_POINT('Ctrl Pts',(-9.55948944162181,13.3071707256931,3.03));
#13442=CARTESIAN_POINT('Ctrl Pts',(-9.61484443574178,13.3048848105546,3.005));
#13443=CARTESIAN_POINT('Ctrl Pts',(-9.61484443574178,13.3048848105546,3.03));
#13444=CARTESIAN_POINT('Ctrl Pts',(-9.71691949512825,13.3006695644467,3.005));
#13445=CARTESIAN_POINT('Ctrl Pts',(-9.71691949512825,13.3006695644467,3.03));
#13446=CARTESIAN_POINT('Ctrl Pts',(-9.80134679118299,13.2439028271373,3.005));
#13447=CARTESIAN_POINT('Ctrl Pts',(-9.80134679118299,13.2439028271373,3.03));
#13448=CARTESIAN_POINT('Ctrl Pts',(-9.83998942147544,13.2179205187457,3.005));
#13449=CARTESIAN_POINT('Ctrl Pts',(-9.83998942147544,13.2179205187457,3.03));
#13450=CARTESIAN_POINT('Ctrl Pts',(-9.55948944162181,13.3071707256931,3.03));
#13451=CARTESIAN_POINT('Ctrl Pts',(-9.61484443574178,13.3048848105546,3.03));
#13452=CARTESIAN_POINT('Ctrl Pts',(-9.71691949512825,13.3006695644467,3.03));
#13453=CARTESIAN_POINT('Ctrl Pts',(-9.80134679118299,13.2439028271373,3.03));
#13454=CARTESIAN_POINT('Ctrl Pts',(-9.83998942147544,13.2179205187457,3.03));
#13455=CARTESIAN_POINT('Origin',(-9.67723946045687,10.4189209160722,3.03));
#13456=CARTESIAN_POINT('Origin',(-8.,8.5,3.005));
#13457=CARTESIAN_POINT('Origin',(-9.41698948811343,12.0261709459918,3.005));
#13458=CARTESIAN_POINT('',(-9.50998942326357,12.1086709269183,3.03));
#13459=CARTESIAN_POINT('',(-9.50998942326357,12.1086709269183,3.005));
#13460=CARTESIAN_POINT('',(-9.41698948811343,12.0261709459918,3.03));
#13461=CARTESIAN_POINT('',(-9.50998942326357,12.1086709269183,3.03));
#13462=CARTESIAN_POINT('',(-9.41698948811343,12.0261709459918,3.005));
#13463=CARTESIAN_POINT('Origin',(-9.12748943041613,12.0261709459918,3.005));
#13464=CARTESIAN_POINT('',(-9.12748943041613,12.0261709459918,3.03));
#13465=CARTESIAN_POINT('',(-9.41698948811343,12.0261709459918,3.03));
#13466=CARTESIAN_POINT('',(-9.12748943041613,12.0261709459918,3.005));
#13467=CARTESIAN_POINT('Origin',(-9.12748943041613,11.876171089043,3.005));
#13468=CARTESIAN_POINT('',(-9.12748943041613,11.876171089043,3.03));
#13469=CARTESIAN_POINT('',(-9.12748943041613,12.0261709459918,3.03));
#13470=CARTESIAN_POINT('',(-9.12748943041613,11.876171089043,3.005));
#13471=CARTESIAN_POINT('Origin',(-10.2374895192271,11.876171089043,3.005));
#13472=CARTESIAN_POINT('',(-10.2374895192271,11.876171089043,3.03));
#13473=CARTESIAN_POINT('',(-9.12748943041613,11.876171089043,3.03));
#13474=CARTESIAN_POINT('',(-10.2374895192271,11.876171089043,3.005));
#13475=CARTESIAN_POINT('Origin',(-10.2374895192271,12.0261709459918,3.005));
#13476=CARTESIAN_POINT('',(-10.2374895192271,12.0261709459918,3.03));
#13477=CARTESIAN_POINT('',(-10.2374895192271,11.876171089043,3.03));
#13478=CARTESIAN_POINT('',(-10.2374895192271,12.0261709459918,3.005));
#13479=CARTESIAN_POINT('Origin',(-9.59548945497325,12.0261709459918,3.005));
#13480=CARTESIAN_POINT('',(-9.59548945497325,12.0261709459918,3.03));
#13481=CARTESIAN_POINT('',(-10.2374895192271,12.0261709459918,3.03));
#13482=CARTESIAN_POINT('',(-9.59548945497325,12.0261709459918,3.005));
#13483=CARTESIAN_POINT('Origin',(-9.92098945151618,12.324671007027,3.005));
#13484=CARTESIAN_POINT('',(-9.92098945151618,12.324671007027,3.03));
#13485=CARTESIAN_POINT('',(-9.59548945497325,12.0261709459918,3.03));
#13486=CARTESIAN_POINT('',(-9.92098945151618,12.324671007027,3.005));
#13487=CARTESIAN_POINT('Origin',(-9.92098945151618,12.4986712702411,3.005));
#13488=CARTESIAN_POINT('',(-9.92098945151618,12.4986712702411,3.03));
#13489=CARTESIAN_POINT('',(-9.92098945151618,12.324671007027,3.03));
#13490=CARTESIAN_POINT('',(-9.92098945151618,12.4986712702411,3.005));
#13491=CARTESIAN_POINT('Origin',(-9.60448945831111,12.206171012749,3.005));
#13492=CARTESIAN_POINT('',(-9.60448945831111,12.206171012749,3.03));
#13493=CARTESIAN_POINT('',(-9.92098945151618,12.4986712702411,3.03));
#13494=CARTESIAN_POINT('',(-9.60448945831111,12.206171012749,3.005));
#13495=CARTESIAN_POINT('Origin',(-9.12748943041613,12.5511710413593,3.005));
#13496=CARTESIAN_POINT('',(-9.12748943041613,12.5511710413593,3.03));
#13497=CARTESIAN_POINT('',(-9.60448945831111,12.206171012749,3.03));
#13498=CARTESIAN_POINT('',(-9.12748943041613,12.5511710413593,3.005));
#13499=CARTESIAN_POINT('Origin',(-9.12748943041613,12.3816709288257,3.005));
#13500=CARTESIAN_POINT('',(-9.12748943041613,12.3816709288257,3.03));
#13501=CARTESIAN_POINT('',(-9.12748943041613,12.5511710413593,3.03));
#13502=CARTESIAN_POINT('',(-9.12748943041613,12.3816709288257,3.005));
#13503=CARTESIAN_POINT('Origin',(-9.50998942326357,12.1086709269183,3.005));
#13504=CARTESIAN_POINT('',(-9.12748943041613,12.3816709288257,3.03));
#13505=CARTESIAN_POINT('Origin',(-9.67723946045687,10.4189209160722,3.03));
#13506=CARTESIAN_POINT('Ctrl Pts',(-10.0844894624834,10.5396710404056,3.005));
#13507=CARTESIAN_POINT('Ctrl Pts',(-10.0844894624834,10.5396710404056,3.03));
#13508=CARTESIAN_POINT('Ctrl Pts',(-10.0766145383151,10.5492093,3.005));
#13509=CARTESIAN_POINT('Ctrl Pts',(-10.0766145383151,10.5492093,3.03));
#13510=CARTESIAN_POINT('Ctrl Pts',(-10.0607706774163,10.568399689012,3.005));
#13511=CARTESIAN_POINT('Ctrl Pts',(-10.0607706774163,10.568399689012,3.03));
#13512=CARTESIAN_POINT('Ctrl Pts',(-10.058587512194,10.5931981578882,3.005));
#13513=CARTESIAN_POINT('Ctrl Pts',(-10.058587512194,10.5931981578882,3.03));
#13514=CARTESIAN_POINT('Ctrl Pts',(-10.0574894524699,10.6056709655421,3.005));
#13515=CARTESIAN_POINT('Ctrl Pts',(-10.0574894524699,10.6056709655421,3.03));
#13516=CARTESIAN_POINT('',(-10.0574894524699,10.6056709655421,3.03));
#13517=CARTESIAN_POINT('',(-10.0574894524699,10.6056709655421,3.005));
#13518=CARTESIAN_POINT('',(-10.0844894624834,10.5396710404056,3.03));
#13519=CARTESIAN_POINT('Ctrl Pts',(-10.0844894624834,10.5396710404056,3.03));
#13520=CARTESIAN_POINT('Ctrl Pts',(-10.0766145383151,10.5492093,3.03));
#13521=CARTESIAN_POINT('Ctrl Pts',(-10.0607706774163,10.568399689012,3.03));
#13522=CARTESIAN_POINT('Ctrl Pts',(-10.058587512194,10.5931981578882,3.03));
#13523=CARTESIAN_POINT('Ctrl Pts',(-10.0574894524699,10.6056709655421,3.03));
#13524=CARTESIAN_POINT('',(-10.0844894624834,10.5396710404056,3.005));
#13525=CARTESIAN_POINT('Ctrl Pts',(-10.1504894621258,10.512671030392,3.005));
#13526=CARTESIAN_POINT('Ctrl Pts',(-10.1504894621258,10.512671030392,3.03));
#13527=CARTESIAN_POINT('Ctrl Pts',(-10.1380165379565,10.5137690261714,3.005));
#13528=CARTESIAN_POINT('Ctrl Pts',(-10.1380165379565,10.5137690261714,3.03));
#13529=CARTESIAN_POINT('Ctrl Pts',(-10.1132179802696,10.5159520516839,3.005));
#13530=CARTESIAN_POINT('Ctrl Pts',(-10.1132179802696,10.5159520516839,3.03));
#13531=CARTESIAN_POINT('Ctrl Pts',(-10.0940276415049,10.5317960792844,3.005));
#13532=CARTESIAN_POINT('Ctrl Pts',(-10.0940276415049,10.5317960792844,3.03));
#13533=CARTESIAN_POINT('Ctrl Pts',(-10.0844894624834,10.5396710404056,3.005));
#13534=CARTESIAN_POINT('Ctrl Pts',(-10.0844894624834,10.5396710404056,3.03));
#13535=CARTESIAN_POINT('',(-10.1504894621258,10.512671030392,3.03));
#13536=CARTESIAN_POINT('Ctrl Pts',(-10.1504894621258,10.512671030392,3.03));
#13537=CARTESIAN_POINT('Ctrl Pts',(-10.1380165379565,10.5137690261714,3.03));
#13538=CARTESIAN_POINT('Ctrl Pts',(-10.1132179802696,10.5159520516839,3.03));
#13539=CARTESIAN_POINT('Ctrl Pts',(-10.0940276415049,10.5317960792844,3.03));
#13540=CARTESIAN_POINT('Ctrl Pts',(-10.0844894624834,10.5396710404056,3.03));
#13541=CARTESIAN_POINT('',(-10.1504894621258,10.512671030392,3.005));
#13542=CARTESIAN_POINT('Ctrl Pts',(-10.2172395117169,10.5396710404056,3.005));
#13543=CARTESIAN_POINT('Ctrl Pts',(-10.2172395117169,10.5396710404056,3.03));
#13544=CARTESIAN_POINT('Ctrl Pts',(-10.2075075950276,10.5317960095416,3.005));
#13545=CARTESIAN_POINT('Ctrl Pts',(-10.2075075950276,10.5317960095416,3.03));
#13546=CARTESIAN_POINT('Ctrl Pts',(-10.1880041568405,10.5160138997494,3.005));
#13547=CARTESIAN_POINT('Ctrl Pts',(-10.1880041568405,10.5160138997494,3.03));
#13548=CARTESIAN_POINT('Ctrl Pts',(-10.1630112776923,10.5137868276516,3.005));
#13549=CARTESIAN_POINT('Ctrl Pts',(-10.1630112776923,10.5137868276516,3.03));
#13550=CARTESIAN_POINT('Ctrl Pts',(-10.1504894621258,10.512671030392,3.005));
#13551=CARTESIAN_POINT('Ctrl Pts',(-10.1504894621258,10.512671030392,3.03));
#13552=CARTESIAN_POINT('',(-10.2172395117169,10.5396710404056,3.03));
#13553=CARTESIAN_POINT('Ctrl Pts',(-10.2172395117169,10.5396710404056,3.03));
#13554=CARTESIAN_POINT('Ctrl Pts',(-10.2075075950276,10.5317960095416,3.03));
#13555=CARTESIAN_POINT('Ctrl Pts',(-10.1880041568405,10.5160138997494,3.03));
#13556=CARTESIAN_POINT('Ctrl Pts',(-10.1630112776923,10.5137868276516,3.03));
#13557=CARTESIAN_POINT('Ctrl Pts',(-10.1504894621258,10.512671030392,3.03));
#13558=CARTESIAN_POINT('',(-10.2172395117169,10.5396710404056,3.005));
#13559=CARTESIAN_POINT('Ctrl Pts',(-10.2449894971733,10.6056709655421,3.005));
#13560=CARTESIAN_POINT('Ctrl Pts',(-10.2449894971733,10.6056709655421,3.03));
#13561=CARTESIAN_POINT('Ctrl Pts',(-10.2438427570124,10.5931802184945,3.005));
#13562=CARTESIAN_POINT('Ctrl Pts',(-10.2438427570124,10.5931802184945,3.03));
#13563=CARTESIAN_POINT('Ctrl Pts',(-10.2415539681045,10.568249825134,3.005));
#13564=CARTESIAN_POINT('Ctrl Pts',(-10.2415539681045,10.568249825134,3.03));
#13565=CARTESIAN_POINT('Ctrl Pts',(-10.2253332477791,10.5491842755314,3.005));
#13566=CARTESIAN_POINT('Ctrl Pts',(-10.2253332477791,10.5491842755314,3.03));
#13567=CARTESIAN_POINT('Ctrl Pts',(-10.2172395117169,10.5396710404056,3.005));
#13568=CARTESIAN_POINT('Ctrl Pts',(-10.2172395117169,10.5396710404056,3.03));
#13569=CARTESIAN_POINT('',(-10.2449894971733,10.6056709655421,3.03));
#13570=CARTESIAN_POINT('Ctrl Pts',(-10.2449894971733,10.6056709655421,3.03));
#13571=CARTESIAN_POINT('Ctrl Pts',(-10.2438427570124,10.5931802184945,3.03));
#13572=CARTESIAN_POINT('Ctrl Pts',(-10.2415539681045,10.568249825134,3.03));
#13573=CARTESIAN_POINT('Ctrl Pts',(-10.2253332477791,10.5491842755314,3.03));
#13574=CARTESIAN_POINT('Ctrl Pts',(-10.2172395117169,10.5396710404056,3.03));
#13575=CARTESIAN_POINT('',(-10.2449894971733,10.6056709655421,3.005));
#13576=CARTESIAN_POINT('Ctrl Pts',(-10.2172395117169,10.6724210151332,3.005));
#13577=CARTESIAN_POINT('Ctrl Pts',(-10.2172395117169,10.6724210151332,3.03));
#13578=CARTESIAN_POINT('Ctrl Pts',(-10.2253332503328,10.6627136798982,3.005));
#13579=CARTESIAN_POINT('Ctrl Pts',(-10.2253332503328,10.6627136798982,3.03));
#13580=CARTESIAN_POINT('Ctrl Pts',(-10.2414923541232,10.6433330394999,3.005));
#13581=CARTESIAN_POINT('Ctrl Pts',(-10.2414923541232,10.6433330394999,3.03));
#13582=CARTESIAN_POINT('Ctrl Pts',(-10.2438251481918,10.6182102860176,3.005));
#13583=CARTESIAN_POINT('Ctrl Pts',(-10.2438251481918,10.6182102860176,3.03));
#13584=CARTESIAN_POINT('Ctrl Pts',(-10.2449894971733,10.6056709655421,3.005));
#13585=CARTESIAN_POINT('Ctrl Pts',(-10.2449894971733,10.6056709655421,3.03));
#13586=CARTESIAN_POINT('',(-10.2172395117169,10.6724210151332,3.03));
#13587=CARTESIAN_POINT('Ctrl Pts',(-10.2172395117169,10.6724210151332,3.03));
#13588=CARTESIAN_POINT('Ctrl Pts',(-10.2253332503328,10.6627136798982,3.03));
#13589=CARTESIAN_POINT('Ctrl Pts',(-10.2414923541232,10.6433330394999,3.03));
#13590=CARTESIAN_POINT('Ctrl Pts',(-10.2438251481918,10.6182102860176,3.03));
#13591=CARTESIAN_POINT('Ctrl Pts',(-10.2449894971733,10.6056709655421,3.03));
#13592=CARTESIAN_POINT('',(-10.2172395117169,10.6724210151332,3.005));
#13593=CARTESIAN_POINT('Ctrl Pts',(-10.1504894621258,10.7001708515781,3.005));
#13594=CARTESIAN_POINT('Ctrl Pts',(-10.1504894621258,10.7001708515781,3.03));
#13595=CARTESIAN_POINT('Ctrl Pts',(-10.1630287970258,10.6990065502488,3.005));
#13596=CARTESIAN_POINT('Ctrl Pts',(-10.1630287970258,10.6990065502488,3.03));
#13597=CARTESIAN_POINT('Ctrl Pts',(-10.1881515564846,10.6966738537807,3.005));
#13598=CARTESIAN_POINT('Ctrl Pts',(-10.1881515564846,10.6966738537807,3.03));
#13599=CARTESIAN_POINT('Ctrl Pts',(-10.2075321891709,10.6805147475914,3.005));
#13600=CARTESIAN_POINT('Ctrl Pts',(-10.2075321891709,10.6805147475914,3.03));
#13601=CARTESIAN_POINT('Ctrl Pts',(-10.2172395117169,10.6724210151332,3.005));
#13602=CARTESIAN_POINT('Ctrl Pts',(-10.2172395117169,10.6724210151332,3.03));
#13603=CARTESIAN_POINT('',(-10.1504894621258,10.7001708515781,3.03));
#13604=CARTESIAN_POINT('Ctrl Pts',(-10.1504894621258,10.7001708515781,3.03));
#13605=CARTESIAN_POINT('Ctrl Pts',(-10.1630287970258,10.6990065502488,3.03));
#13606=CARTESIAN_POINT('Ctrl Pts',(-10.1881515564846,10.6966738537807,3.03));
#13607=CARTESIAN_POINT('Ctrl Pts',(-10.2075321891709,10.6805147475914,3.03));
#13608=CARTESIAN_POINT('Ctrl Pts',(-10.2172395117169,10.6724210151332,3.03));
#13609=CARTESIAN_POINT('',(-10.1504894621258,10.7001708515781,3.005));
#13610=CARTESIAN_POINT('Ctrl Pts',(-10.0844894624834,10.6724210151332,3.005));
#13611=CARTESIAN_POINT('Ctrl Pts',(-10.0844894624834,10.6724210151332,3.03));
#13612=CARTESIAN_POINT('Ctrl Pts',(-10.0940027232481,10.6805147449438,3.005));
#13613=CARTESIAN_POINT('Ctrl Pts',(-10.0940027232481,10.6805147449438,3.03));
#13614=CARTESIAN_POINT('Ctrl Pts',(-10.1130683082637,10.6967354391532,3.005));
#13615=CARTESIAN_POINT('Ctrl Pts',(-10.1130683082637,10.6967354391532,3.03));
#13616=CARTESIAN_POINT('Ctrl Pts',(-10.1379987175293,10.6990241509888,3.005));
#13617=CARTESIAN_POINT('Ctrl Pts',(-10.1379987175293,10.6990241509888,3.03));
#13618=CARTESIAN_POINT('Ctrl Pts',(-10.1504894621258,10.7001708515781,3.005));
#13619=CARTESIAN_POINT('Ctrl Pts',(-10.1504894621258,10.7001708515781,3.03));
#13620=CARTESIAN_POINT('',(-10.0844894624834,10.6724210151332,3.03));
#13621=CARTESIAN_POINT('Ctrl Pts',(-10.0844894624834,10.6724210151332,3.03));
#13622=CARTESIAN_POINT('Ctrl Pts',(-10.0940027232481,10.6805147449438,3.03));
#13623=CARTESIAN_POINT('Ctrl Pts',(-10.1130683082637,10.6967354391532,3.03));
#13624=CARTESIAN_POINT('Ctrl Pts',(-10.1379987175293,10.6990241509888,3.03));
#13625=CARTESIAN_POINT('Ctrl Pts',(-10.1504894621258,10.7001708515781,3.03));
#13626=CARTESIAN_POINT('',(-10.0844894624834,10.6724210151332,3.005));
#13627=CARTESIAN_POINT('Ctrl Pts',(-10.0574894524699,10.6056709655421,3.005));
#13628=CARTESIAN_POINT('Ctrl Pts',(-10.0574894524699,10.6056709655421,3.03));
#13629=CARTESIAN_POINT('Ctrl Pts',(-10.0586052878213,10.6181927632695,3.005));
#13630=CARTESIAN_POINT('Ctrl Pts',(-10.0586052878213,10.6181927632695,3.03));
#13631=CARTESIAN_POINT('Ctrl Pts',(-10.0608324363355,10.6431856111553,3.005));
#13632=CARTESIAN_POINT('Ctrl Pts',(-10.0608324363355,10.6431856111553,3.03));
#13633=CARTESIAN_POINT('Ctrl Pts',(-10.0766144688205,10.6626890809661,3.005));
#13634=CARTESIAN_POINT('Ctrl Pts',(-10.0766144688205,10.6626890809661,3.03));
#13635=CARTESIAN_POINT('Ctrl Pts',(-10.0844894624834,10.6724210151332,3.005));
#13636=CARTESIAN_POINT('Ctrl Pts',(-10.0844894624834,10.6724210151332,3.03));
#13637=CARTESIAN_POINT('Ctrl Pts',(-10.0574894524699,10.6056709655421,3.03));
#13638=CARTESIAN_POINT('Ctrl Pts',(-10.0586052878213,10.6181927632695,3.03));
#13639=CARTESIAN_POINT('Ctrl Pts',(-10.0608324363355,10.6431856111553,3.03));
#13640=CARTESIAN_POINT('Ctrl Pts',(-10.0766144688205,10.6626890809661,3.03));
#13641=CARTESIAN_POINT('Ctrl Pts',(-10.0844894624834,10.6724210151332,3.03));
#13642=CARTESIAN_POINT('Origin',(-9.67723946045687,10.4189209160722,3.03));
#13643=CARTESIAN_POINT('Ctrl Pts',(-9.92098945151618,13.9701710709232,3.005));
#13644=CARTESIAN_POINT('Ctrl Pts',(-9.92098945151618,13.9701710709232,3.03));
#13645=CARTESIAN_POINT('Ctrl Pts',(-9.92536237453463,13.9553973026677,3.005));
#13646=CARTESIAN_POINT('Ctrl Pts',(-9.92536237453463,13.9553973026677,3.03));
#13647=CARTESIAN_POINT('Ctrl Pts',(-9.93448783733913,13.924567244117,3.005));
#13648=CARTESIAN_POINT('Ctrl Pts',(-9.93448783733913,13.924567244117,3.03));
#13649=CARTESIAN_POINT('Ctrl Pts',(-9.9354752418038,13.8924155071162,3.005));
#13650=CARTESIAN_POINT('Ctrl Pts',(-9.9354752418038,13.8924155071162,3.03));
#13651=CARTESIAN_POINT('Ctrl Pts',(-9.93598948191454,13.875670886864,3.005));
#13652=CARTESIAN_POINT('Ctrl Pts',(-9.93598948191454,13.875670886864,3.03));
#13653=CARTESIAN_POINT('',(-9.93598948191454,13.875670886864,3.03));
#13654=CARTESIAN_POINT('',(-9.93598948191454,13.875670886864,3.005));
#13655=CARTESIAN_POINT('',(-9.92098945151618,13.9701710709232,3.03));
#13656=CARTESIAN_POINT('Ctrl Pts',(-9.92098945151618,13.9701710709232,3.03));
#13657=CARTESIAN_POINT('Ctrl Pts',(-9.92536237453463,13.9553973026677,3.03));
#13658=CARTESIAN_POINT('Ctrl Pts',(-9.93448783733913,13.924567244117,3.03));
#13659=CARTESIAN_POINT('Ctrl Pts',(-9.9354752418038,13.8924155071162,3.03));
#13660=CARTESIAN_POINT('Ctrl Pts',(-9.93598948191454,13.875670886864,3.03));
#13661=CARTESIAN_POINT('',(-9.92098945151618,13.9701710709232,3.005));
#13662=CARTESIAN_POINT('Origin',(-9.77998944889357,13.9431707628864,3.005));
#13663=CARTESIAN_POINT('',(-9.77998944889357,13.9431707628864,3.03));
#13664=CARTESIAN_POINT('',(-9.92098945151618,13.9701710709232,3.03));
#13665=CARTESIAN_POINT('',(-9.77998944889357,13.9431707628864,3.005));
#13666=CARTESIAN_POINT('Ctrl Pts',(-9.7844894505625,13.8951711424487,3.005));
#13667=CARTESIAN_POINT('Ctrl Pts',(-9.7844894505625,13.8951711424487,3.03));
#13668=CARTESIAN_POINT('Ctrl Pts',(-9.78432271621467,13.9034410198058,3.005));
#13669=CARTESIAN_POINT('Ctrl Pts',(-9.78432271621467,13.9034410198058,3.03));
#13670=CARTESIAN_POINT('Ctrl Pts',(-9.78399787976711,13.9195526225886,3.005));
#13671=CARTESIAN_POINT('Ctrl Pts',(-9.78399787976711,13.9195526225886,3.03));
#13672=CARTESIAN_POINT('Ctrl Pts',(-9.78130170972115,13.9354387696673,3.005));
#13673=CARTESIAN_POINT('Ctrl Pts',(-9.78130170972115,13.9354387696673,3.03));
#13674=CARTESIAN_POINT('Ctrl Pts',(-9.77998944889357,13.9431707628864,3.005));
#13675=CARTESIAN_POINT('Ctrl Pts',(-9.77998944889357,13.9431707628864,3.03));
#13676=CARTESIAN_POINT('',(-9.7844894505625,13.8951711424487,3.03));
#13677=CARTESIAN_POINT('Ctrl Pts',(-9.7844894505625,13.8951711424487,3.03));
#13678=CARTESIAN_POINT('Ctrl Pts',(-9.78432271621467,13.9034410198058,3.03));
#13679=CARTESIAN_POINT('Ctrl Pts',(-9.78399787976711,13.9195526225886,3.03));
#13680=CARTESIAN_POINT('Ctrl Pts',(-9.78130170972115,13.9354387696673,3.03));
#13681=CARTESIAN_POINT('Ctrl Pts',(-9.77998944889357,13.9431707628864,3.03));
#13682=CARTESIAN_POINT('',(-9.7844894505625,13.8951711424487,3.005));
#13683=CARTESIAN_POINT('Ctrl Pts',(-9.74548946093371,13.7616710432666,3.005));
#13684=CARTESIAN_POINT('Ctrl Pts',(-9.74548946093371,13.7616710432666,3.03));
#13685=CARTESIAN_POINT('Ctrl Pts',(-9.7568600467714,13.7815620820673,3.005));
#13686=CARTESIAN_POINT('Ctrl Pts',(-9.7568600467714,13.7815620820673,3.03));
#13687=CARTESIAN_POINT('Ctrl Pts',(-9.78048497453318,13.8228901509532,3.005));
#13688=CARTESIAN_POINT('Ctrl Pts',(-9.78048497453318,13.8228901509532,3.03));
#13689=CARTESIAN_POINT('Ctrl Pts',(-9.78312174662316,13.8704840183196,3.005));
#13690=CARTESIAN_POINT('Ctrl Pts',(-9.78312174662316,13.8704840183196,3.03));
#13691=CARTESIAN_POINT('Ctrl Pts',(-9.7844894505625,13.8951711424487,3.005));
#13692=CARTESIAN_POINT('Ctrl Pts',(-9.7844894505625,13.8951711424487,3.03));
#13693=CARTESIAN_POINT('',(-9.74548946093371,13.7616710432666,3.03));
#13694=CARTESIAN_POINT('Ctrl Pts',(-9.74548946093371,13.7616710432666,3.03));
#13695=CARTESIAN_POINT('Ctrl Pts',(-9.7568600467714,13.7815620820673,3.03));
#13696=CARTESIAN_POINT('Ctrl Pts',(-9.78048497453318,13.8228901509532,3.03));
#13697=CARTESIAN_POINT('Ctrl Pts',(-9.78312174662316,13.8704840183196,3.03));
#13698=CARTESIAN_POINT('Ctrl Pts',(-9.7844894505625,13.8951711424487,3.03));
#13699=CARTESIAN_POINT('',(-9.74548946093371,13.7616710432666,3.005));
#13700=CARTESIAN_POINT('Ctrl Pts',(-9.61498941253474,13.6746709116596,3.005));
#13701=CARTESIAN_POINT('Ctrl Pts',(-9.61498941253474,13.6746709116596,3.03));
#13702=CARTESIAN_POINT('Ctrl Pts',(-9.64251654249083,13.6851341406037,3.005));
#13703=CARTESIAN_POINT('Ctrl Pts',(-9.64251654249083,13.6851341406037,3.03));
#13704=CARTESIAN_POINT('Ctrl Pts',(-9.69281835120238,13.7042541629849,3.005));
#13705=CARTESIAN_POINT('Ctrl Pts',(-9.69281835120238,13.7042541629849,3.03));
#13706=CARTESIAN_POINT('Ctrl Pts',(-9.72907422745158,13.7437767649716,3.005));
#13707=CARTESIAN_POINT('Ctrl Pts',(-9.72907422745158,13.7437767649716,3.03));
#13708=CARTESIAN_POINT('Ctrl Pts',(-9.74548946093371,13.7616710432666,3.005));
#13709=CARTESIAN_POINT('Ctrl Pts',(-9.74548946093371,13.7616710432666,3.03));
#13710=CARTESIAN_POINT('',(-9.61498941253474,13.6746709116596,3.03));
#13711=CARTESIAN_POINT('Ctrl Pts',(-9.61498941253474,13.6746709116596,3.03));
#13712=CARTESIAN_POINT('Ctrl Pts',(-9.64251654249083,13.6851341406037,3.03));
#13713=CARTESIAN_POINT('Ctrl Pts',(-9.69281835120238,13.7042541629849,3.03));
#13714=CARTESIAN_POINT('Ctrl Pts',(-9.72907422745158,13.7437767649716,3.03));
#13715=CARTESIAN_POINT('Ctrl Pts',(-9.74548946093371,13.7616710432666,3.03));
#13716=CARTESIAN_POINT('',(-9.61498941253474,13.6746709116596,3.005));
#13717=CARTESIAN_POINT('Origin',(-9.12748943041613,13.6746709116596,3.005));
#13718=CARTESIAN_POINT('',(-9.12748943041613,13.6746709116596,3.03));
#13719=CARTESIAN_POINT('',(-9.61498941253474,13.6746709116596,3.03));
#13720=CARTESIAN_POINT('',(-9.12748943041613,13.6746709116596,3.005));
#13721=CARTESIAN_POINT('Origin',(-9.12748943041613,13.5246710547107,3.005));
#13722=CARTESIAN_POINT('',(-9.12748943041613,13.5246710547107,3.03));
#13723=CARTESIAN_POINT('',(-9.12748943041613,13.6746709116596,3.03));
#13724=CARTESIAN_POINT('',(-9.12748943041613,13.5246710547107,3.005));
#13725=CARTESIAN_POINT('Origin',(-9.92098945151618,13.5246710547107,3.005));
#13726=CARTESIAN_POINT('',(-9.92098945151618,13.5246710547107,3.03));
#13727=CARTESIAN_POINT('',(-9.12748943041613,13.5246710547107,3.03));
#13728=CARTESIAN_POINT('',(-9.92098945151618,13.5246710547107,3.005));
#13729=CARTESIAN_POINT('Origin',(-9.92098945151618,13.6386708983081,3.005));
#13730=CARTESIAN_POINT('',(-9.92098945151618,13.6386708983081,3.03));
#13731=CARTESIAN_POINT('',(-9.92098945151618,13.5246710547107,3.03));
#13732=CARTESIAN_POINT('',(-9.92098945151618,13.6386708983081,3.005));
#13733=CARTESIAN_POINT('Origin',(-9.79198942850878,13.6626713045734,3.005));
#13734=CARTESIAN_POINT('',(-9.79198942850878,13.6626713045734,3.03));
#13735=CARTESIAN_POINT('',(-9.92098945151618,13.6386708983081,3.03));
#13736=CARTESIAN_POINT('',(-9.79198942850878,13.6626713045734,3.005));
#13737=CARTESIAN_POINT('Ctrl Pts',(-9.90148949395468,13.751171089043,3.005));
#13738=CARTESIAN_POINT('Ctrl Pts',(-9.90148949395468,13.751171089043,3.03));
#13739=CARTESIAN_POINT('Ctrl Pts',(-9.88769145877754,13.7329869843157,3.005));
#13740=CARTESIAN_POINT('Ctrl Pts',(-9.88769145877754,13.7329869843157,3.03));
#13741=CARTESIAN_POINT('Ctrl Pts',(-9.85853397482605,13.6945610247532,3.005));
#13742=CARTESIAN_POINT('Ctrl Pts',(-9.85853397482605,13.6945610247532,3.03));
#13743=CARTESIAN_POINT('Ctrl Pts',(-9.81494895172361,13.6736740510237,3.005));
#13744=CARTESIAN_POINT('Ctrl Pts',(-9.81494895172361,13.6736740510237,3.03));
#13745=CARTESIAN_POINT('Ctrl Pts',(-9.79198942850878,13.6626713045734,3.005));
#13746=CARTESIAN_POINT('Ctrl Pts',(-9.79198942850878,13.6626713045734,3.03));
#13747=CARTESIAN_POINT('',(-9.90148949395468,13.751171089043,3.03));
#13748=CARTESIAN_POINT('Ctrl Pts',(-9.90148949395468,13.751171089043,3.03));
#13749=CARTESIAN_POINT('Ctrl Pts',(-9.88769145877754,13.7329869843157,3.03));
#13750=CARTESIAN_POINT('Ctrl Pts',(-9.85853397482605,13.6945610247532,3.03));
#13751=CARTESIAN_POINT('Ctrl Pts',(-9.81494895172361,13.6736740510237,3.03));
#13752=CARTESIAN_POINT('Ctrl Pts',(-9.79198942850878,13.6626713045734,3.03));
#13753=CARTESIAN_POINT('',(-9.90148949395468,13.751171089043,3.005));
#13754=CARTESIAN_POINT('Ctrl Pts',(-9.93598948191454,13.875670886864,3.005));
#13755=CARTESIAN_POINT('Ctrl Pts',(-9.93598948191454,13.875670886864,3.03));
#13756=CARTESIAN_POINT('Ctrl Pts',(-9.93457187908922,13.8536413194474,3.005));
#13757=CARTESIAN_POINT('Ctrl Pts',(-9.93457187908922,13.8536413194474,3.03));
#13758=CARTESIAN_POINT('Ctrl Pts',(-9.93174638645031,13.8097331249502,3.005));
#13759=CARTESIAN_POINT('Ctrl Pts',(-9.93174638645031,13.8097331249502,3.03));
#13760=CARTESIAN_POINT('Ctrl Pts',(-9.91155198446041,13.7706469797147,3.005));
#13761=CARTESIAN_POINT('Ctrl Pts',(-9.91155198446041,13.7706469797147,3.03));
#13762=CARTESIAN_POINT('Ctrl Pts',(-9.90148949395468,13.751171089043,3.005));
#13763=CARTESIAN_POINT('Ctrl Pts',(-9.90148949395468,13.751171089043,3.03));
#13764=CARTESIAN_POINT('Ctrl Pts',(-9.93598948191454,13.875670886864,3.03));
#13765=CARTESIAN_POINT('Ctrl Pts',(-9.93457187908922,13.8536413194474,3.03));
#13766=CARTESIAN_POINT('Ctrl Pts',(-9.93174638645031,13.8097331249502,3.03));
#13767=CARTESIAN_POINT('Ctrl Pts',(-9.91155198446041,13.7706469797147,3.03));
#13768=CARTESIAN_POINT('Ctrl Pts',(-9.90148949395468,13.751171089043,3.03));
#13769=CARTESIAN_POINT('Origin',(-9.67723946045687,10.4189209160722,3.03));
#13770=CARTESIAN_POINT('Origin',(-10.0559895015841,9.12967086516793,3.005));
#13771=CARTESIAN_POINT('',(-10.0559895015841,9.43417087875779,3.03));
#13772=CARTESIAN_POINT('',(-10.0559895015841,9.43417087875779,3.005));
#13773=CARTESIAN_POINT('',(-10.0559895015841,9.12967086516793,3.03));
#13774=CARTESIAN_POINT('',(-10.0559895015841,9.43417087875779,3.03));
#13775=CARTESIAN_POINT('',(-10.0559895015841,9.12967086516793,3.005));
#13776=CARTESIAN_POINT('Origin',(-9.12748943041613,9.12967086516793,3.005));
#13777=CARTESIAN_POINT('',(-9.12748943041613,9.12967086516793,3.03));
#13778=CARTESIAN_POINT('',(-10.0559895015841,9.12967086516793,3.03));
#13779=CARTESIAN_POINT('',(-9.12748943041613,9.12967086516793,3.005));
#13780=CARTESIAN_POINT('Origin',(-9.12748943041613,8.97817090832169,3.005));
#13781=CARTESIAN_POINT('',(-9.12748943041613,8.97817090832169,3.03));
#13782=CARTESIAN_POINT('',(-9.12748943041613,9.12967086516793,3.03));
#13783=CARTESIAN_POINT('',(-9.12748943041613,8.97817090832169,3.005));
#13784=CARTESIAN_POINT('Origin',(-10.0559895015841,8.97817090832169,3.005));
#13785=CARTESIAN_POINT('',(-10.0559895015841,8.97817090832169,3.03));
#13786=CARTESIAN_POINT('',(-9.12748943041613,8.97817090832169,3.03));
#13787=CARTESIAN_POINT('',(-10.0559895015841,8.97817090832169,3.005));
#13788=CARTESIAN_POINT('Origin',(-10.0559895015841,8.67367089473183,3.005));
#13789=CARTESIAN_POINT('',(-10.0559895015841,8.67367089473183,3.03));
#13790=CARTESIAN_POINT('',(-10.0559895015841,8.97817090832169,3.03));
#13791=CARTESIAN_POINT('',(-10.0559895015841,8.67367089473183,3.005));
#13792=CARTESIAN_POINT('Origin',(-10.1774894721394,8.67367089473183,3.005));
#13793=CARTESIAN_POINT('',(-10.1774894721394,8.67367089473183,3.03));
#13794=CARTESIAN_POINT('',(-10.0559895015841,8.67367089473183,3.03));
#13795=CARTESIAN_POINT('',(-10.1774894721394,8.67367089473183,3.005));
#13796=CARTESIAN_POINT('Origin',(-10.1774894721394,9.43417087875778,3.005));
#13797=CARTESIAN_POINT('',(-10.1774894721394,9.43417087875778,3.03));
#13798=CARTESIAN_POINT('',(-10.1774894721394,8.67367089473183,3.03));
#13799=CARTESIAN_POINT('',(-10.1774894721394,9.43417087875778,3.005));
#13800=CARTESIAN_POINT('Origin',(-10.0559895015841,9.43417087875779,3.005));
#13801=CARTESIAN_POINT('',(-10.1774894721394,9.43417087875779,3.03));
#13802=CARTESIAN_POINT('Origin',(-9.67723946045687,10.4189209160722,3.03));
#13803=CARTESIAN_POINT('Origin',(-9.12748943041613,7.95817077838356,3.005));
#13804=CARTESIAN_POINT('',(-9.12748943041613,8.10817078434403,3.03));
#13805=CARTESIAN_POINT('',(-9.12748943041613,8.10817078434403,3.005));
#13806=CARTESIAN_POINT('',(-9.12748943041613,7.95817077838356,3.03));
#13807=CARTESIAN_POINT('',(-9.12748943041613,8.10817078434403,3.03));
#13808=CARTESIAN_POINT('',(-9.12748943041613,7.95817077838356,3.005));
#13809=CARTESIAN_POINT('Origin',(-9.80698945890715,7.95817077838356,3.005));
#13810=CARTESIAN_POINT('',(-9.80698945890715,7.95817077838356,3.03));
#13811=CARTESIAN_POINT('',(-9.12748943041613,7.95817077838356,3.03));
#13812=CARTESIAN_POINT('',(-9.80698945890715,7.95817077838356,3.005));
#13813=CARTESIAN_POINT('Origin',(-9.80698945890715,7.8336707570451,3.005));
#13814=CARTESIAN_POINT('',(-9.80698945890715,7.8336707570451,3.03));
#13815=CARTESIAN_POINT('',(-9.80698945890715,7.95817077838356,3.03));
#13816=CARTESIAN_POINT('',(-9.80698945890715,7.8336707570451,3.005));
#13817=CARTESIAN_POINT('Origin',(-9.92098945151618,7.8336707570451,3.005));
#13818=CARTESIAN_POINT('',(-9.92098945151618,7.8336707570451,3.03));
#13819=CARTESIAN_POINT('',(-9.80698945890715,7.8336707570451,3.03));
#13820=CARTESIAN_POINT('',(-9.92098945151618,7.8336707570451,3.005));
#13821=CARTESIAN_POINT('Origin',(-9.92098945151618,8.10817078434403,3.005));
#13822=CARTESIAN_POINT('',(-9.92098945151618,8.10817078434403,3.03));
#13823=CARTESIAN_POINT('',(-9.92098945151618,7.8336707570451,3.03));
#13824=CARTESIAN_POINT('',(-9.92098945151618,8.10817078434403,3.005));
#13825=CARTESIAN_POINT('Origin',(-9.12748943041613,8.10817078434403,3.005));
#13826=CARTESIAN_POINT('',(-9.92098945151618,8.10817078434403,3.03));
#13827=CARTESIAN_POINT('Origin',(-9.67723946045687,10.4189209160722,3.03));
#13828=CARTESIAN_POINT('Origin',(-1.025,4.7002,2.78));
#13829=CARTESIAN_POINT('',(-1.025,4.4752,2.78));
#13830=CARTESIAN_POINT('Origin',(-1.025,4.7002,2.78));
#13831=CARTESIAN_POINT('Origin',(-1.025,4.7002,2.78));
#13832=CARTESIAN_POINT('Origin',(-1.025,4.7002,2.78));
#13833=CARTESIAN_POINT('Origin',(-1.025,4.7002,2.4425));
#13834=CARTESIAN_POINT('',(-1.025,4.4752,2.4425));
#13835=CARTESIAN_POINT('Origin',(-1.025,4.7002,1.25));
#13836=CARTESIAN_POINT('Origin',(-1.025,5.5813,1.25));
#13837=CARTESIAN_POINT('Origin',(-1.025,1.075,1.25));
#13838=CARTESIAN_POINT('Origin',(-4.5962,1.075,2.4425));
#13839=CARTESIAN_POINT('',(-4.3712,1.075,2.78));
#13840=CARTESIAN_POINT('',(-4.3712,1.075,2.4425));
#13841=CARTESIAN_POINT('Origin',(-4.5962,1.075,2.78));
#13842=CARTESIAN_POINT('Origin',(-4.5962,1.075,1.25));
#13843=CARTESIAN_POINT('Origin',(-4.5962,1.075,2.78));
#13844=CARTESIAN_POINT('Origin',(-4.5962,1.075,2.78));
#13845=CARTESIAN_POINT('Origin',(-4.5962,1.075,2.78));
#13846=CARTESIAN_POINT('Origin',(-5.2928,1.075,1.25));
#13847=CARTESIAN_POINT('Origin',(-6.1856,4.7002,2.78));
#13848=CARTESIAN_POINT('',(-4.3712,4.4752,2.78));
#13849=CARTESIAN_POINT('Origin',(-4.5962,4.7002,2.78));
#13850=CARTESIAN_POINT('',(-6.1856,4.4752,2.78));
#13851=CARTESIAN_POINT('Origin',(-1.025,8.5,2.78));
#13852=CARTESIAN_POINT('Origin',(-1.025,15.925,2.78));
#13853=CARTESIAN_POINT('Origin',(-8.,15.925,2.78));
#13854=CARTESIAN_POINT('',(-15.2,16.15,2.78));
#13855=CARTESIAN_POINT('',(-8.,16.15,2.78));
#13856=CARTESIAN_POINT('Origin',(-14.975,15.925,2.78));
#13857=CARTESIAN_POINT('Origin',(-14.975,8.5,2.78));
#13858=CARTESIAN_POINT('',(-15.2,8.5,2.78));
#13859=CARTESIAN_POINT('Origin',(-14.975,1.075,2.78));
#13860=CARTESIAN_POINT('Origin',(-4.5962,4.675,2.78));
#13861=CARTESIAN_POINT('',(-4.3712,4.675,2.78));
#13862=CARTESIAN_POINT('Origin',(-8.,1.075,2.78));
#13863=CARTESIAN_POINT('Origin',(-4.3712,4.4752,3.005));
#13864=CARTESIAN_POINT('',(-4.3712,4.4752,3.005));
#13865=CARTESIAN_POINT('Origin',(-4.3712,0.85,3.005));
#13866=CARTESIAN_POINT('Origin',(-8.,8.5,3.005));
#13867=CARTESIAN_POINT('Origin',(-2.5856,2.6626,1.475));
#13868=CARTESIAN_POINT('Origin',(-15.2,8.5,1.88));
#13869=CARTESIAN_POINT('',(-15.2,16.15,1.88));
#13870=CARTESIAN_POINT('Origin',(-8.,16.15,1.88));
#13871=CARTESIAN_POINT('Origin',(-16.,3.11959031283738,1.25));
#13872=CARTESIAN_POINT('',(-16.,3.05001637965406,1.25));
#13873=CARTESIAN_POINT('',(-16.,3.11959031283738,1.25));
#13874=CARTESIAN_POINT('',(-16.,3.05001637965406,1.25));
#13875=CARTESIAN_POINT('',(-16.,3.05001637965406,1.275));
#13876=CARTESIAN_POINT('',(-16.,3.05001637965406,1.25));
#13877=CARTESIAN_POINT('',(-16.,3.11959031283738,1.275));
#13878=CARTESIAN_POINT('',(-16.,3.05001637965406,1.275));
#13879=CARTESIAN_POINT('',(-16.,3.11959031283738,1.25));
#13880=CARTESIAN_POINT('Origin',(-16.,3.49459031283738,1.25));
#13881=CARTESIAN_POINT('',(-16.,3.86959031283738,1.25));
#13882=CARTESIAN_POINT('Origin',(-16.,3.49459031283738,1.25));
#13883=CARTESIAN_POINT('',(-16.,3.86959031283738,1.275));
#13884=CARTESIAN_POINT('Origin',(-16.,3.49459031283738,1.275));
#13885=CARTESIAN_POINT('',(-16.,3.86959031283738,1.25));
#13886=CARTESIAN_POINT('Origin',(-16.,3.9498752468098,1.25));
#13887=CARTESIAN_POINT('',(-16.,3.9498752468098,1.25));
#13888=CARTESIAN_POINT('',(-16.,3.86959031283738,1.25));
#13889=CARTESIAN_POINT('',(-16.,3.9498752468098,1.275));
#13890=CARTESIAN_POINT('',(-16.,3.86959031283738,1.275));
#13891=CARTESIAN_POINT('',(-16.,3.9498752468098,1.25));
#13892=CARTESIAN_POINT('Origin',(-15.2,3.9498752468098,1.25));
#13893=CARTESIAN_POINT('',(-15.2,3.9498752468098,1.25));
#13894=CARTESIAN_POINT('',(-15.2,3.9498752468098,1.25));
#13895=CARTESIAN_POINT('',(-15.2,3.9498752468098,1.275));
#13896=CARTESIAN_POINT('',(-15.2,3.9498752468098,1.275));
#13897=CARTESIAN_POINT('',(-15.2,3.9498752468098,1.25));
#13898=CARTESIAN_POINT('Origin',(-15.2,3.05001637965406,1.25));
#13899=CARTESIAN_POINT('',(-15.2,3.05001637965406,1.25));
#13900=CARTESIAN_POINT('',(-15.2,3.05001637965406,1.25));
#13901=CARTESIAN_POINT('',(-15.2,3.05001637965406,1.275));
#13902=CARTESIAN_POINT('',(-15.2,3.05001637965406,1.275));
#13903=CARTESIAN_POINT('',(-15.2,3.05001637965406,1.25));
#13904=CARTESIAN_POINT('Origin',(-16.,3.05001637965406,1.25));
#13905=CARTESIAN_POINT('',(-16.,3.05001637965406,1.25));
#13906=CARTESIAN_POINT('',(-16.,3.05001637965406,1.275));
#13907=CARTESIAN_POINT('Origin',(-15.6,3.49994581323193,1.275));
#13908=CARTESIAN_POINT('Origin',(-15.6,3.49994581323193,1.25));
#13909=CARTESIAN_POINT('Origin',(-16.,13.0500163796541,1.25));
#13910=CARTESIAN_POINT('',(-16.,13.0500163796541,1.25));
#13911=CARTESIAN_POINT('',(-15.2,13.0500163796541,1.25));
#13912=CARTESIAN_POINT('',(-16.,13.0500163796541,1.25));
#13913=CARTESIAN_POINT('',(-15.2,13.0500163796541,1.275));
#13914=CARTESIAN_POINT('',(-15.2,13.0500163796541,1.25));
#13915=CARTESIAN_POINT('',(-16.,13.0500163796541,1.275));
#13916=CARTESIAN_POINT('',(-16.,13.0500163796541,1.275));
#13917=CARTESIAN_POINT('',(-16.,13.0500163796541,1.25));
#13918=CARTESIAN_POINT('Origin',(-16.,13.1195903128374,1.25));
#13919=CARTESIAN_POINT('',(-16.,13.1195903128374,1.25));
#13920=CARTESIAN_POINT('',(-16.,13.0500163796541,1.25));
#13921=CARTESIAN_POINT('',(-16.,13.1195903128374,1.275));
#13922=CARTESIAN_POINT('',(-16.,13.0500163796541,1.275));
#13923=CARTESIAN_POINT('',(-16.,13.1195903128374,1.25));
#13924=CARTESIAN_POINT('Origin',(-16.,13.4945903128374,1.25));
#13925=CARTESIAN_POINT('',(-16.,13.8695903128374,1.25));
#13926=CARTESIAN_POINT('Origin',(-16.,13.4945903128374,1.25));
#13927=CARTESIAN_POINT('',(-16.,13.8695903128374,1.275));
#13928=CARTESIAN_POINT('Origin',(-16.,13.4945903128374,1.275));
#13929=CARTESIAN_POINT('',(-16.,13.8695903128374,1.25));
#13930=CARTESIAN_POINT('Origin',(-16.,13.9498752468098,1.25));
#13931=CARTESIAN_POINT('',(-16.,13.9498752468098,1.25));
#13932=CARTESIAN_POINT('',(-16.,13.8695903128374,1.25));
#13933=CARTESIAN_POINT('',(-16.,13.9498752468098,1.275));
#13934=CARTESIAN_POINT('',(-16.,13.8695903128374,1.275));
#13935=CARTESIAN_POINT('',(-16.,13.9498752468098,1.25));
#13936=CARTESIAN_POINT('Origin',(-15.2,13.9498752468098,1.25));
#13937=CARTESIAN_POINT('',(-15.2,13.9498752468098,1.25));
#13938=CARTESIAN_POINT('',(-15.2,13.9498752468098,1.25));
#13939=CARTESIAN_POINT('',(-15.2,13.9498752468098,1.275));
#13940=CARTESIAN_POINT('',(-15.2,13.9498752468098,1.275));
#13941=CARTESIAN_POINT('',(-15.2,13.9498752468098,1.25));
#13942=CARTESIAN_POINT('Origin',(-15.2,13.0500163796541,1.25));
#13943=CARTESIAN_POINT('',(-15.2,13.0500163796541,1.25));
#13944=CARTESIAN_POINT('',(-15.2,13.0500163796541,1.275));
#13945=CARTESIAN_POINT('Origin',(-15.6,13.4999458132319,1.275));
#13946=CARTESIAN_POINT('Origin',(-15.6,13.4999458132319,1.25));
#13947=CARTESIAN_POINT('Origin',(-16.,11.0500163796541,1.25));
#13948=CARTESIAN_POINT('',(-16.,11.0500163796541,1.25));
#13949=CARTESIAN_POINT('',(-15.2,11.0500163796541,1.25));
#13950=CARTESIAN_POINT('',(-16.,11.0500163796541,1.25));
#13951=CARTESIAN_POINT('',(-15.2,11.0500163796541,1.275));
#13952=CARTESIAN_POINT('',(-15.2,11.0500163796541,1.25));
#13953=CARTESIAN_POINT('',(-16.,11.0500163796541,1.275));
#13954=CARTESIAN_POINT('',(-16.,11.0500163796541,1.275));
#13955=CARTESIAN_POINT('',(-16.,11.0500163796541,1.25));
#13956=CARTESIAN_POINT('Origin',(-16.,11.1195903128374,1.25));
#13957=CARTESIAN_POINT('',(-16.,11.1195903128374,1.25));
#13958=CARTESIAN_POINT('',(-16.,11.0500163796541,1.25));
#13959=CARTESIAN_POINT('',(-16.,11.1195903128374,1.275));
#13960=CARTESIAN_POINT('',(-16.,11.0500163796541,1.275));
#13961=CARTESIAN_POINT('',(-16.,11.1195903128374,1.25));
#13962=CARTESIAN_POINT('Origin',(-16.,11.4945903128374,1.25));
#13963=CARTESIAN_POINT('',(-16.,11.8695903128374,1.25));
#13964=CARTESIAN_POINT('Origin',(-16.,11.4945903128374,1.25));
#13965=CARTESIAN_POINT('',(-16.,11.8695903128374,1.275));
#13966=CARTESIAN_POINT('Origin',(-16.,11.4945903128374,1.275));
#13967=CARTESIAN_POINT('',(-16.,11.8695903128374,1.25));
#13968=CARTESIAN_POINT('Origin',(-16.,11.9498752468098,1.25));
#13969=CARTESIAN_POINT('',(-16.,11.9498752468098,1.25));
#13970=CARTESIAN_POINT('',(-16.,11.8695903128374,1.25));
#13971=CARTESIAN_POINT('',(-16.,11.9498752468098,1.275));
#13972=CARTESIAN_POINT('',(-16.,11.8695903128374,1.275));
#13973=CARTESIAN_POINT('',(-16.,11.9498752468098,1.25));
#13974=CARTESIAN_POINT('Origin',(-15.2,11.9498752468098,1.25));
#13975=CARTESIAN_POINT('',(-15.2,11.9498752468098,1.25));
#13976=CARTESIAN_POINT('',(-15.2,11.9498752468098,1.25));
#13977=CARTESIAN_POINT('',(-15.2,11.9498752468098,1.275));
#13978=CARTESIAN_POINT('',(-15.2,11.9498752468098,1.275));
#13979=CARTESIAN_POINT('',(-15.2,11.9498752468098,1.25));
#13980=CARTESIAN_POINT('Origin',(-15.2,11.0500163796541,1.25));
#13981=CARTESIAN_POINT('',(-15.2,11.0500163796541,1.25));
#13982=CARTESIAN_POINT('',(-15.2,11.0500163796541,1.275));
#13983=CARTESIAN_POINT('Origin',(-15.6,11.4999458132319,1.275));
#13984=CARTESIAN_POINT('Origin',(-15.6,11.4999458132319,1.25));
#13985=CARTESIAN_POINT('Origin',(-16.,1.11971502244169,1.25));
#13986=CARTESIAN_POINT('',(-16.,1.05014108925836,1.25));
#13987=CARTESIAN_POINT('',(-16.,1.11971502244169,1.25));
#13988=CARTESIAN_POINT('',(-16.,1.05014108925836,1.25));
#13989=CARTESIAN_POINT('',(-16.,1.05014108925836,1.275));
#13990=CARTESIAN_POINT('',(-16.,1.05014108925836,1.25));
#13991=CARTESIAN_POINT('',(-16.,1.11971502244169,1.275));
#13992=CARTESIAN_POINT('',(-16.,1.05014108925836,1.275));
#13993=CARTESIAN_POINT('',(-16.,1.11971502244169,1.25));
#13994=CARTESIAN_POINT('Origin',(-16.,1.49471502244169,1.25));
#13995=CARTESIAN_POINT('',(-16.,1.86971502244169,1.25));
#13996=CARTESIAN_POINT('Origin',(-16.,1.49471502244169,1.25));
#13997=CARTESIAN_POINT('',(-16.,1.86971502244169,1.275));
#13998=CARTESIAN_POINT('Origin',(-16.,1.49471502244169,1.275));
#13999=CARTESIAN_POINT('',(-16.,1.86971502244169,1.25));
#14000=CARTESIAN_POINT('Origin',(-16.,1.9499999564141,1.25));
#14001=CARTESIAN_POINT('',(-16.,1.9499999564141,1.25));
#14002=CARTESIAN_POINT('',(-16.,1.86971502244169,1.25));
#14003=CARTESIAN_POINT('',(-16.,1.9499999564141,1.275));
#14004=CARTESIAN_POINT('',(-16.,1.86971502244169,1.275));
#14005=CARTESIAN_POINT('',(-16.,1.9499999564141,1.25));
#14006=CARTESIAN_POINT('Origin',(-15.2,1.9499999564141,1.25));
#14007=CARTESIAN_POINT('',(-15.2,1.9499999564141,1.25));
#14008=CARTESIAN_POINT('',(-15.2,1.9499999564141,1.25));
#14009=CARTESIAN_POINT('',(-15.2,1.9499999564141,1.275));
#14010=CARTESIAN_POINT('',(-15.2,1.9499999564141,1.275));
#14011=CARTESIAN_POINT('',(-15.2,1.9499999564141,1.25));
#14012=CARTESIAN_POINT('Origin',(-15.2,1.05014108925836,1.25));
#14013=CARTESIAN_POINT('',(-15.2,1.05014108925836,1.25));
#14014=CARTESIAN_POINT('',(-15.2,1.05014108925836,1.25));
#14015=CARTESIAN_POINT('',(-15.2,1.05014108925836,1.275));
#14016=CARTESIAN_POINT('',(-15.2,1.05014108925836,1.275));
#14017=CARTESIAN_POINT('',(-15.2,1.05014108925836,1.25));
#14018=CARTESIAN_POINT('Origin',(-16.,1.05014108925836,1.25));
#14019=CARTESIAN_POINT('',(-16.,1.05014108925836,1.25));
#14020=CARTESIAN_POINT('',(-16.,1.05014108925836,1.275));
#14021=CARTESIAN_POINT('Origin',(-15.6,1.50007052283623,1.275));
#14022=CARTESIAN_POINT('Origin',(-15.6,1.50007052283623,1.25));
#14023=CARTESIAN_POINT('Origin',(-16.,5.05001637965406,1.25));
#14024=CARTESIAN_POINT('',(-16.,5.05001637965406,1.25));
#14025=CARTESIAN_POINT('',(-15.2,5.05001637965406,1.25));
#14026=CARTESIAN_POINT('',(-16.,5.05001637965406,1.25));
#14027=CARTESIAN_POINT('',(-15.2,5.05001637965406,1.275));
#14028=CARTESIAN_POINT('',(-15.2,5.05001637965406,1.25));
#14029=CARTESIAN_POINT('',(-16.,5.05001637965406,1.275));
#14030=CARTESIAN_POINT('',(-16.,5.05001637965406,1.275));
#14031=CARTESIAN_POINT('',(-16.,5.05001637965406,1.25));
#14032=CARTESIAN_POINT('Origin',(-16.,5.11959031283738,1.25));
#14033=CARTESIAN_POINT('',(-16.,5.11959031283738,1.25));
#14034=CARTESIAN_POINT('',(-16.,5.05001637965406,1.25));
#14035=CARTESIAN_POINT('',(-16.,5.11959031283738,1.275));
#14036=CARTESIAN_POINT('',(-16.,5.05001637965406,1.275));
#14037=CARTESIAN_POINT('',(-16.,5.11959031283738,1.25));
#14038=CARTESIAN_POINT('Origin',(-16.,5.49459031283738,1.25));
#14039=CARTESIAN_POINT('',(-16.,5.86959031283738,1.25));
#14040=CARTESIAN_POINT('Origin',(-16.,5.49459031283738,1.25));
#14041=CARTESIAN_POINT('',(-16.,5.86959031283738,1.275));
#14042=CARTESIAN_POINT('Origin',(-16.,5.49459031283738,1.275));
#14043=CARTESIAN_POINT('',(-16.,5.86959031283738,1.25));
#14044=CARTESIAN_POINT('Origin',(-16.,5.9498752468098,1.25));
#14045=CARTESIAN_POINT('',(-16.,5.9498752468098,1.25));
#14046=CARTESIAN_POINT('',(-16.,5.86959031283738,1.25));
#14047=CARTESIAN_POINT('',(-16.,5.9498752468098,1.275));
#14048=CARTESIAN_POINT('',(-16.,5.86959031283738,1.275));
#14049=CARTESIAN_POINT('',(-16.,5.9498752468098,1.25));
#14050=CARTESIAN_POINT('Origin',(-15.2,5.9498752468098,1.25));
#14051=CARTESIAN_POINT('',(-15.2,5.9498752468098,1.25));
#14052=CARTESIAN_POINT('',(-15.2,5.9498752468098,1.25));
#14053=CARTESIAN_POINT('',(-15.2,5.9498752468098,1.275));
#14054=CARTESIAN_POINT('',(-15.2,5.9498752468098,1.275));
#14055=CARTESIAN_POINT('',(-15.2,5.9498752468098,1.25));
#14056=CARTESIAN_POINT('Origin',(-15.2,5.05001637965406,1.25));
#14057=CARTESIAN_POINT('',(-15.2,5.05001637965406,1.25));
#14058=CARTESIAN_POINT('',(-15.2,5.05001637965406,1.275));
#14059=CARTESIAN_POINT('Origin',(-15.6,5.49994581323193,1.275));
#14060=CARTESIAN_POINT('Origin',(-15.6,5.49994581323193,1.25));
#14061=CARTESIAN_POINT('Origin',(-16.,15.1195903128374,1.25));
#14062=CARTESIAN_POINT('',(-16.,15.0500163796541,1.25));
#14063=CARTESIAN_POINT('',(-16.,15.1195903128374,1.25));
#14064=CARTESIAN_POINT('',(-16.,15.0500163796541,1.25));
#14065=CARTESIAN_POINT('',(-16.,15.0500163796541,1.275));
#14066=CARTESIAN_POINT('',(-16.,15.0500163796541,1.25));
#14067=CARTESIAN_POINT('',(-16.,15.1195903128374,1.275));
#14068=CARTESIAN_POINT('',(-16.,15.0500163796541,1.275));
#14069=CARTESIAN_POINT('',(-16.,15.1195903128374,1.25));
#14070=CARTESIAN_POINT('Origin',(-16.,15.4945903128374,1.25));
#14071=CARTESIAN_POINT('',(-16.,15.8695903128374,1.25));
#14072=CARTESIAN_POINT('Origin',(-16.,15.4945903128374,1.25));
#14073=CARTESIAN_POINT('',(-16.,15.8695903128374,1.275));
#14074=CARTESIAN_POINT('Origin',(-16.,15.4945903128374,1.275));
#14075=CARTESIAN_POINT('',(-16.,15.8695903128374,1.25));
#14076=CARTESIAN_POINT('Origin',(-16.,15.9498752468098,1.25));
#14077=CARTESIAN_POINT('',(-16.,15.9498752468098,1.25));
#14078=CARTESIAN_POINT('',(-16.,15.8695903128374,1.25));
#14079=CARTESIAN_POINT('',(-16.,15.9498752468098,1.275));
#14080=CARTESIAN_POINT('',(-16.,15.8695903128374,1.275));
#14081=CARTESIAN_POINT('',(-16.,15.9498752468098,1.25));
#14082=CARTESIAN_POINT('Origin',(-15.2,15.9498752468098,1.25));
#14083=CARTESIAN_POINT('',(-15.2,15.9498752468098,1.25));
#14084=CARTESIAN_POINT('',(-15.2,15.9498752468098,1.25));
#14085=CARTESIAN_POINT('',(-15.2,15.9498752468098,1.275));
#14086=CARTESIAN_POINT('',(-15.2,15.9498752468098,1.275));
#14087=CARTESIAN_POINT('',(-15.2,15.9498752468098,1.25));
#14088=CARTESIAN_POINT('Origin',(-15.2,15.0500163796541,1.25));
#14089=CARTESIAN_POINT('',(-15.2,15.0500163796541,1.25));
#14090=CARTESIAN_POINT('',(-15.2,15.0500163796541,1.25));
#14091=CARTESIAN_POINT('',(-15.2,15.0500163796541,1.275));
#14092=CARTESIAN_POINT('',(-15.2,15.0500163796541,1.275));
#14093=CARTESIAN_POINT('',(-15.2,15.0500163796541,1.25));
#14094=CARTESIAN_POINT('Origin',(-16.,15.0500163796541,1.25));
#14095=CARTESIAN_POINT('',(-16.,15.0500163796541,1.25));
#14096=CARTESIAN_POINT('',(-16.,15.0500163796541,1.275));
#14097=CARTESIAN_POINT('Origin',(-15.6,15.4999458132319,1.275));
#14098=CARTESIAN_POINT('Origin',(-15.6,15.4999458132319,1.25));
#14099=CARTESIAN_POINT('Origin',(-16.,7.05001637965406,1.25));
#14100=CARTESIAN_POINT('',(-16.,7.05001637965406,1.25));
#14101=CARTESIAN_POINT('',(-15.2,7.05001637965406,1.25));
#14102=CARTESIAN_POINT('',(-16.,7.05001637965406,1.25));
#14103=CARTESIAN_POINT('',(-15.2,7.05001637965406,1.275));
#14104=CARTESIAN_POINT('',(-15.2,7.05001637965406,1.25));
#14105=CARTESIAN_POINT('',(-16.,7.05001637965406,1.275));
#14106=CARTESIAN_POINT('',(-16.,7.05001637965406,1.275));
#14107=CARTESIAN_POINT('',(-16.,7.05001637965406,1.25));
#14108=CARTESIAN_POINT('Origin',(-16.,7.11959031283738,1.25));
#14109=CARTESIAN_POINT('',(-16.,7.11959031283738,1.25));
#14110=CARTESIAN_POINT('',(-16.,7.05001637965406,1.25));
#14111=CARTESIAN_POINT('',(-16.,7.11959031283738,1.275));
#14112=CARTESIAN_POINT('',(-16.,7.05001637965406,1.275));
#14113=CARTESIAN_POINT('',(-16.,7.11959031283738,1.25));
#14114=CARTESIAN_POINT('Origin',(-16.,7.49459031283738,1.25));
#14115=CARTESIAN_POINT('',(-16.,7.86959031283739,1.25));
#14116=CARTESIAN_POINT('Origin',(-16.,7.49459031283738,1.25));
#14117=CARTESIAN_POINT('',(-16.,7.86959031283739,1.275));
#14118=CARTESIAN_POINT('Origin',(-16.,7.49459031283738,1.275));
#14119=CARTESIAN_POINT('',(-16.,7.86959031283739,1.25));
#14120=CARTESIAN_POINT('Origin',(-16.,7.9498752468098,1.25));
#14121=CARTESIAN_POINT('',(-16.,7.9498752468098,1.25));
#14122=CARTESIAN_POINT('',(-16.,7.86959031283739,1.25));
#14123=CARTESIAN_POINT('',(-16.,7.9498752468098,1.275));
#14124=CARTESIAN_POINT('',(-16.,7.86959031283739,1.275));
#14125=CARTESIAN_POINT('',(-16.,7.9498752468098,1.25));
#14126=CARTESIAN_POINT('Origin',(-15.2,7.9498752468098,1.25));
#14127=CARTESIAN_POINT('',(-15.2,7.9498752468098,1.25));
#14128=CARTESIAN_POINT('',(-15.2,7.9498752468098,1.25));
#14129=CARTESIAN_POINT('',(-15.2,7.9498752468098,1.275));
#14130=CARTESIAN_POINT('',(-15.2,7.9498752468098,1.275));
#14131=CARTESIAN_POINT('',(-15.2,7.9498752468098,1.25));
#14132=CARTESIAN_POINT('Origin',(-15.2,7.05001637965406,1.25));
#14133=CARTESIAN_POINT('',(-15.2,7.05001637965406,1.25));
#14134=CARTESIAN_POINT('',(-15.2,7.05001637965406,1.275));
#14135=CARTESIAN_POINT('Origin',(-15.6,7.49994581323193,1.275));
#14136=CARTESIAN_POINT('Origin',(-15.6,7.49994581323193,1.25));
#14137=CARTESIAN_POINT('Origin',(-16.,9.11959031283738,1.25));
#14138=CARTESIAN_POINT('',(-16.,9.05001637965406,1.25));
#14139=CARTESIAN_POINT('',(-16.,9.11959031283738,1.25));
#14140=CARTESIAN_POINT('',(-16.,9.05001637965406,1.25));
#14141=CARTESIAN_POINT('',(-16.,9.05001637965406,1.275));
#14142=CARTESIAN_POINT('',(-16.,9.05001637965406,1.25));
#14143=CARTESIAN_POINT('',(-16.,9.11959031283738,1.275));
#14144=CARTESIAN_POINT('',(-16.,9.05001637965406,1.275));
#14145=CARTESIAN_POINT('',(-16.,9.11959031283738,1.25));
#14146=CARTESIAN_POINT('Origin',(-16.,9.49459031283738,1.25));
#14147=CARTESIAN_POINT('',(-16.,9.86959031283739,1.25));
#14148=CARTESIAN_POINT('Origin',(-16.,9.49459031283738,1.25));
#14149=CARTESIAN_POINT('',(-16.,9.86959031283739,1.275));
#14150=CARTESIAN_POINT('Origin',(-16.,9.49459031283738,1.275));
#14151=CARTESIAN_POINT('',(-16.,9.86959031283739,1.25));
#14152=CARTESIAN_POINT('Origin',(-16.,9.9498752468098,1.25));
#14153=CARTESIAN_POINT('',(-16.,9.9498752468098,1.25));
#14154=CARTESIAN_POINT('',(-16.,9.86959031283739,1.25));
#14155=CARTESIAN_POINT('',(-16.,9.9498752468098,1.275));
#14156=CARTESIAN_POINT('',(-16.,9.86959031283739,1.275));
#14157=CARTESIAN_POINT('',(-16.,9.9498752468098,1.25));
#14158=CARTESIAN_POINT('Origin',(-15.2,9.9498752468098,1.25));
#14159=CARTESIAN_POINT('',(-15.2,9.9498752468098,1.25));
#14160=CARTESIAN_POINT('',(-15.2,9.9498752468098,1.25));
#14161=CARTESIAN_POINT('',(-15.2,9.9498752468098,1.275));
#14162=CARTESIAN_POINT('',(-15.2,9.9498752468098,1.275));
#14163=CARTESIAN_POINT('',(-15.2,9.9498752468098,1.25));
#14164=CARTESIAN_POINT('Origin',(-15.2,9.05001637965406,1.25));
#14165=CARTESIAN_POINT('',(-15.2,9.05001637965406,1.25));
#14166=CARTESIAN_POINT('',(-15.2,9.05001637965406,1.25));
#14167=CARTESIAN_POINT('',(-15.2,9.05001637965406,1.275));
#14168=CARTESIAN_POINT('',(-15.2,9.05001637965406,1.275));
#14169=CARTESIAN_POINT('',(-15.2,9.05001637965406,1.25));
#14170=CARTESIAN_POINT('Origin',(-16.,9.05001637965406,1.25));
#14171=CARTESIAN_POINT('',(-16.,9.05001637965406,1.25));
#14172=CARTESIAN_POINT('',(-16.,9.05001637965406,1.275));
#14173=CARTESIAN_POINT('Origin',(-15.6,9.49994581323193,1.275));
#14174=CARTESIAN_POINT('Origin',(-15.6,9.49994581323193,1.25));
#14175=UNCERTAINTY_MEASURE_WITH_UNIT(LENGTH_MEASURE(0.01),#14179,
'DISTANCE_ACCURACY_VALUE',
'Maximum model space distance between geometric entities at asserted c
onnectivities');
#14176=UNCERTAINTY_MEASURE_WITH_UNIT(LENGTH_MEASURE(0.01),#14179,
'DISTANCE_ACCURACY_VALUE',
'Maximum model space distance between geometric entities at asserted c
onnectivities');
#14177=(
GEOMETRIC_REPRESENTATION_CONTEXT(3)
GLOBAL_UNCERTAINTY_ASSIGNED_CONTEXT((#14175))
GLOBAL_UNIT_ASSIGNED_CONTEXT((#14179,#14181,#14182))
REPRESENTATION_CONTEXT('','3D')
);
#14178=(
GEOMETRIC_REPRESENTATION_CONTEXT(3)
GLOBAL_UNCERTAINTY_ASSIGNED_CONTEXT((#14176))
GLOBAL_UNIT_ASSIGNED_CONTEXT((#14179,#14181,#14182))
REPRESENTATION_CONTEXT('','3D')
);
#14179=(
LENGTH_UNIT()
NAMED_UNIT(*)
SI_UNIT(.MILLI.,.METRE.)
);
#14180=(
LENGTH_UNIT()
NAMED_UNIT(*)
SI_UNIT($,.METRE.)
);
#14181=(
NAMED_UNIT(*)
PLANE_ANGLE_UNIT()
SI_UNIT($,.RADIAN.)
);
#14182=(
NAMED_UNIT(*)
SI_UNIT($,.STERADIAN.)
SOLID_ANGLE_UNIT()
);
#14183=SHAPE_DEFINITION_REPRESENTATION(#14184,#14185);
#14184=PRODUCT_DEFINITION_SHAPE('',$,#14187);
#14185=SHAPE_REPRESENTATION('',(#7907),#14177);
#14186=PRODUCT_DEFINITION_CONTEXT('part definition',#14191,'design');
#14187=PRODUCT_DEFINITION('(Non salvato)','(Non salvato)',#14188,#14186);
#14188=PRODUCT_DEFINITION_FORMATION('',$,#14193);
#14189=PRODUCT_RELATED_PRODUCT_CATEGORY('(Non salvato)','(Non salvato)',
(#14193));
#14190=APPLICATION_PROTOCOL_DEFINITION('international standard',
'ap242_managed_model_based_3d_engineering',2011,#14191);
#14191=APPLICATION_CONTEXT('Managed model based 3d engineering');
#14192=PRODUCT_CONTEXT('part definition',#14191,'mechanical');
#14193=PRODUCT('(Non salvato)','(Non salvato)',$,(#14192));
#14194=PRESENTATION_STYLE_ASSIGNMENT((#14198));
#14195=PRESENTATION_STYLE_ASSIGNMENT((#14199));
#14196=PRESENTATION_STYLE_ASSIGNMENT((#14200));
#14197=PRESENTATION_STYLE_ASSIGNMENT((#14201));
#14198=SURFACE_STYLE_USAGE(.BOTH.,#14202);
#14199=SURFACE_STYLE_USAGE(.BOTH.,#14203);
#14200=SURFACE_STYLE_USAGE(.BOTH.,#14204);
#14201=SURFACE_STYLE_USAGE(.BOTH.,#14205);
#14202=SURFACE_SIDE_STYLE('',(#14206));
#14203=SURFACE_SIDE_STYLE('',(#14207));
#14204=SURFACE_SIDE_STYLE('',(#14208));
#14205=SURFACE_SIDE_STYLE('',(#14209));
#14206=SURFACE_STYLE_FILL_AREA(#14210);
#14207=SURFACE_STYLE_FILL_AREA(#14211);
#14208=SURFACE_STYLE_FILL_AREA(#14212);
#14209=SURFACE_STYLE_FILL_AREA(#14213);
#14210=FILL_AREA_STYLE('Vernice - Smalto lucido (nero)',(#14214));
#14211=FILL_AREA_STYLE('Oro - Lucidato',(#14215));
#14212=FILL_AREA_STYLE('Alluminio - Anodizzato ruvido (grigio)',(#14216));
#14213=FILL_AREA_STYLE('LED - SMD 3528 - 8lm (bianco)',(#14217));
#14214=FILL_AREA_STYLE_COLOUR('Vernice - Smalto lucido (nero)',#14218);
#14215=FILL_AREA_STYLE_COLOUR('Oro - Lucidato',#14219);
#14216=FILL_AREA_STYLE_COLOUR('Alluminio - Anodizzato ruvido (grigio)',
#14220);
#14217=FILL_AREA_STYLE_COLOUR('LED - SMD 3528 - 8lm (bianco)',#14221);
#14218=COLOUR_RGB('Vernice - Smalto lucido (nero)',0.0980392156862745,0.0980392156862745,
0.0980392156862745);
#14219=COLOUR_RGB('Oro - Lucidato',0.956862745098039,0.898039215686275,
0.654901960784314);
#14220=COLOUR_RGB('Alluminio - Anodizzato ruvido (grigio)',0.537254901960784,
0.537254901960784,0.537254901960784);
#14221=COLOUR_RGB('LED - SMD 3528 - 8lm (bianco)',0.929411764705882,0.929411764705882,
0.929411764705882);
ENDSEC;
END-ISO-10303-21;
